post_id,timestamp,email,post_type,post_audience,active_subscription
169371754,2025-07-29T05:03:23.606Z,orante.info@gmail.com,newsletter,everyone,false
169371754,2025-07-29T05:03:25.944Z,virginie.blazy@gmail.com,newsletter,everyone,true
169371754,2025-07-29T05:03:26.180Z,france.pittoresque@gmail.com,newsletter,everyone,true
169371754,2025-07-29T05:03:27.327Z,somialvi@gmail.com,newsletter,everyone,true
169371754,2025-07-29T05:03:27.434Z,soeur.edenpjs@gmail.com,newsletter,everyone,true
169371754,2025-07-29T05:03:29.046Z,fabienne.bastien1234@gmail.com,newsletter,everyone,true
