post_id,timestamp,email,post_type,post_audience,active_subscription
169441394,2025-08-01T05:06:18.597Z,mfmtrainer00@gmail.com,newsletter,everyone,true
169441394,2025-08-01T05:06:20.556Z,virginie.blazy@gmail.com,newsletter,everyone,true
169441394,2025-08-01T05:06:20.596Z,france.pittoresque@gmail.com,newsletter,everyone,true
169441394,2025-08-01T05:06:21.195Z,alethdefonscolombe@gmail.com,newsletter,everyone,true
169441394,2025-08-01T05:06:21.299Z,fabienne.bastien1234@gmail.com,newsletter,everyone,true
169441394,2025-08-01T05:06:22.195Z,laetitiadebard64@gmail.com,newsletter,everyone,true
169441394,2025-08-01T05:06:22.284Z,marina_koizan@yahoo.fr,newsletter,everyone,true
169441394,2025-08-01T05:06:23.100Z,somialvi@gmail.com,newsletter,everyone,true
169441394,2025-08-01T05:06:23.776Z,matthieuchaudun@protonmail.com,newsletter,everyone,true
169441394,2025-08-01T05:06:24.117Z,agnesriviere@hotmail.com,newsletter,everyone,true
169441394,2025-08-01T05:06:26.789Z,patriciababled@icloud.com,newsletter,everyone,true
