post_id,timestamp,email,post_type,post_audience,active_subscription
169447351,2025-08-02T05:03:34.897Z,mfmtrainer00@gmail.com,newsletter,everyone,true
169447351,2025-08-02T05:03:36.183Z,virginie.blazy@gmail.com,newsletter,everyone,true
169447351,2025-08-02T05:03:36.808Z,alethdefonscolombe@gmail.com,newsletter,everyone,true
169447351,2025-08-02T05:03:36.979Z,france.pittoresque@gmail.com,newsletter,everyone,true
169447351,2025-08-02T05:03:37.319Z,fabienne.bastien1234@gmail.com,newsletter,everyone,true
169447351,2025-08-02T05:03:37.528Z,pierre.doat@gmail.com,newsletter,everyone,true
169447351,2025-08-02T05:03:37.688Z,lucilesarda38@gmail.com,newsletter,everyone,true
169447351,2025-08-02T05:03:37.765Z,laetitiadebard64@gmail.com,newsletter,everyone,true
169447351,2025-08-02T05:03:37.795Z,somialvi@gmail.com,newsletter,everyone,true
169447351,2025-08-02T05:03:38.044Z,agnesriviere@hotmail.com,newsletter,everyone,true
169447351,2025-08-02T05:03:38.448Z,etxea.dolce@gmail.com,newsletter,everyone,true
169447351,2025-08-02T05:03:38.924Z,josie.aphatie@orange.fr,newsletter,everyone,true
169447351,2025-08-02T05:03:38.981Z,marina_koizan@yahoo.fr,newsletter,everyone,true
169447351,2025-08-02T05:03:39.133Z,achard.luc@wanadoo.fr,newsletter,everyone,true
169447351,2025-08-02T05:03:39.944Z,matthieuchaudun@protonmail.com,newsletter,everyone,true
169447351,2025-08-02T05:03:41.437Z,liliane.darpeix@orange.fr,newsletter,everyone,true
169447351,2025-08-02T05:03:42.846Z,patriciababled@icloud.com,newsletter,everyone,true
169447351,2025-08-02T05:03:43.999Z,agnes.lagrolet@orange.fr,newsletter,everyone,true
