post_id,timestamp,email,post_type,post_audience,active_subscription
169431739,2025-07-30T05:05:29.154Z,orante.info@gmail.com,newsletter,everyone,false
169431739,2025-07-30T05:05:29.955Z,france.pittoresque@gmail.com,newsletter,everyone,true
169431739,2025-07-30T05:05:30.332Z,virginie.blazy@gmail.com,newsletter,everyone,true
169431739,2025-07-30T05:05:30.673Z,fabienne.bastien1234@gmail.com,newsletter,everyone,true
169431739,2025-07-30T05:05:30.699Z,somialvi@gmail.com,newsletter,everyone,true
169431739,2025-07-30T05:05:33.567Z,matthieuchaudun@protonmail.com,newsletter,everyone,true
