post_id,timestamp,email,post_type,post_audience,active_subscription
169433855,2025-07-31T05:03:16.305Z,france.pittoresque@gmail.com,newsletter,everyone,true
169433855,2025-07-31T05:03:16.553Z,virginie.blazy@gmail.com,newsletter,everyone,true
169433855,2025-07-31T05:03:17.175Z,fabienne.bastien1234@gmail.com,newsletter,everyone,true
169433855,2025-07-31T05:03:18.361Z,laetitiadebard64@gmail.com,newsletter,everyone,true
169433855,2025-07-31T05:03:18.957Z,somialvi@gmail.com,newsletter,everyone,true
169433855,2025-07-31T05:03:19.878Z,matthieuchaudun@protonmail.com,newsletter,everyone,true
