post_id,timestamp,email,post_type,post_audience,active_subscription
169579928,2025-08-03T05:42:49.725Z,mfmtrainer00@gmail.com,newsletter,everyone,true
169579928,2025-08-03T05:42:50.105Z,france.pittoresque@gmail.com,newsletter,everyone,true
169579928,2025-08-03T05:42:50.986Z,virginie.blazy@gmail.com,newsletter,everyone,true
169579928,2025-08-03T05:42:51.113Z,fabienne.bastien1234@gmail.com,newsletter,everyone,true
169579928,2025-08-03T05:42:51.116Z,alethdefonscolombe@gmail.com,newsletter,everyone,true
169579928,2025-08-03T05:42:51.160Z,somialvi@gmail.com,newsletter,everyone,true
169579928,2025-08-03T05:42:51.444Z,lucilesarda38@gmail.com,newsletter,everyone,true
169579928,2025-08-03T05:42:51.642Z,pierre.doat@gmail.com,newsletter,everyone,true
169579928,2025-08-03T05:42:51.789Z,laetitiadebard64@gmail.com,newsletter,everyone,true
169579928,2025-08-03T05:42:51.875Z,laurence.poulot71@gmail.com,newsletter,everyone,true
169579928,2025-08-03T05:42:52.083Z,nicolas.morisson.51@gmail.com,newsletter,everyone,true
169579928,2025-08-03T05:42:52.279Z,piluca.baledent@orange.fr,newsletter,everyone,true
169579928,2025-08-03T05:42:52.486Z,marina_koizan@yahoo.fr,newsletter,everyone,true
169579928,2025-08-03T05:42:52.501Z,sixtine.lamiot@hotmail.fr,newsletter,everyone,true
169579928,2025-08-03T05:42:52.557Z,patriciababled@icloud.com,newsletter,everyone,true
169579928,2025-08-03T05:42:52.855Z,etxea.dolce@gmail.com,newsletter,everyone,true
169579928,2025-08-03T05:42:52.907Z,josie.aphatie@orange.fr,newsletter,everyone,true
169579928,2025-08-03T05:42:52.908Z,carolinedouais@yahoo.fr,newsletter,everyone,true
169579928,2025-08-03T05:42:52.942Z,tonylife09@gmail.com,newsletter,everyone,true
169579928,2025-08-03T05:42:53.174Z,ebaledent@orange.fr,newsletter,everyone,true
169579928,2025-08-03T05:42:53.222Z,agnesriviere@hotmail.com,newsletter,everyone,true
169579928,2025-08-03T05:42:53.231Z,michelgarat1@wanadoo.fr,newsletter,everyone,true
169579928,2025-08-03T05:42:53.660Z,matthieuchaudun@protonmail.com,newsletter,everyone,true
169579928,2025-08-03T05:42:56.777Z,achard.luc@wanadoo.fr,newsletter,everyone,true
169579928,2025-08-03T05:42:57.188Z,agnes.lagrolet@orange.fr,newsletter,everyone,true
169579928,2025-08-03T05:42:57.835Z,liliane.darpeix@orange.fr,newsletter,everyone,true
