post_id,timestamp,email,post_type,post_audience,active_subscription
169582236,2025-08-04T03:32:24.198Z,mfmtrainer00@gmail.com,newsletter,everyone,true
169582236,2025-08-04T03:32:24.306Z,france.pittoresque@gmail.com,newsletter,everyone,true
169582236,2025-08-04T03:32:25.122Z,alethdefonscolombe@gmail.com,newsletter,everyone,true
169582236,2025-08-04T03:32:25.832Z,somialvi@gmail.com,newsletter,everyone,true
169582236,2025-08-04T03:32:25.866Z,virginie.blazy@gmail.com,newsletter,everyone,true
169582236,2025-08-04T03:32:26.009Z,laurence.poulot71@gmail.com,newsletter,everyone,true
169582236,2025-08-04T03:32:26.128Z,lucilesarda38@gmail.com,newsletter,everyone,true
169582236,2025-08-04T03:32:26.322Z,pierre.doat@gmail.com,newsletter,everyone,true
169582236,2025-08-04T03:32:26.718Z,etxea.dolce@gmail.com,newsletter,everyone,true
169582236,2025-08-04T03:32:26.838Z,michelgarat1@wanadoo.fr,newsletter,everyone,true
169582236,2025-08-04T03:32:27.122Z,ebaledent@orange.fr,newsletter,everyone,true
169582236,2025-08-04T03:32:27.171Z,carolinedouais@yahoo.fr,newsletter,everyone,true
169582236,2025-08-04T03:32:27.246Z,josie.aphatie@orange.fr,newsletter,everyone,true
169582236,2025-08-04T03:32:27.268Z,nicolas.morisson.51@gmail.com,newsletter,everyone,true
169582236,2025-08-04T03:32:27.293Z,fabienne.bastien1234@gmail.com,newsletter,everyone,true
169582236,2025-08-04T03:32:27.318Z,liliane.darpeix@orange.fr,newsletter,everyone,true
169582236,2025-08-04T03:32:27.517Z,achard.luc@wanadoo.fr,newsletter,everyone,true
169582236,2025-08-04T03:32:27.563Z,sixtine.lamiot@hotmail.fr,newsletter,everyone,true
169582236,2025-08-04T03:32:27.631Z,laetitiadebard64@gmail.com,newsletter,everyone,true
169582236,2025-08-04T03:32:27.699Z,marina_koizan@yahoo.fr,newsletter,everyone,true
169582236,2025-08-04T03:32:28.186Z,matthieuchaudun@protonmail.com,newsletter,everyone,true
169582236,2025-08-04T03:32:28.298Z,agnesriviere@hotmail.com,newsletter,everyone,true
169582236,2025-08-04T03:32:28.384Z,piluca.baledent@orange.fr,newsletter,everyone,true
169582236,2025-08-04T03:32:31.874Z,patriciababled@icloud.com,newsletter,everyone,true
169582236,2025-08-04T03:32:32.172Z,agnes.lagrolet@orange.fr,newsletter,everyone,true
