post_id,timestamp,email,post_type,post_audience,active_subscription
169731481,2025-08-07T03:13:12.424Z,mfmtrainer00@gmail.com,newsletter,everyone,true
169731481,2025-08-07T03:13:14.520Z,somialvi@gmail.com,newsletter,everyone,true
169731481,2025-08-07T03:13:14.639Z,lucreceamigues@gmail.com,newsletter,everyone,true
169731481,2025-08-07T03:13:14.734Z,fabienne.bastien1234@gmail.com,newsletter,everyone,true
169731481,2025-08-07T03:13:14.790Z,martine.conqueret@gmail.com,newsletter,everyone,true
169731481,2025-08-07T03:13:14.823Z,virginie.blazy@gmail.com,newsletter,everyone,true
169731481,2025-08-07T03:13:14.875Z,hiriartclement@gmail.com,newsletter,everyone,true
169731481,2025-08-07T03:13:14.996Z,france.pittoresque@gmail.com,newsletter,everyone,true
169731481,2025-08-07T03:13:15.112Z,laetitiadebard64@gmail.com,newsletter,everyone,true
169731481,2025-08-07T03:13:15.193Z,pierre.doat@gmail.com,newsletter,everyone,true
169731481,2025-08-07T03:13:15.802Z,alethdefonscolombe@gmail.com,newsletter,everyone,true
169731481,2025-08-07T03:13:15.856Z,hanna.gas@laposte.net,newsletter,everyone,true
169731481,2025-08-07T03:13:16.085Z,lucilesarda38@gmail.com,newsletter,everyone,true
169731481,2025-08-07T03:13:16.121Z,achard.luc@wanadoo.fr,newsletter,everyone,true
169731481,2025-08-07T03:13:16.294Z,bruno.l.gas@gmail.com,newsletter,everyone,true
169731481,2025-08-07T03:13:17.228Z,matthieuchaudun@protonmail.com,newsletter,everyone,true
169731481,2025-08-07T03:13:17.651Z,agnes.lagrolet@orange.fr,newsletter,everyone,true
169731481,2025-08-07T03:13:18.880Z,patriciababled@icloud.com,newsletter,everyone,true
