post_id,timestamp,email,post_type,post_audience,active_subscription
169745585,2025-07-31T12:42:55.031Z,virginie.blazy@gmail.com,newsletter,everyone,true
169745585,2025-07-31T12:42:55.140Z,france.pittoresque@gmail.com,newsletter,everyone,true
169745585,2025-07-31T12:42:55.827Z,somialvi@gmail.com,newsletter,everyone,true
169745585,2025-07-31T12:42:56.041Z,fabienne.bastien1234@gmail.com,newsletter,everyone,true
169745585,2025-07-31T12:42:56.505Z,laetitiadebard64@gmail.com,newsletter,everyone,true
169745585,2025-07-31T12:42:56.675Z,marina_koizan@yahoo.fr,newsletter,everyone,true
169745585,2025-07-31T12:42:56.737Z,veroturbetdelof@gmail.com,newsletter,everyone,true
169745585,2025-07-31T12:42:57.359Z,alethdefonscolombe@gmail.com,newsletter,everyone,true
169745585,2025-07-31T12:42:58.250Z,matthieuchaudun@protonmail.com,newsletter,everyone,true
169745585,2025-07-31T12:42:59.381Z,agnesriviere@hotmail.com,newsletter,everyone,true
169745585,2025-07-31T12:43:00.652Z,patriciababled@icloud.com,newsletter,everyone,true
