post_id,timestamp,email,post_type,post_audience,active_subscription
169728928,2025-08-05T03:30:45.302Z,mfmtrainer00@gmail.com,newsletter,everyone,true
169728928,2025-08-05T03:30:45.427Z,france.pittoresque@gmail.com,newsletter,everyone,true
169728928,2025-08-05T03:30:46.793Z,virginie.blazy@gmail.com,newsletter,everyone,true
169728928,2025-08-05T03:30:46.925Z,laetitiadebard64@gmail.com,newsletter,everyone,true
169728928,2025-08-05T03:30:47.120Z,pierre.doat@gmail.com,newsletter,everyone,true
169728928,2025-08-05T03:30:47.177Z,lucreceamigues@gmail.com,newsletter,everyone,true
169728928,2025-08-05T03:30:47.227Z,hiriartclement@gmail.com,newsletter,everyone,true
169728928,2025-08-05T03:30:47.262Z,alethdefonscolombe@gmail.com,newsletter,everyone,true
169728928,2025-08-05T03:30:47.270Z,somialvi@gmail.com,newsletter,everyone,true
169728928,2025-08-05T03:30:47.337Z,bruno.l.gas@gmail.com,newsletter,everyone,true
169728928,2025-08-05T03:30:47.337Z,martine.conqueret@gmail.com,newsletter,everyone,true
169728928,2025-08-05T03:30:47.441Z,patriciababled@icloud.com,newsletter,everyone,true
169728928,2025-08-05T03:30:47.538Z,lucilesarda38@gmail.com,newsletter,everyone,true
169728928,2025-08-05T03:30:48.212Z,fabienne.bastien1234@gmail.com,newsletter,everyone,true
169728928,2025-08-05T03:30:48.297Z,gabriella.daher@free.fr,newsletter,everyone,true
169728928,2025-08-05T03:30:48.307Z,agnes.lagrolet@orange.fr,newsletter,everyone,true
169728928,2025-08-05T03:30:48.516Z,hanna.gas@laposte.net,newsletter,everyone,true
169728928,2025-08-05T03:30:48.650Z,matthieuchaudun@protonmail.com,newsletter,everyone,true
169728928,2025-08-05T03:30:49.052Z,achard.luc@wanadoo.fr,newsletter,everyone,true
169728928,2025-08-05T03:30:49.318Z,ephrem.daher@free.fr,newsletter,everyone,true
