post_id,timestamp,email,post_type,post_audience,active_subscription
169730910,2025-08-06T03:32:24.581Z,mfmtrainer00@gmail.com,newsletter,everyone,true
169730910,2025-08-06T03:32:25.429Z,virginie.blazy@gmail.com,newsletter,everyone,true
169730910,2025-08-06T03:32:25.775Z,france.pittoresque@gmail.com,newsletter,everyone,true
169730910,2025-08-06T03:32:27.435Z,alethdefonscolombe@gmail.com,newsletter,everyone,true
169730910,2025-08-06T03:32:27.578Z,fabienne.bastien1234@gmail.com,newsletter,everyone,true
169730910,2025-08-06T03:32:27.616Z,somialvi@gmail.com,newsletter,everyone,true
169730910,2025-08-06T03:32:27.809Z,hiriartclement@gmail.com,newsletter,everyone,true
169730910,2025-08-06T03:32:27.912Z,laetitiadebard64@gmail.com,newsletter,everyone,true
169730910,2025-08-06T03:32:28.035Z,lucreceamigues@gmail.com,newsletter,everyone,true
169730910,2025-08-06T03:32:28.082Z,bruno.l.gas@gmail.com,newsletter,everyone,true
169730910,2025-08-06T03:32:28.943Z,agnes.lagrolet@orange.fr,newsletter,everyone,true
169730910,2025-08-06T03:32:28.956Z,martine.conqueret@gmail.com,newsletter,everyone,true
169730910,2025-08-06T03:32:29.092Z,achard.luc@wanadoo.fr,newsletter,everyone,true
169730910,2025-08-06T03:32:29.175Z,lucilesarda38@gmail.com,newsletter,everyone,true
169730910,2025-08-06T03:32:30.241Z,pierre.doat@gmail.com,newsletter,everyone,true
169730910,2025-08-06T03:32:30.645Z,patriciababled@icloud.com,newsletter,everyone,true
169730910,2025-08-06T03:32:31.206Z,matthieuchaudun@protonmail.com,newsletter,everyone,true
169730910,2025-08-06T03:32:34.452Z,hanna.gas@laposte.net,newsletter,everyone,true
