post_id,timestamp,email,post_type,post_audience,active_subscription,country,city,region,device_type,client_os,client_type,user_agent
169731481,2025-08-07T03:34:10.157Z,pierre.doat@gmail.com,newsletter,everyone,true,US,,,,,,Mozilla/5.0
169731481,2025-08-07T04:06:08.949Z,laetitiadebard64@gmail.com,newsletter,everyone,true,US,,,,,,Mozilla/5.0 (Windows NT 5.1; rv:11.0) Gecko Firefox/11.0 (via ggpht.com GoogleImageProxy)
169731481,2025-08-07T04:57:30.897Z,patriciababled@icloud.com,newsletter,everyone,true,US,,,,,,Mozilla/5.0
169731481,2025-08-07T05:26:12.035Z,somialvi@gmail.com,newsletter,everyone,true,FR,,,,,,Mozilla/5.0 (Windows NT 10.0; Win64; x64; rv:141.0) Gecko/20100101 Thunderbird/141.0
169731481,2025-08-07T05:59:15.434Z,lucreceamigues@gmail.com,newsletter,everyone,true,US,,,,,,Mozilla/5.0 (Windows NT 5.1; rv:11.0) Gecko Firefox/11.0 (via ggpht.com GoogleImageProxy)
169731481,2025-08-07T06:02:06.902Z,lucreceamigues@gmail.com,newsletter,everyone,true,US,,,,,,Mozilla/5.0 (Windows NT 5.1; rv:11.0) Gecko Firefox/11.0 (via ggpht.com GoogleImageProxy)
169731481,2025-08-07T06:02:22.541Z,lucreceamigues@gmail.com,newsletter,everyone,true,US,,,,,,Mozilla/5.0 (Windows NT 5.1; rv:11.0) Gecko Firefox/11.0 (via ggpht.com GoogleImageProxy)
169731481,2025-08-07T06:04:36.037Z,lucreceamigues@gmail.com,newsletter,everyone,true,US,,,,,,Mozilla/5.0 (Windows NT 5.1; rv:11.0) Gecko Firefox/11.0 (via ggpht.com GoogleImageProxy)
169731481,2025-08-07T06:04:37.853Z,lucreceamigues@gmail.com,newsletter,everyone,true,US,,,,,,Mozilla/5.0 (Windows NT 5.1; rv:11.0) Gecko Firefox/11.0 (via ggpht.com GoogleImageProxy)
169731481,2025-08-07T06:05:16.492Z,lucreceamigues@gmail.com,newsletter,everyone,true,US,,,,,,Mozilla/5.0 (Windows NT 5.1; rv:11.0) Gecko Firefox/11.0 (via ggpht.com GoogleImageProxy)
169731481,2025-08-07T06:05:17.808Z,lucreceamigues@gmail.com,newsletter,everyone,true,US,,,,,,Mozilla/5.0 (Windows NT 5.1; rv:11.0) Gecko Firefox/11.0 (via ggpht.com GoogleImageProxy)
169731481,2025-08-07T06:05:43.048Z,lucreceamigues@gmail.com,newsletter,everyone,true,US,,,,,,Mozilla/5.0 (Windows NT 5.1; rv:11.0) Gecko Firefox/11.0 (via ggpht.com GoogleImageProxy)
169731481,2025-08-07T06:05:44.481Z,lucreceamigues@gmail.com,newsletter,everyone,true,US,,,,,,Mozilla/5.0 (Windows NT 5.1; rv:11.0) Gecko Firefox/11.0 (via ggpht.com GoogleImageProxy)
169731481,2025-08-07T06:08:50.769Z,lucreceamigues@gmail.com,newsletter,everyone,true,US,,,,,,Mozilla/5.0 (Windows NT 5.1; rv:11.0) Gecko Firefox/11.0 (via ggpht.com GoogleImageProxy)
169731481,2025-08-07T06:10:21.393Z,lucreceamigues@gmail.com,newsletter,everyone,true,US,,,,,,Mozilla/5.0 (Windows NT 5.1; rv:11.0) Gecko Firefox/11.0 (via ggpht.com GoogleImageProxy)
169731481,2025-08-07T06:10:22.908Z,lucreceamigues@gmail.com,newsletter,everyone,true,US,,,,,,Mozilla/5.0 (Windows NT 5.1; rv:11.0) Gecko Firefox/11.0 (via ggpht.com GoogleImageProxy)
169731481,2025-08-07T06:23:10.979Z,bruno.l.gas@gmail.com,newsletter,everyone,true,US,,,,,,Mozilla/5.0 (Windows NT 5.1; rv:11.0) Gecko Firefox/11.0 (via ggpht.com GoogleImageProxy)
169731481,2025-08-07T06:52:21.411Z,alethdefonscolombe@gmail.com,newsletter,everyone,true,US,,,,,,Mozilla/5.0 (Windows NT 5.1; rv:11.0) Gecko Firefox/11.0 (via ggpht.com GoogleImageProxy)
169731481,2025-08-07T08:54:19.624Z,pierre.doat@gmail.com,newsletter,everyone,true,FR,,,,,,Mozilla/5.0
169731481,2025-08-07T09:57:50.561Z,france.pittoresque@gmail.com,newsletter,everyone,true,FR,,,,,,Mozilla/5.0 (Windows NT 10.0; Win64; x64; rv:140.0) Gecko/20100101 Thunderbird/140.1.0
169731481,2025-08-07T10:00:26.226Z,france.pittoresque@gmail.com,newsletter,everyone,true,FR,,,,,,Mozilla/5.0 (Windows NT 10.0; Win64; x64; rv:140.0) Gecko/20100101 Thunderbird/140.1.0
169731481,2025-08-07T10:38:41.780Z,laetitiadebard64@gmail.com,newsletter,everyone,true,US,,,,,,Mozilla/5.0 (Windows NT 5.1; rv:11.0) Gecko Firefox/11.0 (via ggpht.com GoogleImageProxy)
169731481,2025-08-07T13:27:34.056Z,laetitiadebard64@gmail.com,newsletter,everyone,true,US,,,,,,Mozilla/5.0 (Windows NT 5.1; rv:11.0) Gecko Firefox/11.0 (via ggpht.com GoogleImageProxy)
169731481,2025-08-07T13:27:38.313Z,laetitiadebard64@gmail.com,newsletter,everyone,true,US,,,,,,Mozilla/5.0 (Windows NT 5.1; rv:11.0) Gecko Firefox/11.0 (via ggpht.com GoogleImageProxy)
169731481,2025-08-10T00:49:13.593Z,hiriartclement@gmail.com,newsletter,everyone,true,FR,,,,,,Mozilla/5.0
169731481,2025-08-28T10:03:45.146Z,patriciababled@icloud.com,newsletter,everyone,true,US,,,,,,Mozilla/5.0
