post_id,timestamp,email,post_type,post_audience,active_subscription
169909958,2025-08-08T03:39:03.380Z,mfmtrainer00@gmail.com,newsletter,everyone,true
169909958,2025-08-08T03:39:03.851Z,virginie.blazy@gmail.com,newsletter,everyone,true
169909958,2025-08-08T03:39:04.676Z,somialvi@gmail.com,newsletter,everyone,true
169909958,2025-08-08T03:39:04.773Z,fabienne.bastien1234@gmail.com,newsletter,everyone,true
169909958,2025-08-08T03:39:05.117Z,lucilesarda38@gmail.com,newsletter,everyone,true
169909958,2025-08-08T03:39:05.119Z,lucreceamigues@gmail.com,newsletter,everyone,true
169909958,2025-08-08T03:39:05.179Z,alethdefonscolombe@gmail.com,newsletter,everyone,true
169909958,2025-08-08T03:39:05.181Z,hiriartclement@gmail.com,newsletter,everyone,true
169909958,2025-08-08T03:39:05.237Z,martine.conqueret@gmail.com,newsletter,everyone,true
169909958,2025-08-08T03:39:05.602Z,patriciababled@icloud.com,newsletter,everyone,true
169909958,2025-08-08T03:39:05.727Z,bruno.l.gas@gmail.com,newsletter,everyone,true
169909958,2025-08-08T03:39:05.876Z,laetitiadebard64@gmail.com,newsletter,everyone,true
169909958,2025-08-08T03:39:06.004Z,pierre.doat@gmail.com,newsletter,everyone,true
169909958,2025-08-08T03:39:06.158Z,matthieuchaudun@protonmail.com,newsletter,everyone,true
169909958,2025-08-08T03:39:06.259Z,achard.luc@wanadoo.fr,newsletter,everyone,true
169909958,2025-08-08T03:39:06.415Z,france.pittoresque@gmail.com,newsletter,everyone,true
169909958,2025-08-08T03:39:06.570Z,agnes.lagrolet@orange.fr,newsletter,everyone,true
169909958,2025-08-08T03:39:07.440Z,hanna.gas@laposte.net,newsletter,everyone,true
169909958,2025-08-08T03:39:08.141Z,abbeaym@gmail.com,newsletter,everyone,true
169909958,2025-08-08T03:39:08.252Z,aamayon@gmail.com,newsletter,everyone,true
169909958,2025-08-08T03:39:08.271Z,abbedaigremont@gmail.com,newsletter,everyone,true
169909958,2025-08-08T03:39:08.385Z,almrineau@gmail.com,newsletter,everyone,true
169909958,2025-08-08T03:39:08.407Z,paulmarie.boutin@gmail.com,newsletter,everyone,true
169909958,2025-08-08T03:39:08.889Z,louislegrelle@gmail.com,newsletter,everyone,true
169909958,2025-08-08T03:39:09.016Z,abbepichon@gmail.com,newsletter,everyone,true
169909958,2025-08-08T03:39:09.230Z,abbeaxelmehrkens@orange.fr,newsletter,everyone,true
169909958,2025-08-08T03:39:09.420Z,fdamay@yahoo.fr,newsletter,everyone,true
169909958,2025-08-08T03:39:09.457Z,mfranc@csm.fr,newsletter,everyone,true
169909958,2025-08-08T03:39:09.999Z,louislfrecon@hotmail.com,newsletter,everyone,true
169909958,2025-08-08T03:39:10.134Z,fabasphil@yahoo.fr,newsletter,everyone,true
169909958,2025-08-08T03:39:14.435Z,avpinilla@laposte.net,newsletter,everyone,true
