post_id,timestamp,email,post_type,post_audience,active_subscription,country,city,region,device_type,client_os,client_type,user_agent
169937571,2025-08-09T03:49:18.443Z,pierre.doat@gmail.com,newsletter,everyone,true,US,,,,,,Mozilla/5.0
169937571,2025-08-09T03:58:24.324Z,pierre.doat@gmail.com,newsletter,everyone,true,FR,,,,,,Mozilla/5.0
169937571,2025-08-09T04:39:33.982Z,mfranc@csm.fr,newsletter,everyone,true,US,,,,,,Mozilla/5.0
169937571,2025-08-09T04:48:48.152Z,somialvi@gmail.com,newsletter,everyone,true,US,,,,,,Mozilla/5.0 (Windows NT 5.1; rv:11.0) Gecko Firefox/11.0 (via ggpht.com GoogleImageProxy)
169937571,2025-08-09T04:49:34.978Z,somialvi@gmail.com,newsletter,everyone,true,US,,,,,,Mozilla/5.0 (Windows NT 5.1; rv:11.0) Gecko Firefox/11.0 (via ggpht.com GoogleImageProxy)
169937571,2025-08-09T05:44:54.175Z,patriciababled@icloud.com,newsletter,everyone,true,US,,,,,,Mozilla/5.0
169937571,2025-08-09T08:02:04.034Z,somialvi@gmail.com,newsletter,everyone,true,FR,,,,,,Mozilla/5.0 (Windows NT 10.0; Win64; x64; rv:141.0) Gecko/20100101 Thunderbird/141.0
169937571,2025-08-09T08:53:31.013Z,france.pittoresque@gmail.com,newsletter,everyone,true,FR,,,,,,Mozilla/5.0 (Windows NT 10.0; Win64; x64; rv:140.0) Gecko/20100101 Thunderbird/140.1.0
169937571,2025-08-09T11:00:07.221Z,louislegrelle@gmail.com,newsletter,everyone,true,FR,,,,,,Mozilla/5.0
169937571,2025-08-09T11:44:37.504Z,pierre.doat@gmail.com,newsletter,everyone,true,FR,,,,,,Mozilla/5.0
169937571,2025-08-09T17:40:38.655Z,abbeaym@gmail.com,newsletter,everyone,true,US,,,,,,Mozilla/5.0 (Windows NT 5.1; rv:11.0) Gecko Firefox/11.0 (via ggpht.com GoogleImageProxy)
169937571,2025-08-09T21:31:59.161Z,paulmarie.boutin@gmail.com,newsletter,everyone,true,US,,,,,,Mozilla/5.0 (Windows NT 5.1; rv:11.0) Gecko Firefox/11.0 (via ggpht.com GoogleImageProxy)
169937571,2025-08-10T00:49:13.594Z,hiriartclement@gmail.com,newsletter,everyone,true,FR,,,,,,Mozilla/5.0
169937571,2025-08-10T03:37:04.510Z,lucilesarda38@gmail.com,newsletter,everyone,true,US,,,,,,Mozilla/5.0 (Windows NT 5.1; rv:11.0) Gecko Firefox/11.0 (via ggpht.com GoogleImageProxy)
169937571,2025-08-10T06:54:50.279Z,bruno.l.gas@gmail.com,newsletter,everyone,true,US,,,,,,Mozilla/5.0 (Windows NT 5.1; rv:11.0) Gecko Firefox/11.0 (via ggpht.com GoogleImageProxy)
169937571,2025-08-10T06:54:52.293Z,bruno.l.gas@gmail.com,newsletter,everyone,true,US,,,,,,Mozilla/5.0 (Windows NT 5.1; rv:11.0) Gecko Firefox/11.0 (via ggpht.com GoogleImageProxy)
169937571,2025-08-10T12:30:03.922Z,france.pittoresque@gmail.com,newsletter,everyone,true,FR,,,,,,Mozilla/5.0 (Windows NT 10.0; Win64; x64; rv:140.0) Gecko/20100101 Thunderbird/140.1.0
169937571,2025-08-10T13:23:22.963Z,lucilesarda38@gmail.com,newsletter,everyone,true,US,,,,,,Mozilla/5.0 (Windows NT 5.1; rv:11.0) Gecko Firefox/11.0 (via ggpht.com GoogleImageProxy)
169937571,2025-08-10T16:51:49.775Z,lucilesarda38@gmail.com,newsletter,everyone,true,US,,,,,,Mozilla/5.0 (Windows NT 5.1; rv:11.0) Gecko Firefox/11.0 (via ggpht.com GoogleImageProxy)
169937571,2025-08-11T08:27:00.867Z,almrineau@gmail.com,newsletter,everyone,true,US,,,,,,Mozilla/5.0
169937571,2025-08-12T03:28:15.622Z,lucilesarda38@gmail.com,newsletter,everyone,true,US,,,,,,Mozilla/5.0 (Windows NT 5.1; rv:11.0) Gecko Firefox/11.0 (via ggpht.com GoogleImageProxy)
169937571,2025-08-12T09:08:33.504Z,lucreceamigues@gmail.com,newsletter,everyone,true,US,,,,,,Mozilla/5.0 (Windows NT 5.1; rv:11.0) Gecko Firefox/11.0 (via ggpht.com GoogleImageProxy)
169937571,2025-08-14T11:16:25.167Z,abbedaigremont@gmail.com,newsletter,everyone,true,US,,,,,,Mozilla/5.0 (Windows NT 5.1; rv:11.0) Gecko Firefox/11.0 (via ggpht.com GoogleImageProxy)
169937571,2025-08-14T15:30:23.904Z,abbeaxelmehrkens@orange.fr,newsletter,everyone,true,FR,,,,,,Mozilla/5.0
169937571,2025-08-28T10:03:45.145Z,patriciababled@icloud.com,newsletter,everyone,true,US,,,,,,Mozilla/5.0
