post_id,timestamp,email,post_type,post_audience,active_subscription
169937571,2025-08-09T03:07:29.415Z,mfmtrainer00@gmail.com,newsletter,everyone,true
169937571,2025-08-09T03:07:30.535Z,france.pittoresque@gmail.com,newsletter,everyone,true
169937571,2025-08-09T03:07:30.814Z,virginie.blazy@gmail.com,newsletter,everyone,true
169937571,2025-08-09T03:07:31.279Z,alethdefonscolombe@gmail.com,newsletter,everyone,true
169937571,2025-08-09T03:07:31.412Z,almrineau@gmail.com,newsletter,everyone,true
169937571,2025-08-09T03:07:31.458Z,lucilesarda38@gmail.com,newsletter,everyone,true
169937571,2025-08-09T03:07:31.471Z,abbeaym@gmail.com,newsletter,everyone,true
169937571,2025-08-09T03:07:31.492Z,fabienne.bastien1234@gmail.com,newsletter,everyone,true
169937571,2025-08-09T03:07:31.562Z,laetitiadebard64@gmail.com,newsletter,everyone,true
169937571,2025-08-09T03:07:31.586Z,aamayon@gmail.com,newsletter,everyone,true
169937571,2025-08-09T03:07:31.591Z,lucreceamigues@gmail.com,newsletter,everyone,true
169937571,2025-08-09T03:07:31.596Z,somialvi@gmail.com,newsletter,everyone,true
169937571,2025-08-09T03:07:31.678Z,paulmarie.boutin@gmail.com,newsletter,everyone,true
169937571,2025-08-09T03:07:31.689Z,hiriartclement@gmail.com,newsletter,everyone,true
169937571,2025-08-09T03:07:31.783Z,louislegrelle@gmail.com,newsletter,everyone,true
169937571,2025-08-09T03:07:32.130Z,abbedaigremont@gmail.com,newsletter,everyone,true
169937571,2025-08-09T03:07:32.225Z,bruno.l.gas@gmail.com,newsletter,everyone,true
169937571,2025-08-09T03:07:32.330Z,louislfrecon@hotmail.com,newsletter,everyone,true
169937571,2025-08-09T03:07:32.525Z,fdamay@yahoo.fr,newsletter,everyone,true
169937571,2025-08-09T03:07:32.529Z,fabasphil@yahoo.fr,newsletter,everyone,true
169937571,2025-08-09T03:07:32.585Z,avpinilla@laposte.net,newsletter,everyone,true
169937571,2025-08-09T03:07:32.797Z,pierre.doat@gmail.com,newsletter,everyone,true
169937571,2025-08-09T03:07:32.859Z,abbeaxelmehrkens@orange.fr,newsletter,everyone,true
169937571,2025-08-09T03:07:32.876Z,agnes.lagrolet@orange.fr,newsletter,everyone,true
169937571,2025-08-09T03:07:32.919Z,mfranc@csm.fr,newsletter,everyone,true
169937571,2025-08-09T03:07:33.442Z,achard.luc@wanadoo.fr,newsletter,everyone,true
169937571,2025-08-09T03:07:33.624Z,marie-helene.soulier0705@orange.fr,newsletter,everyone,true
169937571,2025-08-09T03:07:33.989Z,hanna.gas@laposte.net,newsletter,everyone,true
169937571,2025-08-09T03:07:36.614Z,patriciababled@icloud.com,newsletter,everyone,true
169937571,2025-08-09T03:07:44.599Z,matthieuchaudun@protonmail.com,newsletter,everyone,true
