post_id,timestamp,email,post_type,post_audience,active_subscription,country,city,region,device_type,client_os,client_type,user_agent
170355479,2025-08-11T03:23:41.256Z,duhaldebordebernadette@orange.fr,newsletter,everyone,true,US,,,,,,Mozilla/5.0
170355479,2025-08-11T03:25:39.123Z,alethdefonscolombe@gmail.com,newsletter,everyone,true,US,,,,,,Mozilla/5.0 (Windows NT 5.1; rv:11.0) Gecko Firefox/11.0 (via ggpht.com GoogleImageProxy)
170355479,2025-08-11T03:32:22.775Z,mfranc@csm.fr,newsletter,everyone,true,FR,,,,,,Mozilla/5.0
170355479,2025-08-11T03:34:00.016Z,pierre.doat@gmail.com,newsletter,everyone,true,FR,,,,,,Mozilla/5.0
170355479,2025-08-11T03:39:12.638Z,hiriartclement@gmail.com,newsletter,everyone,true,US,,,,,,Mozilla/5.0
170355479,2025-08-11T03:48:26.584Z,lorine.basquebouvier@gmail.com,newsletter,everyone,true,FR,,,,,,Mozilla/5.0
170355479,2025-08-11T05:13:01.959Z,patriciababled@icloud.com,newsletter,everyone,true,US,,,,,,Mozilla/5.0
170355479,2025-08-11T05:28:50.203Z,gabriella.daher@free.fr,newsletter,everyone,true,FR,,,,,,Mozilla/5.0
170355479,2025-08-11T05:46:45.803Z,somialvi@gmail.com,newsletter,everyone,true,FR,,,,,,Mozilla/5.0 (Windows NT 10.0; Win64; x64; rv:141.0) Gecko/20100101 Thunderbird/141.0
170355479,2025-08-11T05:47:00.203Z,somialvi@gmail.com,newsletter,everyone,true,FR,,,,,,Mozilla/5.0 (Windows NT 10.0; Win64; x64; rv:141.0) Gecko/20100101 Thunderbird/141.0
170355479,2025-08-11T05:47:22.604Z,somialvi@gmail.com,newsletter,everyone,true,FR,,,,,,Mozilla/5.0 (Windows NT 10.0; Win64; x64; rv:141.0) Gecko/20100101 Thunderbird/141.0
170355479,2025-08-11T05:47:29.966Z,marieperrenot@yahoo.fr,newsletter,everyone,true,NL,,,,,,YahooMailProxy; https://help.yahoo.com/kb/yahoo-mail-proxy-SLN28749.html
170355479,2025-08-11T05:51:13.970Z,marieperrenot@yahoo.fr,newsletter,everyone,true,IE,,,,,,YahooMailProxy; https://help.yahoo.com/kb/yahoo-mail-proxy-SLN28749.html
170355479,2025-08-11T05:51:15.372Z,marieperrenot@yahoo.fr,newsletter,everyone,true,IE,,,,,,YahooMailProxy; https://help.yahoo.com/kb/yahoo-mail-proxy-SLN28749.html
170355479,2025-08-11T06:28:39.574Z,abbeaym@gmail.com,newsletter,everyone,true,US,,,,,,Mozilla/5.0 (Windows NT 5.1; rv:11.0) Gecko Firefox/11.0 (via ggpht.com GoogleImageProxy)
170355479,2025-08-11T06:28:52.823Z,abbeaxelmehrkens@orange.fr,newsletter,everyone,true,US,,,,,,Mozilla/5.0
170355479,2025-08-11T06:35:58.025Z,agnes.lagrolet@orange.fr,newsletter,everyone,true,FR,,,,,,"Mozilla/5.0 (Linux; Android 12; SM-A415F Build/SP1A.210812.016; wv) AppleWebKit/537.36 (KHTML, like Gecko) Version/4.0 Chrome/138.0.7204.158 Mobile Safari/537.36"
170355479,2025-08-11T06:45:57.337Z,agnes.lagrolet@orange.fr,newsletter,everyone,true,FR,,,,,,"Mozilla/5.0 (Linux; Android 12; SM-A415F Build/SP1A.210812.016; wv) AppleWebKit/537.36 (KHTML, like Gecko) Version/4.0 Chrome/138.0.7204.158 Mobile Safari/537.36"
170355479,2025-08-11T06:54:45.966Z,france.pittoresque@gmail.com,newsletter,everyone,true,FR,,,,,,Mozilla/5.0 (Windows NT 10.0; Win64; x64; rv:140.0) Gecko/20100101 Thunderbird/140.1.1
170355479,2025-08-11T06:54:49.250Z,france.pittoresque@gmail.com,newsletter,everyone,true,FR,,,,,,Mozilla/5.0 (Windows NT 10.0; Win64; x64; rv:140.0) Gecko/20100101 Thunderbird/140.1.1
170355479,2025-08-11T07:56:17.192Z,abbeaym@gmail.com,newsletter,everyone,true,US,,,,,,Mozilla/5.0 (Windows NT 5.1; rv:11.0) Gecko Firefox/11.0 (via ggpht.com GoogleImageProxy)
170355479,2025-08-11T07:56:21.114Z,abbeaym@gmail.com,newsletter,everyone,true,US,,,,,,Mozilla/5.0 (Windows NT 5.1; rv:11.0) Gecko Firefox/11.0 (via ggpht.com GoogleImageProxy)
170355479,2025-08-11T08:13:07.860Z,somialvi@gmail.com,newsletter,everyone,true,FR,,,,,,Mozilla/5.0 (Windows NT 10.0; Win64; x64; rv:141.0) Gecko/20100101 Thunderbird/141.0
170355479,2025-08-11T08:25:00.988Z,abbeaym@gmail.com,newsletter,everyone,true,US,,,,,,Mozilla/5.0 (Windows NT 5.1; rv:11.0) Gecko Firefox/11.0 (via ggpht.com GoogleImageProxy)
170355479,2025-08-11T08:25:21.251Z,virginie.blazy@gmail.com,newsletter,everyone,true,US,,,,,,Mozilla/5.0 (Windows NT 5.1; rv:11.0) Gecko Firefox/11.0 (via ggpht.com GoogleImageProxy)
170355479,2025-08-11T09:06:16.242Z,virginie.blazy@gmail.com,newsletter,everyone,true,US,,,,,,Mozilla/5.0 (Windows NT 5.1; rv:11.0) Gecko Firefox/11.0 (via ggpht.com GoogleImageProxy)
170355479,2025-08-11T09:12:53.907Z,louislfrecon@hotmail.com,newsletter,everyone,true,FR,,,,,,Mozilla/5.0
170355479,2025-08-11T11:27:46.694Z,somialvi@gmail.com,newsletter,everyone,true,FR,,,,,,Mozilla/5.0 (Windows NT 10.0; Win64; x64; rv:141.0) Gecko/20100101 Thunderbird/141.0
170355479,2025-08-11T12:20:58.029Z,achard.luc@wanadoo.fr,newsletter,everyone,true,US,,,,,,Mozilla/5.0
170355479,2025-08-11T13:16:19.125Z,64melissalde@gmail.com,newsletter,everyone,true,US,,,,,,Mozilla/5.0 (Windows NT 5.1; rv:11.0) Gecko Firefox/11.0 (via ggpht.com GoogleImageProxy)
170355479,2025-08-11T14:20:17.745Z,ephrem.daher@free.fr,newsletter,everyone,true,FR,,,,,,Mozilla/5.0
170355479,2025-08-11T19:36:25.948Z,marieperrenot@yahoo.fr,newsletter,everyone,true,NL,,,,,,YahooMailProxy; https://help.yahoo.com/kb/yahoo-mail-proxy-SLN28749.html
170355479,2025-08-11T19:50:27.117Z,marieperrenot@yahoo.fr,newsletter,everyone,true,GB,,,,,,YahooMailProxy; https://help.yahoo.com/kb/yahoo-mail-proxy-SLN28749.html
170355479,2025-08-11T19:52:46.819Z,marieperrenot@yahoo.fr,newsletter,everyone,true,IE,,,,,,YahooMailProxy; https://help.yahoo.com/kb/yahoo-mail-proxy-SLN28749.html
170355479,2025-08-11T20:00:04.459Z,marieperrenot@yahoo.fr,newsletter,everyone,true,GB,,,,,,YahooMailProxy; https://help.yahoo.com/kb/yahoo-mail-proxy-SLN28749.html
170355479,2025-08-11T20:01:30.393Z,marieperrenot@yahoo.fr,newsletter,everyone,true,GB,,,,,,YahooMailProxy; https://help.yahoo.com/kb/yahoo-mail-proxy-SLN28749.html
170355479,2025-08-11T21:07:46.573Z,bruno.l.gas@gmail.com,newsletter,everyone,true,US,,,,,,Mozilla/5.0 (Windows NT 5.1; rv:11.0) Gecko Firefox/11.0 (via ggpht.com GoogleImageProxy)
170355479,2025-08-11T21:07:52.763Z,bruno.l.gas@gmail.com,newsletter,everyone,true,US,,,,,,Mozilla/5.0 (Windows NT 5.1; rv:11.0) Gecko Firefox/11.0 (via ggpht.com GoogleImageProxy)
170355479,2025-08-11T22:40:55.830Z,lea.tipi@gmail.com,newsletter,everyone,true,US,,,,,,Mozilla/5.0
170355479,2025-08-12T07:59:30.313Z,paulmarie.boutin@gmail.com,newsletter,everyone,true,US,,,,,,Mozilla/5.0 (Windows NT 5.1; rv:11.0) Gecko Firefox/11.0 (via ggpht.com GoogleImageProxy)
170355479,2025-08-12T08:37:10.447Z,abbeaxelmehrkens@orange.fr,newsletter,everyone,true,FR,,,,,,Mozilla/5.0
170355479,2025-08-12T12:07:12.893Z,madx93320@gmail.com,newsletter,everyone,true,US,,,,,,Mozilla/5.0 (Windows NT 5.1; rv:11.0) Gecko Firefox/11.0 (via ggpht.com GoogleImageProxy)
170355479,2025-08-12T13:11:59.359Z,france.pittoresque@gmail.com,newsletter,everyone,true,FR,,,,,,Mozilla/5.0 (Windows NT 10.0; Win64; x64; rv:140.0) Gecko/20100101 Thunderbird/140.1.1
170355479,2025-08-12T13:23:18.985Z,ephrem.daher@free.fr,newsletter,everyone,true,US,,,,,,Mozilla/5.0
170355479,2025-08-12T17:46:54.129Z,marieperrenot@yahoo.fr,newsletter,everyone,true,NL,,,,,,YahooMailProxy; https://help.yahoo.com/kb/yahoo-mail-proxy-SLN28749.html
170355479,2025-08-12T17:47:25.964Z,marieperrenot@yahoo.fr,newsletter,everyone,true,NL,,,,,,YahooMailProxy; https://help.yahoo.com/kb/yahoo-mail-proxy-SLN28749.html
170355479,2025-08-12T17:47:26.978Z,marieperrenot@yahoo.fr,newsletter,everyone,true,NL,,,,,,YahooMailProxy; https://help.yahoo.com/kb/yahoo-mail-proxy-SLN28749.html
170355479,2025-08-12T17:47:31.623Z,marieperrenot@yahoo.fr,newsletter,everyone,true,NL,,,,,,YahooMailProxy; https://help.yahoo.com/kb/yahoo-mail-proxy-SLN28749.html
170355479,2025-08-12T17:47:42.144Z,marieperrenot@yahoo.fr,newsletter,everyone,true,NL,,,,,,YahooMailProxy; https://help.yahoo.com/kb/yahoo-mail-proxy-SLN28749.html
170355479,2025-08-12T17:49:39.917Z,marieperrenot@yahoo.fr,newsletter,everyone,true,IE,,,,,,YahooMailProxy; https://help.yahoo.com/kb/yahoo-mail-proxy-SLN28749.html
170355479,2025-08-12T17:49:40.484Z,marieperrenot@yahoo.fr,newsletter,everyone,true,IE,,,,,,YahooMailProxy; https://help.yahoo.com/kb/yahoo-mail-proxy-SLN28749.html
170355479,2025-08-12T17:49:42.967Z,marieperrenot@yahoo.fr,newsletter,everyone,true,IE,,,,,,YahooMailProxy; https://help.yahoo.com/kb/yahoo-mail-proxy-SLN28749.html
170355479,2025-08-12T18:26:04.672Z,france.pittoresque@gmail.com,newsletter,everyone,true,FR,,,,,,Mozilla/5.0 (Windows NT 10.0; Win64; x64; rv:140.0) Gecko/20100101 Thunderbird/140.1.1
170355479,2025-08-14T07:32:17.593Z,cpnioche@outlook.com,newsletter,everyone,true,FR,,,,,,"Mozilla/5.0 (Linux; Android 15; ALI-NX1 Build/HONORALI-N21; wv) AppleWebKit/537.36 (KHTML, like Gecko) Version/4.0 Chrome/138.0.7204.179 Mobile Safari/537.36"
170355479,2025-08-14T09:05:25.231Z,lucreceamigues@gmail.com,newsletter,everyone,true,US,,,,,,Mozilla/5.0 (Windows NT 5.1; rv:11.0) Gecko Firefox/11.0 (via ggpht.com GoogleImageProxy)
170355479,2025-08-14T11:16:44.895Z,abbedaigremont@gmail.com,newsletter,everyone,true,US,,,,,,Mozilla/5.0 (Windows NT 5.1; rv:11.0) Gecko Firefox/11.0 (via ggpht.com GoogleImageProxy)
170355479,2025-08-14T11:16:46.325Z,abbedaigremont@gmail.com,newsletter,everyone,true,US,,,,,,Mozilla/5.0 (Windows NT 5.1; rv:11.0) Gecko Firefox/11.0 (via ggpht.com GoogleImageProxy)
170355479,2025-08-16T16:43:48.491Z,marieperrenot@yahoo.fr,newsletter,everyone,true,NL,,,,,,YahooMailProxy; https://help.yahoo.com/kb/yahoo-mail-proxy-SLN28749.html
170355479,2025-08-17T20:51:08.644Z,virginie.blazy@gmail.com,newsletter,everyone,true,FR,,,,,,"Mozilla/5.0 (Windows NT 10.0; Win64; x64) AppleWebKit/537.36 (KHTML, like Gecko) Chrome/139.0.0.0 Safari/537.36 Edg/139.0.0.0 OneOutlook/1.2025.806.300"
170355479,2025-08-25T08:36:49.317Z,lorine.basquebouvier@gmail.com,newsletter,everyone,true,FR,,,,,,Mozilla/5.0
170355479,2025-08-28T09:23:58.877Z,patriciababled@icloud.com,newsletter,everyone,true,US,,,,,,Mozilla/5.0
170355479,2025-09-01T07:40:48.705Z,achard.luc@wanadoo.fr,newsletter,everyone,true,FR,,,,,,Mozilla/5.0
170355479,2025-09-05T14:11:22.004Z,ephrem.daher@free.fr,newsletter,everyone,true,FR,,,,,,Mozilla/5.0
