post_id,timestamp,email,post_type,post_audience,active_subscription
170355479,2025-08-11T03:12:20.242Z,france.pittoresque@gmail.com,newsletter,everyone,true
170355479,2025-08-11T03:12:20.491Z,mfmtrainer00@gmail.com,newsletter,everyone,true
170355479,2025-08-11T03:12:21.550Z,virginie.blazy@gmail.com,newsletter,everyone,true
170355479,2025-08-11T03:12:22.515Z,marie-helene.soulier0705@orange.fr,newsletter,everyone,true
170355479,2025-08-11T03:12:22.844Z,alethdefonscolombe@gmail.com,newsletter,everyone,true
170355479,2025-08-11T03:12:23.868Z,krolima@protonmail.com,newsletter,everyone,true
170355479,2025-08-11T03:12:23.984Z,aamayon@gmail.com,newsletter,everyone,true
170355479,2025-08-11T03:12:24.063Z,fabienne.bastien1234@gmail.com,newsletter,everyone,true
170355479,2025-08-11T03:12:24.212Z,lucreceamigues@gmail.com,newsletter,everyone,true
170355479,2025-08-11T03:12:24.235Z,almrineau@gmail.com,newsletter,everyone,true
170355479,2025-08-11T03:12:24.253Z,lorine.basquebouvier@gmail.com,newsletter,everyone,true
170355479,2025-08-11T03:12:24.261Z,paulmarie.boutin@gmail.com,newsletter,everyone,true
170355479,2025-08-11T03:12:24.325Z,bruno.l.gas@gmail.com,newsletter,everyone,true
170355479,2025-08-11T03:12:24.328Z,lucilesarda38@gmail.com,newsletter,everyone,true
170355479,2025-08-11T03:12:24.384Z,64melissalde@gmail.com,newsletter,everyone,true
170355479,2025-08-11T03:12:24.393Z,madx93320@gmail.com,newsletter,everyone,true
170355479,2025-08-11T03:12:24.409Z,amigues.g.avocat@gmail.com,newsletter,everyone,true
170355479,2025-08-11T03:12:24.410Z,abbeaym@gmail.com,newsletter,everyone,true
170355479,2025-08-11T03:12:24.561Z,fernand.correia@live.fr,newsletter,everyone,true
170355479,2025-08-11T03:12:24.709Z,abbedaigremont@gmail.com,newsletter,everyone,true
170355479,2025-08-11T03:12:24.711Z,pierre.doat@gmail.com,newsletter,everyone,true
170355479,2025-08-11T03:12:24.831Z,hiriartclement@gmail.com,newsletter,everyone,true
170355479,2025-08-11T03:12:24.942Z,laetitiadebard64@gmail.com,newsletter,everyone,true
170355479,2025-08-11T03:12:25.051Z,somialvi@gmail.com,newsletter,everyone,true
170355479,2025-08-11T03:12:25.060Z,ephrem.daher@free.fr,newsletter,everyone,true
170355479,2025-08-11T03:12:25.115Z,fdamay@yahoo.fr,newsletter,everyone,true
170355479,2025-08-11T03:12:25.194Z,fabasphil@yahoo.fr,newsletter,everyone,true
170355479,2025-08-11T03:12:25.228Z,contact@depannpc64.com,newsletter,everyone,true
170355479,2025-08-11T03:12:25.315Z,lea.tipi@gmail.com,newsletter,everyone,true
170355479,2025-08-11T03:12:25.360Z,gabriella.daher@free.fr,newsletter,everyone,true
170355479,2025-08-11T03:12:25.516Z,ortho.bussone@wanadoo.fr,newsletter,everyone,true
170355479,2025-08-11T03:12:25.551Z,abbeaxelmehrkens@orange.fr,newsletter,everyone,true
170355479,2025-08-11T03:12:25.583Z,lucmendiharat@yahoo.fr,newsletter,everyone,true
170355479,2025-08-11T03:12:25.615Z,gaamj.petit@yahoo.fr,newsletter,everyone,true
170355479,2025-08-11T03:12:25.632Z,agnes.lagrolet@orange.fr,newsletter,everyone,true
170355479,2025-08-11T03:12:25.715Z,mfranc@csm.fr,newsletter,everyone,true
170355479,2025-08-11T03:12:25.984Z,marieperrenot@yahoo.fr,newsletter,everyone,true
170355479,2025-08-11T03:12:26.307Z,hanna.gas@laposte.net,newsletter,everyone,true
170355479,2025-08-11T03:12:26.432Z,achard.luc@wanadoo.fr,newsletter,everyone,true
170355479,2025-08-11T03:12:26.556Z,matthieuchaudun@protonmail.com,newsletter,everyone,true
170355479,2025-08-11T03:12:26.857Z,duhaldebordebernadette@orange.fr,newsletter,everyone,true
170355479,2025-08-11T03:12:27.192Z,famille@duriez.biz,newsletter,everyone,true
170355479,2025-08-11T03:12:27.398Z,louislfrecon@hotmail.com,newsletter,everyone,true
170355479,2025-08-11T03:12:30.697Z,patriciababled@icloud.com,newsletter,everyone,true
170355479,2025-08-11T03:12:30.714Z,cpnioche@outlook.com,newsletter,everyone,true
170355479,2025-08-11T03:13:39.734Z,helene.malavaud@free.fr,newsletter,everyone,true
170355479,2025-08-11T03:14:16.965Z,avpinilla@laposte.net,newsletter,everyone,true
