post_id,timestamp,email,post_type,post_audience,active_subscription
170303593,2025-08-10T03:05:00.842Z,mfmtrainer00@gmail.com,newsletter,everyone,true
170303593,2025-08-10T03:05:01.147Z,france.pittoresque@gmail.com,newsletter,everyone,true
170303593,2025-08-10T03:05:02.168Z,virginie.blazy@gmail.com,newsletter,everyone,true
170303593,2025-08-10T03:05:02.653Z,alethdefonscolombe@gmail.com,newsletter,everyone,true
170303593,2025-08-10T03:05:03.089Z,marie-helene.soulier0705@orange.fr,newsletter,everyone,true
170303593,2025-08-10T03:05:03.488Z,amigues.g.avocat@gmail.com,newsletter,everyone,true
170303593,2025-08-10T03:05:03.517Z,madx93320@gmail.com,newsletter,everyone,true
170303593,2025-08-10T03:05:03.635Z,64melissalde@gmail.com,newsletter,everyone,true
170303593,2025-08-10T03:05:03.642Z,lorine.basquebouvier@gmail.com,newsletter,everyone,true
170303593,2025-08-10T03:05:03.675Z,lea.tipi@gmail.com,newsletter,everyone,true
170303593,2025-08-10T03:05:03.771Z,abbeaym@gmail.com,newsletter,everyone,true
170303593,2025-08-10T03:05:03.843Z,almrineau@gmail.com,newsletter,everyone,true
170303593,2025-08-10T03:05:03.845Z,pierre.doat@gmail.com,newsletter,everyone,true
170303593,2025-08-10T03:05:03.905Z,lucilesarda38@gmail.com,newsletter,everyone,true
170303593,2025-08-10T03:05:03.957Z,abbedaigremont@gmail.com,newsletter,everyone,true
170303593,2025-08-10T03:05:03.957Z,aamayon@gmail.com,newsletter,everyone,true
170303593,2025-08-10T03:05:03.958Z,fabienne.bastien1234@gmail.com,newsletter,everyone,true
170303593,2025-08-10T03:05:03.985Z,hiriartclement@gmail.com,newsletter,everyone,true
170303593,2025-08-10T03:05:04.083Z,fernand.correia@live.fr,newsletter,everyone,true
170303593,2025-08-10T03:05:04.127Z,laetitiadebard64@gmail.com,newsletter,everyone,true
170303593,2025-08-10T03:05:04.197Z,cpnioche@outlook.com,newsletter,everyone,true
170303593,2025-08-10T03:05:04.232Z,helene.malavaud@free.fr,newsletter,everyone,true
170303593,2025-08-10T03:05:04.269Z,paulmarie.boutin@gmail.com,newsletter,everyone,true
170303593,2025-08-10T03:05:04.272Z,gaamj.petit@yahoo.fr,newsletter,everyone,true
170303593,2025-08-10T03:05:04.462Z,bruno.l.gas@gmail.com,newsletter,everyone,true
170303593,2025-08-10T03:05:04.517Z,lucreceamigues@gmail.com,newsletter,everyone,true
170303593,2025-08-10T03:05:04.557Z,aude.boespflug@free.fr,newsletter,everyone,true
170303593,2025-08-10T03:05:04.569Z,somialvi@gmail.com,newsletter,everyone,true
170303593,2025-08-10T03:05:04.720Z,contact@depannpc64.com,newsletter,everyone,true
170303593,2025-08-10T03:05:04.739Z,ortho.bussone@wanadoo.fr,newsletter,everyone,true
170303593,2025-08-10T03:05:04.782Z,abbeaxelmehrkens@orange.fr,newsletter,everyone,true
170303593,2025-08-10T03:05:04.882Z,louislfrecon@hotmail.com,newsletter,everyone,true
170303593,2025-08-10T03:05:04.889Z,fabasphil@yahoo.fr,newsletter,everyone,true
170303593,2025-08-10T03:05:04.956Z,lucmendiharat@yahoo.fr,newsletter,everyone,true
170303593,2025-08-10T03:05:04.965Z,mfranc@csm.fr,newsletter,everyone,true
170303593,2025-08-10T03:05:05.048Z,gabriella.daher@free.fr,newsletter,everyone,true
170303593,2025-08-10T03:05:05.210Z,marieperrenot@yahoo.fr,newsletter,everyone,true
170303593,2025-08-10T03:05:05.284Z,fdamay@yahoo.fr,newsletter,everyone,true
170303593,2025-08-10T03:05:05.366Z,krolima@protonmail.com,newsletter,everyone,true
170303593,2025-08-10T03:05:05.419Z,achard.luc@wanadoo.fr,newsletter,everyone,true
170303593,2025-08-10T03:05:05.420Z,avpinilla@laposte.net,newsletter,everyone,true
170303593,2025-08-10T03:05:05.764Z,duhaldebordebernadette@orange.fr,newsletter,everyone,true
170303593,2025-08-10T03:05:05.779Z,agnes.lagrolet@orange.fr,newsletter,everyone,true
170303593,2025-08-10T03:05:05.850Z,ephrem.daher@free.fr,newsletter,everyone,true
170303593,2025-08-10T03:05:06.096Z,matthieuchaudun@protonmail.com,newsletter,everyone,true
170303593,2025-08-10T03:05:06.191Z,hanna.gas@laposte.net,newsletter,everyone,true
170303593,2025-08-10T03:05:06.599Z,famille@duriez.biz,newsletter,everyone,true
170303593,2025-08-10T03:05:06.984Z,patriciababled@icloud.com,newsletter,everyone,true
