post_id,timestamp,email,post_type,post_audience,active_subscription
170436350,2025-08-12T03:03:20.581Z,mfmtrainer00@gmail.com,newsletter,everyone,true
170436350,2025-08-12T03:03:21.524Z,france.pittoresque@gmail.com,newsletter,everyone,true
170436350,2025-08-12T03:03:21.551Z,virginie.blazy@gmail.com,newsletter,everyone,true
170436350,2025-08-12T03:03:21.660Z,marie-helene.soulier0705@orange.fr,newsletter,everyone,true
170436350,2025-08-12T03:03:21.971Z,alethdefonscolombe@gmail.com,newsletter,everyone,true
170436350,2025-08-12T03:03:23.454Z,fabienne.bastien1234@gmail.com,newsletter,everyone,true
170436350,2025-08-12T03:03:23.477Z,laetitiadebard64@gmail.com,newsletter,everyone,true
170436350,2025-08-12T03:03:23.548Z,somialvi@gmail.com,newsletter,everyone,true
170436350,2025-08-12T03:03:23.550Z,lorine.basquebouvier@gmail.com,newsletter,everyone,true
170436350,2025-08-12T03:03:23.570Z,pierre.doat@gmail.com,newsletter,everyone,true
170436350,2025-08-12T03:03:23.584Z,lucilesarda38@gmail.com,newsletter,everyone,true
170436350,2025-08-12T03:03:23.609Z,paulmarie.boutin@gmail.com,newsletter,everyone,true
170436350,2025-08-12T03:03:23.664Z,aamayon@gmail.com,newsletter,everyone,true
170436350,2025-08-12T03:03:23.809Z,64melissalde@gmail.com,newsletter,everyone,true
170436350,2025-08-12T03:03:23.810Z,bruno.l.gas@gmail.com,newsletter,everyone,true
170436350,2025-08-12T03:03:23.830Z,abbedaigremont@gmail.com,newsletter,everyone,true
170436350,2025-08-12T03:03:23.840Z,hiriartclement@gmail.com,newsletter,everyone,true
170436350,2025-08-12T03:03:23.844Z,cpnioche@outlook.com,newsletter,everyone,true
170436350,2025-08-12T03:03:23.855Z,fernand.correia@live.fr,newsletter,everyone,true
170436350,2025-08-12T03:03:23.903Z,lea.tipi@gmail.com,newsletter,everyone,true
170436350,2025-08-12T03:03:23.917Z,amigues.g.avocat@gmail.com,newsletter,everyone,true
170436350,2025-08-12T03:03:23.997Z,helene.malavaud@free.fr,newsletter,everyone,true
170436350,2025-08-12T03:03:24.013Z,madx93320@gmail.com,newsletter,everyone,true
170436350,2025-08-12T03:03:24.407Z,duhaldebordebernadette@orange.fr,newsletter,everyone,true
170436350,2025-08-12T03:03:24.532Z,avpinilla@laposte.net,newsletter,everyone,true
170436350,2025-08-12T03:03:24.534Z,lucreceamigues@gmail.com,newsletter,everyone,true
170436350,2025-08-12T03:03:24.545Z,abbeaym@gmail.com,newsletter,everyone,true
170436350,2025-08-12T03:03:24.559Z,almrineau@gmail.com,newsletter,everyone,true
170436350,2025-08-12T03:03:24.561Z,ortho.bussone@wanadoo.fr,newsletter,everyone,true
170436350,2025-08-12T03:03:24.571Z,fdamay@yahoo.fr,newsletter,everyone,true
170436350,2025-08-12T03:03:24.621Z,fabasphil@yahoo.fr,newsletter,everyone,true
170436350,2025-08-12T03:03:24.658Z,contact@depannpc64.com,newsletter,everyone,true
170436350,2025-08-12T03:03:24.805Z,lucmendiharat@yahoo.fr,newsletter,everyone,true
170436350,2025-08-12T03:03:24.888Z,gaamj.petit@yahoo.fr,newsletter,everyone,true
170436350,2025-08-12T03:03:24.955Z,marieperrenot@yahoo.fr,newsletter,everyone,true
170436350,2025-08-12T03:03:25.030Z,agnes.lagrolet@orange.fr,newsletter,everyone,true
170436350,2025-08-12T03:03:25.107Z,abbeaxelmehrkens@orange.fr,newsletter,everyone,true
170436350,2025-08-12T03:03:25.128Z,hanna.gas@laposte.net,newsletter,everyone,true
170436350,2025-08-12T03:03:25.175Z,matthieuchaudun@protonmail.com,newsletter,everyone,true
170436350,2025-08-12T03:03:25.415Z,mfranc@csm.fr,newsletter,everyone,true
170436350,2025-08-12T03:03:25.842Z,gabriella.daher@free.fr,newsletter,everyone,true
170436350,2025-08-12T03:03:26.251Z,achard.luc@wanadoo.fr,newsletter,everyone,true
170436350,2025-08-12T03:03:26.362Z,famille@duriez.biz,newsletter,everyone,true
170436350,2025-08-12T03:03:28.929Z,patriciababled@icloud.com,newsletter,everyone,true
170436350,2025-08-12T03:04:28.547Z,ephrem.daher@free.fr,newsletter,everyone,true
