post_id,timestamp,email,post_type,post_audience,active_subscription,country,city,region,device_type,client_os,client_type,user_agent
170436350,2025-08-12T03:25:24.303Z,alethdefonscolombe@gmail.com,newsletter,everyone,true,US,,,,,,Mozilla/5.0 (Windows NT 5.1; rv:11.0) Gecko Firefox/11.0 (via ggpht.com GoogleImageProxy)
170436350,2025-08-12T03:31:03.357Z,duhaldebordebernadette@orange.fr,newsletter,everyone,true,US,,,,,,Mozilla/5.0
170436350,2025-08-12T03:42:43.995Z,pierre.doat@gmail.com,newsletter,everyone,true,US,,,,,,Mozilla/5.0
170436350,2025-08-12T03:43:58.928Z,hiriartclement@gmail.com,newsletter,everyone,true,US,,,,,,Mozilla/5.0 (Windows NT 5.1; rv:11.0) Gecko Firefox/11.0 (via ggpht.com GoogleImageProxy)
170436350,2025-08-12T03:44:46.104Z,hiriartclement@gmail.com,newsletter,everyone,true,FR,,,,,,Mozilla/5.0
170436350,2025-08-12T04:03:55.194Z,64melissalde@gmail.com,newsletter,everyone,true,US,,,,,,Mozilla/5.0 (Windows NT 5.1; rv:11.0) Gecko Firefox/11.0 (via ggpht.com GoogleImageProxy)
170436350,2025-08-12T04:12:29.459Z,madx93320@gmail.com,newsletter,everyone,true,US,,,,,,Mozilla/5.0 (Windows NT 5.1; rv:11.0) Gecko Firefox/11.0 (via ggpht.com GoogleImageProxy)
170436350,2025-08-12T04:28:35.318Z,lea.tipi@gmail.com,newsletter,everyone,true,FR,,,,,,Mozilla/5.0
170436350,2025-08-12T04:45:33.275Z,mfranc@csm.fr,newsletter,everyone,true,US,,,,,,Mozilla/5.0
170436350,2025-08-12T05:08:28.173Z,patriciababled@icloud.com,newsletter,everyone,true,US,,,,,,Mozilla/5.0
170436350,2025-08-12T05:11:48.711Z,agnes.lagrolet@orange.fr,newsletter,everyone,true,FR,,,,,,"Mozilla/5.0 (Linux; Android 12; SM-A415F Build/SP1A.210812.016; wv) AppleWebKit/537.36 (KHTML, like Gecko) Version/4.0 Chrome/138.0.7204.158 Mobile Safari/537.36"
170436350,2025-08-12T05:21:17.017Z,agnes.lagrolet@orange.fr,newsletter,everyone,true,FR,,,,,,"Mozilla/5.0 (Linux; Android 12; SM-A415F Build/SP1A.210812.016; wv) AppleWebKit/537.36 (KHTML, like Gecko) Version/4.0 Chrome/138.0.7204.158 Mobile Safari/537.36"
170436350,2025-08-12T05:29:02.432Z,marieperrenot@yahoo.fr,newsletter,everyone,true,NL,,,,,,YahooMailProxy; https://help.yahoo.com/kb/yahoo-mail-proxy-SLN28749.html
170436350,2025-08-12T05:31:42.873Z,gabriella.daher@free.fr,newsletter,everyone,true,FR,,,,,,Mozilla/5.0
170436350,2025-08-12T05:33:01.263Z,marieperrenot@yahoo.fr,newsletter,everyone,true,NL,,,,,,YahooMailProxy; https://help.yahoo.com/kb/yahoo-mail-proxy-SLN28749.html
170436350,2025-08-12T05:33:01.540Z,marieperrenot@yahoo.fr,newsletter,everyone,true,NL,,,,,,YahooMailProxy; https://help.yahoo.com/kb/yahoo-mail-proxy-SLN28749.html
170436350,2025-08-12T05:33:16.304Z,lorine.basquebouvier@gmail.com,newsletter,everyone,true,FR,,,,,,Mozilla/5.0
170436350,2025-08-12T06:05:55.850Z,somialvi@gmail.com,newsletter,everyone,true,US,,,,,,Mozilla/5.0 (Windows NT 5.1; rv:11.0) Gecko Firefox/11.0 (via ggpht.com GoogleImageProxy)
170436350,2025-08-12T07:27:24.529Z,pierre.doat@gmail.com,newsletter,everyone,true,US,,,,,,Mozilla/5.0
170436350,2025-08-12T07:42:11.227Z,fabasphil@yahoo.fr,newsletter,everyone,true,GB,,,,,,YahooMailProxy; https://help.yahoo.com/kb/yahoo-mail-proxy-SLN28749.html
170436350,2025-08-12T07:59:00.431Z,paulmarie.boutin@gmail.com,newsletter,everyone,true,US,,,,,,Mozilla/5.0 (Windows NT 5.1; rv:11.0) Gecko Firefox/11.0 (via ggpht.com GoogleImageProxy)
170436350,2025-08-12T08:19:30.479Z,bruno.l.gas@gmail.com,newsletter,everyone,true,US,,,,,,Mozilla/5.0 (Windows NT 5.1; rv:11.0) Gecko Firefox/11.0 (via ggpht.com GoogleImageProxy)
170436350,2025-08-12T08:20:09.039Z,bruno.l.gas@gmail.com,newsletter,everyone,true,US,,,,,,Mozilla/5.0 (Windows NT 5.1; rv:11.0) Gecko Firefox/11.0 (via ggpht.com GoogleImageProxy)
170436350,2025-08-12T08:37:10.447Z,abbeaxelmehrkens@orange.fr,newsletter,everyone,true,FR,,,,,,Mozilla/5.0
170436350,2025-08-12T11:12:07.609Z,madx93320@gmail.com,newsletter,everyone,true,US,,,,,,Mozilla/5.0 (Windows NT 5.1; rv:11.0) Gecko Firefox/11.0 (via ggpht.com GoogleImageProxy)
170436350,2025-08-12T13:11:10.349Z,france.pittoresque@gmail.com,newsletter,everyone,true,FR,,,,,,Mozilla/5.0 (Windows NT 10.0; Win64; x64; rv:140.0) Gecko/20100101 Thunderbird/140.1.1
170436350,2025-08-12T13:23:18.984Z,ephrem.daher@free.fr,newsletter,everyone,true,US,,,,,,Mozilla/5.0
170436350,2025-08-12T15:51:12.996Z,abbeaxelmehrkens@orange.fr,newsletter,everyone,true,US,,,,,,Mozilla/5.0
170436350,2025-08-12T16:43:18.902Z,marieperrenot@yahoo.fr,newsletter,everyone,true,NL,,,,,,YahooMailProxy; https://help.yahoo.com/kb/yahoo-mail-proxy-SLN28749.html
170436350,2025-08-12T16:44:02.950Z,marieperrenot@yahoo.fr,newsletter,everyone,true,NL,,,,,,YahooMailProxy; https://help.yahoo.com/kb/yahoo-mail-proxy-SLN28749.html
170436350,2025-08-12T16:44:12.143Z,marieperrenot@yahoo.fr,newsletter,everyone,true,NL,,,,,,YahooMailProxy; https://help.yahoo.com/kb/yahoo-mail-proxy-SLN28749.html
170436350,2025-08-12T16:45:59.191Z,marieperrenot@yahoo.fr,newsletter,everyone,true,NL,,,,,,YahooMailProxy; https://help.yahoo.com/kb/yahoo-mail-proxy-SLN28749.html
170436350,2025-08-12T17:39:38.571Z,lucreceamigues@gmail.com,newsletter,everyone,true,US,,,,,,Mozilla/5.0 (Windows NT 5.1; rv:11.0) Gecko Firefox/11.0 (via ggpht.com GoogleImageProxy)
170436350,2025-08-12T17:42:14.586Z,marieperrenot@yahoo.fr,newsletter,everyone,true,NL,,,,,,YahooMailProxy; https://help.yahoo.com/kb/yahoo-mail-proxy-SLN28749.html
170436350,2025-08-12T18:01:50.672Z,france.pittoresque@gmail.com,newsletter,everyone,true,FR,,,,,,Mozilla/5.0 (Windows NT 10.0; Win64; x64; rv:140.0) Gecko/20100101 Thunderbird/140.1.1
170436350,2025-08-12T18:26:01.020Z,france.pittoresque@gmail.com,newsletter,everyone,true,FR,,,,,,Mozilla/5.0 (Windows NT 10.0; Win64; x64; rv:140.0) Gecko/20100101 Thunderbird/140.1.1
170436350,2025-08-12T18:26:02.091Z,france.pittoresque@gmail.com,newsletter,everyone,true,FR,,,,,,Mozilla/5.0 (Windows NT 10.0; Win64; x64; rv:140.0) Gecko/20100101 Thunderbird/140.1.1
170436350,2025-08-12T18:48:08.554Z,abbeaym@gmail.com,newsletter,everyone,true,US,,,,,,Mozilla/5.0 (Windows NT 5.1; rv:11.0) Gecko Firefox/11.0 (via ggpht.com GoogleImageProxy)
170436350,2025-08-12T20:34:57.763Z,marieperrenot@yahoo.fr,newsletter,everyone,true,GB,,,,,,YahooMailProxy; https://help.yahoo.com/kb/yahoo-mail-proxy-SLN28749.html
170436350,2025-08-12T21:13:02.376Z,france.pittoresque@gmail.com,newsletter,everyone,true,FR,,,,,,Mozilla/5.0 (Windows NT 10.0; Win64; x64; rv:140.0) Gecko/20100101 Thunderbird/140.1.1
170436350,2025-08-12T21:13:04.080Z,france.pittoresque@gmail.com,newsletter,everyone,true,FR,,,,,,Mozilla/5.0 (Windows NT 10.0; Win64; x64; rv:140.0) Gecko/20100101 Thunderbird/140.1.1
170436350,2025-08-13T14:55:18.910Z,france.pittoresque@gmail.com,newsletter,everyone,true,FR,,,,,,Mozilla/5.0 (Windows NT 10.0; Win64; x64; rv:140.0) Gecko/20100101 Thunderbird/140.1.1
170436350,2025-08-13T21:05:57.247Z,ephrem.daher@free.fr,newsletter,everyone,true,FR,,,,,,Mozilla/5.0
170436350,2025-08-14T11:16:51.319Z,abbedaigremont@gmail.com,newsletter,everyone,true,US,,,,,,Mozilla/5.0 (Windows NT 5.1; rv:11.0) Gecko Firefox/11.0 (via ggpht.com GoogleImageProxy)
170436350,2025-08-14T11:17:14.697Z,abbedaigremont@gmail.com,newsletter,everyone,true,US,,,,,,Mozilla/5.0 (Windows NT 5.1; rv:11.0) Gecko Firefox/11.0 (via ggpht.com GoogleImageProxy)
170436350,2025-08-14T13:20:49.443Z,aamayon@gmail.com,newsletter,everyone,true,US,,,,,,Mozilla/5.0 (Windows NT 5.1; rv:11.0) Gecko Firefox/11.0 (via ggpht.com GoogleImageProxy)
170436350,2025-08-14T18:57:36.229Z,somialvi@gmail.com,newsletter,everyone,true,FR,,,,,,Mozilla/5.0 (Windows NT 10.0; Win64; x64; rv:141.0) Gecko/20100101 Thunderbird/141.0
170436350,2025-08-15T06:35:14.846Z,abbedaigremont@gmail.com,newsletter,everyone,true,US,,,,,,Mozilla/5.0
170436350,2025-08-16T09:39:31.065Z,achard.luc@wanadoo.fr,newsletter,everyone,true,FR,,,,,,Mozilla/5.0
170436350,2025-08-16T16:52:46.554Z,marieperrenot@yahoo.fr,newsletter,everyone,true,NL,,,,,,YahooMailProxy; https://help.yahoo.com/kb/yahoo-mail-proxy-SLN28749.html
170436350,2025-08-24T08:18:03.699Z,pierre.doat@gmail.com,newsletter,everyone,true,US,,,,,,Mozilla/5.0
170436350,2025-08-25T09:28:31.928Z,lorine.basquebouvier@gmail.com,newsletter,everyone,true,FR,,,,,,Mozilla/5.0
170436350,2025-08-26T21:44:44.465Z,hiriartclement@gmail.com,newsletter,everyone,true,US,,,,,,Mozilla/5.0 (Windows NT 5.1; rv:11.0) Gecko Firefox/11.0 (via ggpht.com GoogleImageProxy)
170436350,2025-08-28T09:23:58.876Z,patriciababled@icloud.com,newsletter,everyone,true,US,,,,,,Mozilla/5.0
170436350,2025-09-01T07:40:48.706Z,achard.luc@wanadoo.fr,newsletter,everyone,true,FR,,,,,,Mozilla/5.0
170436350,2025-09-02T14:00:15.484Z,pierre.doat@gmail.com,newsletter,everyone,true,FR,,,,,,Mozilla/5.0
170436350,2025-09-05T14:11:21.050Z,ephrem.daher@free.fr,newsletter,everyone,true,FR,,,,,,Mozilla/5.0
