post_id,timestamp,email,post_type,post_audience,active_subscription
170440278,2025-08-13T03:13:17.665Z,mfmtrainer00@gmail.com,newsletter,everyone,true
170440278,2025-08-13T03:13:19.092Z,france.pittoresque@gmail.com,newsletter,everyone,true
170440278,2025-08-13T03:13:19.240Z,virginie.blazy@gmail.com,newsletter,everyone,true
170440278,2025-08-13T03:13:20.105Z,alethdefonscolombe@gmail.com,newsletter,everyone,true
170440278,2025-08-13T03:13:20.723Z,somialvi@gmail.com,newsletter,everyone,true
170440278,2025-08-13T03:13:20.821Z,fabienne.bastien1234@gmail.com,newsletter,everyone,true
170440278,2025-08-13T03:13:20.861Z,laetitiadebard64@gmail.com,newsletter,everyone,true
170440278,2025-08-13T03:13:20.930Z,hiriartclement@gmail.com,newsletter,everyone,true
170440278,2025-08-13T03:13:21.000Z,lucilesarda38@gmail.com,newsletter,everyone,true
170440278,2025-08-13T03:13:21.025Z,abbedaigremont@gmail.com,newsletter,everyone,true
170440278,2025-08-13T03:13:21.027Z,almrineau@gmail.com,newsletter,everyone,true
170440278,2025-08-13T03:13:21.044Z,madx93320@gmail.com,newsletter,everyone,true
170440278,2025-08-13T03:13:21.052Z,pierre.doat@gmail.com,newsletter,everyone,true
170440278,2025-08-13T03:13:21.067Z,lorine.basquebouvier@gmail.com,newsletter,everyone,true
170440278,2025-08-13T03:13:21.081Z,achard.luc@wanadoo.fr,newsletter,everyone,true
170440278,2025-08-13T03:13:21.098Z,abbeaym@gmail.com,newsletter,everyone,true
170440278,2025-08-13T03:13:21.220Z,amigues.g.avocat@gmail.com,newsletter,everyone,true
170440278,2025-08-13T03:13:21.248Z,lucreceamigues@gmail.com,newsletter,everyone,true
170440278,2025-08-13T03:13:21.364Z,aamayon@gmail.com,newsletter,everyone,true
170440278,2025-08-13T03:13:21.387Z,lea.tipi@gmail.com,newsletter,everyone,true
170440278,2025-08-13T03:13:21.484Z,bruno.l.gas@gmail.com,newsletter,everyone,true
170440278,2025-08-13T03:13:21.502Z,paulmarie.boutin@gmail.com,newsletter,everyone,true
170440278,2025-08-13T03:13:21.514Z,marie-helene.soulier0705@orange.fr,newsletter,everyone,true
170440278,2025-08-13T03:13:21.706Z,64melissalde@gmail.com,newsletter,everyone,true
170440278,2025-08-13T03:13:21.781Z,fernand.correia@live.fr,newsletter,everyone,true
170440278,2025-08-13T03:13:21.828Z,fabasphil@yahoo.fr,newsletter,everyone,true
170440278,2025-08-13T03:13:21.855Z,ephrem.daher@free.fr,newsletter,everyone,true
170440278,2025-08-13T03:13:21.925Z,avpinilla@laposte.net,newsletter,everyone,true
170440278,2025-08-13T03:13:22.149Z,helene.malavaud@free.fr,newsletter,everyone,true
170440278,2025-08-13T03:13:22.186Z,contact@depannpc64.com,newsletter,everyone,true
170440278,2025-08-13T03:13:22.277Z,lucmendiharat@yahoo.fr,newsletter,everyone,true
170440278,2025-08-13T03:13:22.322Z,gabriella.daher@free.fr,newsletter,everyone,true
170440278,2025-08-13T03:13:22.361Z,cpnioche@outlook.com,newsletter,everyone,true
170440278,2025-08-13T03:13:22.376Z,abbeaxelmehrkens@orange.fr,newsletter,everyone,true
170440278,2025-08-13T03:13:22.473Z,matthieuchaudun@protonmail.com,newsletter,everyone,true
170440278,2025-08-13T03:13:22.583Z,gaamj.petit@yahoo.fr,newsletter,everyone,true
170440278,2025-08-13T03:13:22.727Z,agnes.lagrolet@orange.fr,newsletter,everyone,true
170440278,2025-08-13T03:13:22.734Z,fdamay@yahoo.fr,newsletter,everyone,true
170440278,2025-08-13T03:13:22.744Z,ortho.bussone@wanadoo.fr,newsletter,everyone,true
170440278,2025-08-13T03:13:22.865Z,marieperrenot@yahoo.fr,newsletter,everyone,true
170440278,2025-08-13T03:13:23.083Z,hanna.gas@laposte.net,newsletter,everyone,true
170440278,2025-08-13T03:13:24.092Z,famille@duriez.biz,newsletter,everyone,true
170440278,2025-08-13T03:13:24.347Z,duhaldebordebernadette@orange.fr,newsletter,everyone,true
170440278,2025-08-13T03:13:24.349Z,patriciababled@icloud.com,newsletter,everyone,true
170440278,2025-08-13T03:13:28.340Z,mfranc@csm.fr,newsletter,everyone,true
