post_id,timestamp,email,post_type,post_audience,active_subscription
170520929,2025-08-14T03:32:24.779Z,mfmtrainer00@gmail.com,newsletter,everyone,true
170520929,2025-08-14T03:32:24.964Z,france.pittoresque@gmail.com,newsletter,everyone,true
170520929,2025-08-14T03:32:25.499Z,lucilesarda38@gmail.com,newsletter,everyone,true
170520929,2025-08-14T03:32:25.526Z,somialvi@gmail.com,newsletter,everyone,true
170520929,2025-08-14T03:32:25.572Z,paulmarie.boutin@gmail.com,newsletter,everyone,true
170520929,2025-08-14T03:32:25.594Z,alethdefonscolombe@gmail.com,newsletter,everyone,true
170520929,2025-08-14T03:32:25.612Z,almrineau@gmail.com,newsletter,everyone,true
170520929,2025-08-14T03:32:25.617Z,abbedaigremont@gmail.com,newsletter,everyone,true
170520929,2025-08-14T03:32:25.623Z,pierre.doat@gmail.com,newsletter,everyone,true
170520929,2025-08-14T03:32:25.658Z,abbeaym@gmail.com,newsletter,everyone,true
170520929,2025-08-14T03:32:25.687Z,fabienne.bastien1234@gmail.com,newsletter,everyone,true
170520929,2025-08-14T03:32:25.735Z,laetitiadebard64@gmail.com,newsletter,everyone,true
170520929,2025-08-14T03:32:25.759Z,bruno.l.gas@gmail.com,newsletter,everyone,true
170520929,2025-08-14T03:32:25.771Z,amigues.g.avocat@gmail.com,newsletter,everyone,true
170520929,2025-08-14T03:32:25.780Z,64melissalde@gmail.com,newsletter,everyone,true
170520929,2025-08-14T03:32:25.813Z,virginie.blazy@gmail.com,newsletter,everyone,true
170520929,2025-08-14T03:32:25.922Z,aamayon@gmail.com,newsletter,everyone,true
170520929,2025-08-14T03:32:25.952Z,lea.tipi@gmail.com,newsletter,everyone,true
170520929,2025-08-14T03:32:26.073Z,lucreceamigues@gmail.com,newsletter,everyone,true
170520929,2025-08-14T03:32:26.274Z,hiriartclement@gmail.com,newsletter,everyone,true
170520929,2025-08-14T03:32:26.445Z,lorine.basquebouvier@gmail.com,newsletter,everyone,true
170520929,2025-08-14T03:32:26.450Z,madx93320@gmail.com,newsletter,everyone,true
170520929,2025-08-14T03:32:26.526Z,abbeaxelmehrkens@orange.fr,newsletter,everyone,true
170520929,2025-08-14T03:32:26.568Z,gaamj.petit@yahoo.fr,newsletter,everyone,true
170520929,2025-08-14T03:32:26.603Z,fabasphil@yahoo.fr,newsletter,everyone,true
170520929,2025-08-14T03:32:26.626Z,lucmendiharat@yahoo.fr,newsletter,everyone,true
170520929,2025-08-14T03:32:26.682Z,marie-helene.soulier0705@orange.fr,newsletter,everyone,true
170520929,2025-08-14T03:32:26.802Z,cpnioche@outlook.com,newsletter,everyone,true
170520929,2025-08-14T03:32:26.838Z,fdamay@yahoo.fr,newsletter,everyone,true
170520929,2025-08-14T03:32:26.953Z,hanna.gas@laposte.net,newsletter,everyone,true
170520929,2025-08-14T03:32:27.027Z,marieperrenot@yahoo.fr,newsletter,everyone,true
170520929,2025-08-14T03:32:27.448Z,achard.luc@wanadoo.fr,newsletter,everyone,true
170520929,2025-08-14T03:32:27.499Z,agnes.lagrolet@orange.fr,newsletter,everyone,true
170520929,2025-08-14T03:32:27.575Z,duhaldebordebernadette@orange.fr,newsletter,everyone,true
170520929,2025-08-14T03:32:27.620Z,famille@duriez.biz,newsletter,everyone,true
170520929,2025-08-14T03:32:27.636Z,fernand.correia@live.fr,newsletter,everyone,true
170520929,2025-08-14T03:32:27.736Z,mfranc@csm.fr,newsletter,everyone,true
170520929,2025-08-14T03:32:28.315Z,contact@depannpc64.com,newsletter,everyone,true
170520929,2025-08-14T03:32:28.751Z,matthieuchaudun@protonmail.com,newsletter,everyone,true
170520929,2025-08-14T03:32:30.789Z,patriciababled@icloud.com,newsletter,everyone,true
170520929,2025-08-14T03:32:31.527Z,ortho.bussone@wanadoo.fr,newsletter,everyone,true
170520929,2025-08-14T03:32:33.828Z,avpinilla@laposte.net,newsletter,everyone,true
