post_id,timestamp,email,post_type,post_audience,active_subscription
170762810,2025-08-15T03:15:04.877Z,mfmtrainer00@gmail.com,newsletter,everyone,true
170762810,2025-08-15T03:15:05.424Z,france.pittoresque@gmail.com,newsletter,everyone,true
170762810,2025-08-15T03:15:05.996Z,virginie.blazy@gmail.com,newsletter,everyone,true
170762810,2025-08-15T03:15:06.495Z,marie-helene.soulier0705@orange.fr,newsletter,everyone,true
170762810,2025-08-15T03:15:07.142Z,alethdefonscolombe@gmail.com,newsletter,everyone,true
170762810,2025-08-15T03:15:07.209Z,somialvi@gmail.com,newsletter,everyone,true
170762810,2025-08-15T03:15:07.328Z,hiriartclement@gmail.com,newsletter,everyone,true
170762810,2025-08-15T03:15:07.340Z,lucilesarda38@gmail.com,newsletter,everyone,true
170762810,2025-08-15T03:15:07.362Z,aamayon@gmail.com,newsletter,everyone,true
170762810,2025-08-15T03:15:07.391Z,lorine.basquebouvier@gmail.com,newsletter,everyone,true
170762810,2025-08-15T03:15:07.394Z,laetitiadebard64@gmail.com,newsletter,everyone,true
170762810,2025-08-15T03:15:07.403Z,abbeaym@gmail.com,newsletter,everyone,true
170762810,2025-08-15T03:15:07.442Z,pierre.doat@gmail.com,newsletter,everyone,true
170762810,2025-08-15T03:15:07.497Z,almrineau@gmail.com,newsletter,everyone,true
170762810,2025-08-15T03:15:07.512Z,lea.tipi@gmail.com,newsletter,everyone,true
170762810,2025-08-15T03:15:07.535Z,madx93320@gmail.com,newsletter,everyone,true
170762810,2025-08-15T03:15:07.825Z,amigues.g.avocat@gmail.com,newsletter,everyone,true
170762810,2025-08-15T03:15:07.826Z,fabienne.bastien1234@gmail.com,newsletter,everyone,true
170762810,2025-08-15T03:15:07.868Z,marieperrenot@yahoo.fr,newsletter,everyone,true
170762810,2025-08-15T03:15:07.959Z,lucreceamigues@gmail.com,newsletter,everyone,true
170762810,2025-08-15T03:15:07.981Z,paulmarie.boutin@gmail.com,newsletter,everyone,true
170762810,2025-08-15T03:15:08.087Z,duhaldebordebernadette@orange.fr,newsletter,everyone,true
170762810,2025-08-15T03:15:08.301Z,agnes.lagrolet@orange.fr,newsletter,everyone,true
170762810,2025-08-15T03:15:08.383Z,helene.malavaud@free.fr,newsletter,everyone,true
170762810,2025-08-15T03:15:08.461Z,fdamay@yahoo.fr,newsletter,everyone,true
170762810,2025-08-15T03:15:08.515Z,ephrem.daher@free.fr,newsletter,everyone,true
170762810,2025-08-15T03:15:08.549Z,gabriella.daher@free.fr,newsletter,everyone,true
170762810,2025-08-15T03:15:08.565Z,fabasphil@yahoo.fr,newsletter,everyone,true
170762810,2025-08-15T03:15:08.588Z,ortho.bussone@wanadoo.fr,newsletter,everyone,true
170762810,2025-08-15T03:15:08.700Z,mfranc@csm.fr,newsletter,everyone,true
170762810,2025-08-15T03:15:08.775Z,abbeaxelmehrkens@orange.fr,newsletter,everyone,true
170762810,2025-08-15T03:15:08.779Z,fernand.correia@live.fr,newsletter,everyone,true
170762810,2025-08-15T03:15:08.787Z,gaamj.petit@yahoo.fr,newsletter,everyone,true
170762810,2025-08-15T03:15:09.118Z,contact@depannpc64.com,newsletter,everyone,true
170762810,2025-08-15T03:15:09.177Z,lucmendiharat@yahoo.fr,newsletter,everyone,true
170762810,2025-08-15T03:15:09.318Z,hanna.gas@laposte.net,newsletter,everyone,true
170762810,2025-08-15T03:15:09.486Z,achard.luc@wanadoo.fr,newsletter,everyone,true
170762810,2025-08-15T03:15:09.575Z,cpnioche@outlook.com,newsletter,everyone,true
170762810,2025-08-15T03:15:09.688Z,matthieuchaudun@protonmail.com,newsletter,everyone,true
170762810,2025-08-15T03:15:10.449Z,patriciababled@icloud.com,newsletter,everyone,true
170762810,2025-08-15T03:15:10.739Z,famille@duriez.biz,newsletter,everyone,true
170762810,2025-08-15T03:15:14.333Z,avpinilla@laposte.net,newsletter,everyone,true
