post_id,timestamp,email,post_type,post_audience,active_subscription
170789127,2025-08-16T03:04:55.875Z,mfmtrainer00@gmail.com,newsletter,everyone,true
170789127,2025-08-16T03:04:57.158Z,virginie.blazy@gmail.com,newsletter,everyone,true
170789127,2025-08-16T03:04:57.172Z,france.pittoresque@gmail.com,newsletter,everyone,true
170789127,2025-08-16T03:04:58.179Z,marie-helene.soulier0705@orange.fr,newsletter,everyone,true
170789127,2025-08-16T03:04:58.515Z,somialvi@gmail.com,newsletter,everyone,true
170789127,2025-08-16T03:04:58.600Z,lucreceamigues@gmail.com,newsletter,everyone,true
170789127,2025-08-16T03:04:58.602Z,fabienne.bastien1234@gmail.com,newsletter,everyone,true
170789127,2025-08-16T03:04:58.603Z,paulmarie.boutin@gmail.com,newsletter,everyone,true
170789127,2025-08-16T03:04:58.621Z,lucilesarda38@gmail.com,newsletter,everyone,true
170789127,2025-08-16T03:04:58.637Z,aamayon@gmail.com,newsletter,everyone,true
170789127,2025-08-16T03:04:58.710Z,pierre.doat@gmail.com,newsletter,everyone,true
170789127,2025-08-16T03:04:58.728Z,hiriartclement@gmail.com,newsletter,everyone,true
170789127,2025-08-16T03:04:58.895Z,abbeaym@gmail.com,newsletter,everyone,true
170789127,2025-08-16T03:04:58.913Z,hanna.gas@laposte.net,newsletter,everyone,true
170789127,2025-08-16T03:04:58.970Z,almrineau@gmail.com,newsletter,everyone,true
170789127,2025-08-16T03:04:59.041Z,cpnioche@outlook.com,newsletter,everyone,true
170789127,2025-08-16T03:04:59.075Z,amigues.g.avocat@gmail.com,newsletter,everyone,true
170789127,2025-08-16T03:04:59.090Z,lorine.basquebouvier@gmail.com,newsletter,everyone,true
170789127,2025-08-16T03:04:59.130Z,madx93320@gmail.com,newsletter,everyone,true
170789127,2025-08-16T03:04:59.226Z,ortho.bussone@wanadoo.fr,newsletter,everyone,true
170789127,2025-08-16T03:04:59.330Z,agnes.lagrolet@orange.fr,newsletter,everyone,true
170789127,2025-08-16T03:04:59.422Z,laetitiadebard64@gmail.com,newsletter,everyone,true
170789127,2025-08-16T03:04:59.613Z,gabriella.daher@free.fr,newsletter,everyone,true
170789127,2025-08-16T03:04:59.637Z,duhaldebordebernadette@orange.fr,newsletter,everyone,true
170789127,2025-08-16T03:04:59.703Z,fabasphil@yahoo.fr,newsletter,everyone,true
170789127,2025-08-16T03:04:59.721Z,lea.tipi@gmail.com,newsletter,everyone,true
170789127,2025-08-16T03:04:59.832Z,ephrem.daher@free.fr,newsletter,everyone,true
170789127,2025-08-16T03:04:59.865Z,alethdefonscolombe@gmail.com,newsletter,everyone,true
170789127,2025-08-16T03:04:59.923Z,fernand.correia@live.fr,newsletter,everyone,true
170789127,2025-08-16T03:05:00.039Z,abbeaxelmehrkens@orange.fr,newsletter,everyone,true
170789127,2025-08-16T03:05:00.146Z,helene.malavaud@free.fr,newsletter,everyone,true
170789127,2025-08-16T03:05:00.184Z,mfranc@csm.fr,newsletter,everyone,true
170789127,2025-08-16T03:05:00.245Z,matthieuchaudun@protonmail.com,newsletter,everyone,true
170789127,2025-08-16T03:05:00.409Z,lucmendiharat@yahoo.fr,newsletter,everyone,true
170789127,2025-08-16T03:05:00.476Z,contact@depannpc64.com,newsletter,everyone,true
170789127,2025-08-16T03:05:00.507Z,fdamay@yahoo.fr,newsletter,everyone,true
170789127,2025-08-16T03:05:00.938Z,marieperrenot@yahoo.fr,newsletter,everyone,true
170789127,2025-08-16T03:05:01.134Z,famille@duriez.biz,newsletter,everyone,true
170789127,2025-08-16T03:05:01.279Z,patriciababled@icloud.com,newsletter,everyone,true
170789127,2025-08-16T03:05:01.441Z,achard.luc@wanadoo.fr,newsletter,everyone,true
170789127,2025-08-16T03:05:03.810Z,gaamj.petit@yahoo.fr,newsletter,everyone,true
170789127,2025-08-16T03:05:05.668Z,avpinilla@laposte.net,newsletter,everyone,true
