post_id,timestamp,email,post_type,post_audience,active_subscription,country,city,region,device_type,client_os,client_type,user_agent
170789127,2025-08-16T03:10:15.192Z,madx93320@gmail.com,newsletter,everyone,true,US,,,,,,Mozilla/5.0 (Windows NT 5.1; rv:11.0) Gecko Firefox/11.0 (via ggpht.com GoogleImageProxy)
170789127,2025-08-16T03:19:30.763Z,pierre.doat@gmail.com,newsletter,everyone,true,US,,,,,,Mozilla/5.0
170789127,2025-08-16T03:21:01.826Z,lea.tipi@gmail.com,newsletter,everyone,true,FR,,,,,,Mozilla/5.0
170789127,2025-08-16T03:21:56.442Z,mfranc@csm.fr,newsletter,everyone,true,US,,,,,,Mozilla/5.0
170789127,2025-08-16T03:33:22.663Z,duhaldebordebernadette@orange.fr,newsletter,everyone,true,US,,,,,,Mozilla/5.0
170789127,2025-08-16T03:42:09.447Z,hiriartclement@gmail.com,newsletter,everyone,true,FR,,,,,,Mozilla/5.0
170789127,2025-08-16T03:51:05.061Z,pierre.doat@gmail.com,newsletter,everyone,true,US,,,,,,Mozilla/5.0
170789127,2025-08-16T04:22:58.604Z,gabriella.daher@free.fr,newsletter,everyone,true,FR,,,,,,Mozilla/5.0
170789127,2025-08-16T04:35:00.867Z,madx93320@gmail.com,newsletter,everyone,true,US,,,,,,Mozilla/5.0 (Windows NT 5.1; rv:11.0) Gecko Firefox/11.0 (via ggpht.com GoogleImageProxy)
170789127,2025-08-16T05:17:23.649Z,patriciababled@icloud.com,newsletter,everyone,true,US,,,,,,Mozilla/5.0
170789127,2025-08-16T05:30:51.876Z,aamayon@gmail.com,newsletter,everyone,true,US,,,,,,Mozilla/5.0 (Windows NT 5.1; rv:11.0) Gecko Firefox/11.0 (via ggpht.com GoogleImageProxy)
170789127,2025-08-16T05:50:00.577Z,lucreceamigues@gmail.com,newsletter,everyone,true,US,,,,,,Mozilla/5.0 (Windows NT 5.1; rv:11.0) Gecko Firefox/11.0 (via ggpht.com GoogleImageProxy)
170789127,2025-08-16T05:51:29.805Z,lucreceamigues@gmail.com,newsletter,everyone,true,US,,,,,,Mozilla/5.0 (Windows NT 5.1; rv:11.0) Gecko Firefox/11.0 (via ggpht.com GoogleImageProxy)
170789127,2025-08-16T06:26:46.127Z,almrineau@gmail.com,newsletter,everyone,true,FR,,,,,,Mozilla/5.0
170789127,2025-08-16T06:54:25.357Z,agnes.lagrolet@orange.fr,newsletter,everyone,true,FR,,,,,,"Mozilla/5.0 (Linux; Android 12; SM-A415F Build/SP1A.210812.016; wv) AppleWebKit/537.36 (KHTML, like Gecko) Version/4.0 Chrome/138.0.7204.158 Mobile Safari/537.36"
170789127,2025-08-16T07:03:45.562Z,fabasphil@yahoo.fr,newsletter,everyone,true,NL,,,,,,YahooMailProxy; https://help.yahoo.com/kb/yahoo-mail-proxy-SLN28749.html
170789127,2025-08-16T07:40:31.776Z,france.pittoresque@gmail.com,newsletter,everyone,true,FR,,,,,,Mozilla/5.0 (Windows NT 10.0; Win64; x64; rv:140.0) Gecko/20100101 Thunderbird/140.1.1
170789127,2025-08-16T08:15:12.133Z,famille@duriez.biz,newsletter,everyone,true,FR,,,,,,"Mozilla/5.0 (Linux; Android 14; 23124RN87G Build/UP1A.231005.007; wv) AppleWebKit/537.36 (KHTML, like Gecko) Version/4.0 Chrome/138.0.7204.179 Mobile Safari/537.36"
170789127,2025-08-16T09:16:11.847Z,paulmarie.boutin@gmail.com,newsletter,everyone,true,US,,,,,,Mozilla/5.0 (Windows NT 5.1; rv:11.0) Gecko Firefox/11.0 (via ggpht.com GoogleImageProxy)
170789127,2025-08-16T09:16:26.879Z,lucreceamigues@gmail.com,newsletter,everyone,true,US,,,,,,Mozilla/5.0 (Windows NT 5.1; rv:11.0) Gecko Firefox/11.0 (via ggpht.com GoogleImageProxy)
170789127,2025-08-16T09:19:17.214Z,lucreceamigues@gmail.com,newsletter,everyone,true,US,,,,,,Mozilla/5.0 (Windows NT 5.1; rv:11.0) Gecko Firefox/11.0 (via ggpht.com GoogleImageProxy)
170789127,2025-08-16T09:58:15.407Z,somialvi@gmail.com,newsletter,everyone,true,FR,,,,,,Mozilla/5.0 (Windows NT 10.0; Win64; x64; rv:141.0) Gecko/20100101 Thunderbird/141.0
170789127,2025-08-16T09:58:34.152Z,somialvi@gmail.com,newsletter,everyone,true,FR,,,,,,Mozilla/5.0 (Windows NT 10.0; Win64; x64; rv:141.0) Gecko/20100101 Thunderbird/141.0
170789127,2025-08-16T10:59:56.075Z,marieperrenot@yahoo.fr,newsletter,everyone,true,NL,,,,,,YahooMailProxy; https://help.yahoo.com/kb/yahoo-mail-proxy-SLN28749.html
170789127,2025-08-16T11:16:01.809Z,marieperrenot@yahoo.fr,newsletter,everyone,true,NL,,,,,,YahooMailProxy; https://help.yahoo.com/kb/yahoo-mail-proxy-SLN28749.html
170789127,2025-08-16T11:28:07.589Z,marieperrenot@yahoo.fr,newsletter,everyone,true,GB,,,,,,YahooMailProxy; https://help.yahoo.com/kb/yahoo-mail-proxy-SLN28749.html
170789127,2025-08-16T13:34:21.269Z,alethdefonscolombe@gmail.com,newsletter,everyone,true,US,,,,,,Mozilla/5.0 (Windows NT 5.1; rv:11.0) Gecko Firefox/11.0 (via ggpht.com GoogleImageProxy)
170789127,2025-08-16T14:42:37.583Z,ephrem.daher@free.fr,newsletter,everyone,true,FR,,,,,,Mozilla/5.0
170789127,2025-08-16T15:04:25.839Z,abbeaym@gmail.com,newsletter,everyone,true,US,,,,,,Mozilla/5.0 (Windows NT 5.1; rv:11.0) Gecko Firefox/11.0 (via ggpht.com GoogleImageProxy)
170789127,2025-08-16T16:03:15.983Z,abbeaxelmehrkens@orange.fr,newsletter,everyone,true,US,,,,,,Mozilla/5.0
170789127,2025-08-17T00:18:41.459Z,lorine.basquebouvier@gmail.com,newsletter,everyone,true,FR,,,,,,Mozilla/5.0
170789127,2025-08-17T07:55:19.127Z,marieperrenot@yahoo.fr,newsletter,everyone,true,IE,,,,,,YahooMailProxy; https://help.yahoo.com/kb/yahoo-mail-proxy-SLN28749.html
170789127,2025-08-17T07:55:26.131Z,marieperrenot@yahoo.fr,newsletter,everyone,true,IE,,,,,,YahooMailProxy; https://help.yahoo.com/kb/yahoo-mail-proxy-SLN28749.html
170789127,2025-08-17T13:23:32.403Z,france.pittoresque@gmail.com,newsletter,everyone,true,FR,,,,,,Mozilla/5.0 (Windows NT 10.0; Win64; x64; rv:140.0) Gecko/20100101 Thunderbird/140.1.1
170789127,2025-08-17T14:59:50.120Z,abbeaxelmehrkens@orange.fr,newsletter,everyone,true,US,,,,,,Mozilla/5.0
170789127,2025-08-17T16:32:20.211Z,somialvi@gmail.com,newsletter,everyone,true,FR,,,,,,Mozilla/5.0 (Windows NT 10.0; Win64; x64; rv:141.0) Gecko/20100101 Thunderbird/141.0
170789127,2025-08-17T20:49:31.513Z,virginie.blazy@gmail.com,newsletter,everyone,true,FR,,,,,,"Mozilla/5.0 (Windows NT 10.0; Win64; x64) AppleWebKit/537.36 (KHTML, like Gecko) Chrome/139.0.0.0 Safari/537.36 Edg/139.0.0.0 OneOutlook/1.2025.806.300"
170789127,2025-08-18T05:06:17.227Z,hiriartclement@gmail.com,newsletter,everyone,true,US,,,,,,Mozilla/5.0 (Windows NT 5.1; rv:11.0) Gecko Firefox/11.0 (via ggpht.com GoogleImageProxy)
170789127,2025-08-18T09:26:52.630Z,france.pittoresque@gmail.com,newsletter,everyone,true,FR,,,,,,Mozilla/5.0 (Windows NT 10.0; Win64; x64; rv:140.0) Gecko/20100101 Thunderbird/140.1.1
170789127,2025-08-18T20:33:38.057Z,france.pittoresque@gmail.com,newsletter,everyone,true,FR,,,,,,Mozilla/5.0 (Windows NT 10.0; Win64; x64; rv:140.0) Gecko/20100101 Thunderbird/140.1.1
170789127,2025-08-25T08:36:49.318Z,lorine.basquebouvier@gmail.com,newsletter,everyone,true,FR,,,,,,Mozilla/5.0
170789127,2025-08-27T15:56:53.458Z,patriciababled@icloud.com,newsletter,everyone,true,US,,,,,,Mozilla/5.0
170789127,2025-08-31T20:37:53.799Z,achard.luc@wanadoo.fr,newsletter,everyone,true,FR,,,,,,Mozilla/5.0
170789127,2025-09-01T07:41:24.693Z,achard.luc@wanadoo.fr,newsletter,everyone,true,FR,,,,,,Mozilla/5.0
170789127,2025-09-05T14:11:05.981Z,ephrem.daher@free.fr,newsletter,everyone,true,FR,,,,,,Mozilla/5.0
