post_id,timestamp,email,post_type,post_audience,active_subscription,country,city,region,device_type,client_os,client_type,user_agent
170872171,2025-08-17T03:08:57.237Z,duhaldebordebernadette@orange.fr,newsletter,everyone,true,US,,,,,,Mozilla/5.0
170872171,2025-08-17T03:17:20.393Z,laetitiadebard64@gmail.com,newsletter,everyone,true,US,,,,,,Mozilla/5.0 (Windows NT 5.1; rv:11.0) Gecko Firefox/11.0 (via ggpht.com GoogleImageProxy)
170872171,2025-08-17T03:17:39.390Z,laetitiadebard64@gmail.com,newsletter,everyone,true,US,,,,,,Mozilla/5.0 (Windows NT 5.1; rv:11.0) Gecko Firefox/11.0 (via ggpht.com GoogleImageProxy)
170872171,2025-08-17T03:25:06.246Z,lorine.basquebouvier@gmail.com,newsletter,everyone,true,FR,,,,,,Mozilla/5.0
170872171,2025-08-17T03:27:35.937Z,lea.tipi@gmail.com,newsletter,everyone,true,US,,,,,,Mozilla/5.0
170872171,2025-08-17T03:35:56.979Z,pierre.doat@gmail.com,newsletter,everyone,true,FR,,,,,,Mozilla/5.0
170872171,2025-08-17T03:39:47.116Z,pierre.doat@gmail.com,newsletter,everyone,true,US,,,,,,Mozilla/5.0
170872171,2025-08-17T03:48:20.720Z,hiriartclement@gmail.com,newsletter,everyone,true,US,,,,,,Mozilla/5.0
170872171,2025-08-17T05:41:21.114Z,mfranc@csm.fr,newsletter,everyone,true,FR,,,,,,Mozilla/5.0
170872171,2025-08-17T05:44:54.868Z,gabriella.daher@free.fr,newsletter,everyone,true,FR,,,,,,Mozilla/5.0
170872171,2025-08-17T06:39:48.729Z,marieperrenot@yahoo.fr,newsletter,everyone,true,GB,,,,,,YahooMailProxy; https://help.yahoo.com/kb/yahoo-mail-proxy-SLN28749.html
170872171,2025-08-17T07:08:59.241Z,agnes.lagrolet@orange.fr,newsletter,everyone,true,FR,,,,,,"Mozilla/5.0 (Linux; Android 12; SM-A415F Build/SP1A.210812.016; wv) AppleWebKit/537.36 (KHTML, like Gecko) Version/4.0 Chrome/138.0.7204.158 Mobile Safari/537.36"
170872171,2025-08-17T07:19:12.870Z,france.pittoresque@gmail.com,newsletter,everyone,true,FR,,,,,,Mozilla/5.0 (Windows NT 10.0; Win64; x64; rv:140.0) Gecko/20100101 Thunderbird/140.1.1
170872171,2025-08-17T07:41:41.874Z,marieperrenot@yahoo.fr,newsletter,everyone,true,GB,,,,,,YahooMailProxy; https://help.yahoo.com/kb/yahoo-mail-proxy-SLN28749.html
170872171,2025-08-17T07:54:48.207Z,abbeaxelmehrkens@orange.fr,newsletter,everyone,true,FR,,,,,,Mozilla/5.0
170872171,2025-08-17T07:55:10.536Z,marieperrenot@yahoo.fr,newsletter,everyone,true,IE,,,,,,YahooMailProxy; https://help.yahoo.com/kb/yahoo-mail-proxy-SLN28749.html
170872171,2025-08-17T07:55:13.599Z,marieperrenot@yahoo.fr,newsletter,everyone,true,IE,,,,,,YahooMailProxy; https://help.yahoo.com/kb/yahoo-mail-proxy-SLN28749.html
170872171,2025-08-17T09:20:34.975Z,madx93320@gmail.com,newsletter,everyone,true,US,,,,,,Mozilla/5.0 (Windows NT 5.1; rv:11.0) Gecko Firefox/11.0 (via ggpht.com GoogleImageProxy)
170872171,2025-08-17T09:46:55.933Z,laetitiadebard64@gmail.com,newsletter,everyone,true,US,,,,,,Mozilla/5.0 (Windows NT 5.1; rv:11.0) Gecko Firefox/11.0 (via ggpht.com GoogleImageProxy)
170872171,2025-08-17T11:59:00.373Z,paulmarie.boutin@gmail.com,newsletter,everyone,true,US,,,,,,Mozilla/5.0 (Windows NT 5.1; rv:11.0) Gecko Firefox/11.0 (via ggpht.com GoogleImageProxy)
170872171,2025-08-17T12:10:24.677Z,sixtine.lamiot@hotmail.fr,newsletter,everyone,true,FR,,,,,,"Mozilla/5.0 (Linux; Android 13; 21061119DG Build/TP1A.220624.014; wv) AppleWebKit/537.36 (KHTML, like Gecko) Version/4.0 Chrome/137.0.7151.117 Mobile Safari/537.36"
170872171,2025-08-17T12:27:16.274Z,agnes.lagrolet@orange.fr,newsletter,everyone,true,FR,,,,,,"Mozilla/5.0 (Linux; Android 12; SM-A415F Build/SP1A.210812.016; wv) AppleWebKit/537.36 (KHTML, like Gecko) Version/4.0 Chrome/138.0.7204.158 Mobile Safari/537.36"
170872171,2025-08-17T14:21:08.349Z,marieperrenot@yahoo.fr,newsletter,everyone,true,GB,,,,,,YahooMailProxy; https://help.yahoo.com/kb/yahoo-mail-proxy-SLN28749.html
170872171,2025-08-17T14:23:36.845Z,marieperrenot@yahoo.fr,newsletter,everyone,true,GB,,,,,,YahooMailProxy; https://help.yahoo.com/kb/yahoo-mail-proxy-SLN28749.html
170872171,2025-08-17T14:26:40.339Z,marieperrenot@yahoo.fr,newsletter,everyone,true,NL,,,,,,YahooMailProxy; https://help.yahoo.com/kb/yahoo-mail-proxy-SLN28749.html
170872171,2025-08-17T14:59:50.122Z,abbeaxelmehrkens@orange.fr,newsletter,everyone,true,US,,,,,,Mozilla/5.0
170872171,2025-08-17T16:32:03.244Z,somialvi@gmail.com,newsletter,everyone,true,FR,,,,,,Mozilla/5.0 (Windows NT 10.0; Win64; x64; rv:141.0) Gecko/20100101 Thunderbird/141.0
170872171,2025-08-17T20:48:29.305Z,virginie.blazy@gmail.com,newsletter,everyone,true,FR,,,,,,"Mozilla/5.0 (Windows NT 10.0; Win64; x64) AppleWebKit/537.36 (KHTML, like Gecko) Chrome/139.0.0.0 Safari/537.36 Edg/139.0.0.0 OneOutlook/1.2025.806.300"
170872171,2025-08-18T05:06:23.932Z,hiriartclement@gmail.com,newsletter,everyone,true,US,,,,,,Mozilla/5.0 (Windows NT 5.1; rv:11.0) Gecko Firefox/11.0 (via ggpht.com GoogleImageProxy)
170872171,2025-08-18T05:46:42.392Z,madx93320@gmail.com,newsletter,everyone,true,US,,,,,,Mozilla/5.0 (Windows NT 5.1; rv:11.0) Gecko Firefox/11.0 (via ggpht.com GoogleImageProxy)
170872171,2025-08-18T14:32:16.650Z,ephrem.daher@free.fr,newsletter,everyone,true,US,,,,,,Mozilla/5.0
170872171,2025-08-25T08:36:49.316Z,lorine.basquebouvier@gmail.com,newsletter,everyone,true,FR,,,,,,Mozilla/5.0
170872171,2025-08-28T06:30:47.449Z,almrineau@gmail.com,newsletter,everyone,true,US,,,,,,Mozilla/5.0
170872171,2025-08-31T20:37:53.799Z,achard.luc@wanadoo.fr,newsletter,everyone,true,FR,,,,,,Mozilla/5.0
170872171,2025-09-02T13:45:56.724Z,pierre.doat@gmail.com,newsletter,everyone,true,FR,,,,,,Mozilla/5.0
170872171,2025-09-05T14:11:05.038Z,ephrem.daher@free.fr,newsletter,everyone,true,FR,,,,,,Mozilla/5.0
