post_id,timestamp,email,post_type,post_audience,active_subscription
170876886,2025-08-18T03:08:46.596Z,mfmtrainer00@gmail.com,newsletter,everyone,true
170876886,2025-08-18T03:08:47.501Z,france.pittoresque@gmail.com,newsletter,everyone,true
170876886,2025-08-18T03:08:48.354Z,virginie.blazy@gmail.com,newsletter,everyone,true
170876886,2025-08-18T03:08:49.164Z,alethdefonscolombe@gmail.com,newsletter,everyone,true
170876886,2025-08-18T03:08:49.209Z,marie-helene.soulier0705@orange.fr,newsletter,everyone,true
170876886,2025-08-18T03:08:49.673Z,sauzeatboris@gmail.com,newsletter,everyone,true
170876886,2025-08-18T03:08:49.909Z,fabienne.bastien1234@gmail.com,newsletter,everyone,true
170876886,2025-08-18T03:08:50.052Z,lorine.basquebouvier@gmail.com,newsletter,everyone,true
170876886,2025-08-18T03:08:50.096Z,lucreceamigues@gmail.com,newsletter,everyone,true
170876886,2025-08-18T03:08:50.122Z,somialvi@gmail.com,newsletter,everyone,true
170876886,2025-08-18T03:08:50.150Z,aamayon@gmail.com,newsletter,everyone,true
170876886,2025-08-18T03:08:50.175Z,paulmarie.boutin@gmail.com,newsletter,everyone,true
170876886,2025-08-18T03:08:50.177Z,laetitiadebard64@gmail.com,newsletter,everyone,true
170876886,2025-08-18T03:08:50.235Z,pierre.doat@gmail.com,newsletter,everyone,true
170876886,2025-08-18T03:08:50.531Z,madx93320@gmail.com,newsletter,everyone,true
170876886,2025-08-18T03:08:50.851Z,lea.tipi@gmail.com,newsletter,everyone,true
170876886,2025-08-18T03:08:51.108Z,ephrem.daher@free.fr,newsletter,everyone,true
170876886,2025-08-18T03:08:51.129Z,fabasphil@yahoo.fr,newsletter,everyone,true
170876886,2025-08-18T03:08:51.168Z,cpnioche@outlook.com,newsletter,everyone,true
170876886,2025-08-18T03:08:51.203Z,sixtine.lamiot@hotmail.fr,newsletter,everyone,true
170876886,2025-08-18T03:08:51.284Z,marieperrenot@yahoo.fr,newsletter,everyone,true
170876886,2025-08-18T03:08:51.293Z,gabriella.daher@free.fr,newsletter,everyone,true
170876886,2025-08-18T03:08:51.324Z,duhaldebordebernadette@orange.fr,newsletter,everyone,true
170876886,2025-08-18T03:08:51.349Z,lucilesarda38@gmail.com,newsletter,everyone,true
170876886,2025-08-18T03:08:51.552Z,agnes.lagrolet@orange.fr,newsletter,everyone,true
170876886,2025-08-18T03:08:51.595Z,achard.luc@wanadoo.fr,newsletter,everyone,true
170876886,2025-08-18T03:08:51.711Z,hiriartclement@gmail.com,newsletter,everyone,true
170876886,2025-08-18T03:08:51.730Z,juliaburfitt@yahoo.com,newsletter,everyone,true
170876886,2025-08-18T03:08:52.198Z,famille@duriez.biz,newsletter,everyone,true
170876886,2025-08-18T03:08:59.174Z,mfranc@csm.fr,newsletter,everyone,true
