post_id,timestamp,email,post_type,post_audience,active_subscription
170872171,2025-08-17T03:02:20.577Z,mfmtrainer00@gmail.com,newsletter,everyone,true
170872171,2025-08-17T03:02:21.124Z,france.pittoresque@gmail.com,newsletter,everyone,true
170872171,2025-08-17T03:02:21.604Z,sauzeatboris@gmail.com,newsletter,everyone,true
170872171,2025-08-17T03:02:21.698Z,virginie.blazy@gmail.com,newsletter,everyone,true
170872171,2025-08-17T03:02:22.133Z,alethdefonscolombe@gmail.com,newsletter,everyone,true
170872171,2025-08-17T03:02:22.578Z,juliaburfitt@yahoo.com,newsletter,everyone,true
170872171,2025-08-17T03:02:22.966Z,marie-helene.soulier0705@orange.fr,newsletter,everyone,true
170872171,2025-08-17T03:02:23.163Z,fabienne.bastien1234@gmail.com,newsletter,everyone,true
170872171,2025-08-17T03:02:23.188Z,sixtine.lamiot@hotmail.fr,newsletter,everyone,true
170872171,2025-08-17T03:02:23.537Z,lucreceamigues@gmail.com,newsletter,everyone,true
170872171,2025-08-17T03:02:23.542Z,lorine.basquebouvier@gmail.com,newsletter,everyone,true
170872171,2025-08-17T03:02:23.542Z,hiriartclement@gmail.com,newsletter,everyone,true
170872171,2025-08-17T03:02:23.554Z,lucilesarda38@gmail.com,newsletter,everyone,true
170872171,2025-08-17T03:02:23.581Z,paulmarie.boutin@gmail.com,newsletter,everyone,true
170872171,2025-08-17T03:02:23.596Z,almrineau@gmail.com,newsletter,everyone,true
170872171,2025-08-17T03:02:23.674Z,laetitiadebard64@gmail.com,newsletter,everyone,true
170872171,2025-08-17T03:02:23.720Z,pierre.doat@gmail.com,newsletter,everyone,true
170872171,2025-08-17T03:02:23.752Z,somialvi@gmail.com,newsletter,everyone,true
170872171,2025-08-17T03:02:23.835Z,lea.tipi@gmail.com,newsletter,everyone,true
170872171,2025-08-17T03:02:24.077Z,aamayon@gmail.com,newsletter,everyone,true
170872171,2025-08-17T03:02:24.308Z,marieperrenot@yahoo.fr,newsletter,everyone,true
170872171,2025-08-17T03:02:24.316Z,madx93320@gmail.com,newsletter,everyone,true
170872171,2025-08-17T03:02:24.520Z,gabriella.daher@free.fr,newsletter,everyone,true
170872171,2025-08-17T03:02:24.533Z,agnes.lagrolet@orange.fr,newsletter,everyone,true
170872171,2025-08-17T03:02:24.545Z,fabasphil@yahoo.fr,newsletter,everyone,true
170872171,2025-08-17T03:02:24.608Z,fdamay@yahoo.fr,newsletter,everyone,true
170872171,2025-08-17T03:02:24.641Z,lucmendiharat@yahoo.fr,newsletter,everyone,true
170872171,2025-08-17T03:02:24.795Z,ephrem.daher@free.fr,newsletter,everyone,true
170872171,2025-08-17T03:02:24.868Z,fernand.correia@live.fr,newsletter,everyone,true
170872171,2025-08-17T03:02:24.936Z,abbeaxelmehrkens@orange.fr,newsletter,everyone,true
170872171,2025-08-17T03:02:24.939Z,achard.luc@wanadoo.fr,newsletter,everyone,true
170872171,2025-08-17T03:02:25.052Z,duhaldebordebernadette@orange.fr,newsletter,everyone,true
170872171,2025-08-17T03:02:25.220Z,cpnioche@outlook.com,newsletter,everyone,true
170872171,2025-08-17T03:02:25.398Z,famille@duriez.biz,newsletter,everyone,true
170872171,2025-08-17T03:02:25.536Z,mfranc@csm.fr,newsletter,everyone,true
170872171,2025-08-17T03:02:25.589Z,matthieuchaudun@protonmail.com,newsletter,everyone,true
170872171,2025-08-17T03:12:26.693Z,helene.malavaud@free.fr,newsletter,everyone,true
