post_id,timestamp,email,post_type,post_audience,active_subscription
171032721,2025-08-19T03:10:26.408Z,mfmtrainer00@gmail.com,newsletter,everyone,true
171032721,2025-08-19T03:10:26.981Z,france.pittoresque@gmail.com,newsletter,everyone,true
171032721,2025-08-19T03:10:27.723Z,alethdefonscolombe@gmail.com,newsletter,everyone,true
171032721,2025-08-19T03:10:28.426Z,virginie.blazy@gmail.com,newsletter,everyone,true
171032721,2025-08-19T03:10:28.531Z,laetitiadebard64@gmail.com,newsletter,everyone,true
171032721,2025-08-19T03:10:28.602Z,sauzeatboris@gmail.com,newsletter,everyone,true
171032721,2025-08-19T03:10:28.739Z,marie-helene.soulier0705@orange.fr,newsletter,everyone,true
171032721,2025-08-19T03:10:28.768Z,fabienne.bastien1234@gmail.com,newsletter,everyone,true
171032721,2025-08-19T03:10:28.934Z,paulmarie.boutin@gmail.com,newsletter,everyone,true
171032721,2025-08-19T03:10:29.015Z,lucilesarda38@gmail.com,newsletter,everyone,true
171032721,2025-08-19T03:10:29.035Z,hiriartclement@gmail.com,newsletter,everyone,true
171032721,2025-08-19T03:10:29.066Z,somialvi@gmail.com,newsletter,everyone,true
171032721,2025-08-19T03:10:29.090Z,lucreceamigues@gmail.com,newsletter,everyone,true
171032721,2025-08-19T03:10:29.128Z,cpnioche@outlook.com,newsletter,everyone,true
171032721,2025-08-19T03:10:29.132Z,aamayon@gmail.com,newsletter,everyone,true
171032721,2025-08-19T03:10:29.139Z,pierre.doat@gmail.com,newsletter,everyone,true
171032721,2025-08-19T03:10:29.378Z,lea.tipi@gmail.com,newsletter,everyone,true
171032721,2025-08-19T03:10:29.584Z,lorine.basquebouvier@gmail.com,newsletter,everyone,true
171032721,2025-08-19T03:10:29.862Z,juliaburfitt@yahoo.com,newsletter,everyone,true
171032721,2025-08-19T03:10:30.148Z,mfranc@csm.fr,newsletter,everyone,true
171032721,2025-08-19T03:10:30.204Z,sixtine.lamiot@hotmail.fr,newsletter,everyone,true
171032721,2025-08-19T03:10:30.450Z,agnes.lagrolet@orange.fr,newsletter,everyone,true
171032721,2025-08-19T03:10:30.606Z,madx93320@gmail.com,newsletter,everyone,true
171032721,2025-08-19T03:10:30.719Z,fabasphil@yahoo.fr,newsletter,everyone,true
171032721,2025-08-19T03:10:30.845Z,marieperrenot@yahoo.fr,newsletter,everyone,true
171032721,2025-08-19T03:10:31.808Z,famille@duriez.biz,newsletter,everyone,true
171032721,2025-08-19T03:10:33.228Z,duhaldebordebernadette@orange.fr,newsletter,everyone,true
171032721,2025-08-19T03:10:34.350Z,achard.luc@wanadoo.fr,newsletter,everyone,true
