post_id,timestamp,email,post_type,post_audience,active_subscription
171121856,2025-08-20T03:14:33.696Z,mfmtrainer00@gmail.com,newsletter,everyone,true
171121856,2025-08-20T03:14:34.074Z,france.pittoresque@gmail.com,newsletter,everyone,true
171121856,2025-08-20T03:14:34.293Z,keraudrenp.501@gmail.com,newsletter,everyone,true
171121856,2025-08-20T03:14:36.072Z,sauzeatboris@gmail.com,newsletter,everyone,true
171121856,2025-08-20T03:14:36.236Z,virginie.blazy@gmail.com,newsletter,everyone,true
171121856,2025-08-20T03:14:36.357Z,alethdefonscolombe@gmail.com,newsletter,everyone,true
171121856,2025-08-20T03:14:37.822Z,somialvi@gmail.com,newsletter,everyone,true
171121856,2025-08-20T03:14:37.826Z,laetitiadebard64@gmail.com,newsletter,everyone,true
171121856,2025-08-20T03:14:38.152Z,fabienne.bastien1234@gmail.com,newsletter,everyone,true
171121856,2025-08-20T03:14:38.161Z,aamayon@gmail.com,newsletter,everyone,true
171121856,2025-08-20T03:14:38.255Z,lucilesarda38@gmail.com,newsletter,everyone,true
171121856,2025-08-20T03:14:38.455Z,hiriartclement@gmail.com,newsletter,everyone,true
171121856,2025-08-20T03:14:38.485Z,fabasphil@yahoo.fr,newsletter,everyone,true
171121856,2025-08-20T03:14:38.492Z,sixtine.lamiot@hotmail.fr,newsletter,everyone,true
171121856,2025-08-20T03:14:38.596Z,madx93320@gmail.com,newsletter,everyone,true
171121856,2025-08-20T03:14:38.943Z,lucreceamigues@gmail.com,newsletter,everyone,true
171121856,2025-08-20T03:14:38.961Z,pierre.doat@gmail.com,newsletter,everyone,true
171121856,2025-08-20T03:14:39.055Z,lorine.basquebouvier@gmail.com,newsletter,everyone,true
171121856,2025-08-20T03:14:39.161Z,lea.tipi@gmail.com,newsletter,everyone,true
171121856,2025-08-20T03:14:39.293Z,marieperrenot@yahoo.fr,newsletter,everyone,true
171121856,2025-08-20T03:14:39.364Z,duhaldebordebernadette@orange.fr,newsletter,everyone,true
171121856,2025-08-20T03:14:39.716Z,paulmarie.boutin@gmail.com,newsletter,everyone,true
171121856,2025-08-20T03:14:40.004Z,marie-helene.soulier0705@orange.fr,newsletter,everyone,true
171121856,2025-08-20T03:14:40.015Z,achard.luc@wanadoo.fr,newsletter,everyone,true
171121856,2025-08-20T03:14:40.041Z,mfranc@csm.fr,newsletter,everyone,true
171121856,2025-08-20T03:14:40.109Z,cpnioche@outlook.com,newsletter,everyone,true
171121856,2025-08-20T03:14:40.133Z,famille@duriez.biz,newsletter,everyone,true
171121856,2025-08-20T03:14:43.457Z,agnes.lagrolet@orange.fr,newsletter,everyone,true
