post_id,timestamp,email,post_type,post_audience,active_subscription
171210789,2025-08-21T03:16:27.207Z,france.pittoresque@gmail.com,newsletter,everyone,true
171210789,2025-08-21T03:16:27.344Z,mfmtrainer00@gmail.com,newsletter,everyone,true
171210789,2025-08-21T03:16:27.469Z,keraudrenp.501@gmail.com,newsletter,everyone,true
171210789,2025-08-21T03:16:28.272Z,marie-helene.soulier0705@orange.fr,newsletter,everyone,true
171210789,2025-08-21T03:16:28.287Z,sauzeatboris@gmail.com,newsletter,everyone,true
171210789,2025-08-21T03:16:28.610Z,virginie.blazy@gmail.com,newsletter,everyone,true
171210789,2025-08-21T03:16:29.948Z,alethdefonscolombe@gmail.com,newsletter,everyone,true
171210789,2025-08-21T03:16:31.304Z,fabienne.bastien1234@gmail.com,newsletter,everyone,true
171210789,2025-08-21T03:16:31.313Z,somialvi@gmail.com,newsletter,everyone,true
171210789,2025-08-21T03:16:31.386Z,sixtine.lamiot@hotmail.fr,newsletter,everyone,true
171210789,2025-08-21T03:16:31.419Z,aamayon@gmail.com,newsletter,everyone,true
171210789,2025-08-21T03:16:31.522Z,madx93320@gmail.com,newsletter,everyone,true
171210789,2025-08-21T03:16:31.592Z,lea.tipi@gmail.com,newsletter,everyone,true
171210789,2025-08-21T03:16:31.804Z,lucreceamigues@gmail.com,newsletter,everyone,true
171210789,2025-08-21T03:16:31.879Z,laetitiadebard64@gmail.com,newsletter,everyone,true
171210789,2025-08-21T03:16:32.358Z,agnes.lagrolet@orange.fr,newsletter,everyone,true
171210789,2025-08-21T03:16:32.380Z,marieperrenot@yahoo.fr,newsletter,everyone,true
171210789,2025-08-21T03:16:32.567Z,gabriella.daher@free.fr,newsletter,everyone,true
171210789,2025-08-21T03:16:32.695Z,hiriartclement@gmail.com,newsletter,everyone,true
171210789,2025-08-21T03:16:32.794Z,lucilesarda38@gmail.com,newsletter,everyone,true
171210789,2025-08-21T03:16:32.900Z,lorine.basquebouvier@gmail.com,newsletter,everyone,true
171210789,2025-08-21T03:16:32.932Z,pierre.doat@gmail.com,newsletter,everyone,true
171210789,2025-08-21T03:16:33.045Z,paulmarie.boutin@gmail.com,newsletter,everyone,true
171210789,2025-08-21T03:16:33.130Z,achard.luc@wanadoo.fr,newsletter,everyone,true
171210789,2025-08-21T03:16:33.436Z,ephrem.daher@free.fr,newsletter,everyone,true
171210789,2025-08-21T03:16:33.522Z,famille@duriez.biz,newsletter,everyone,true
171210789,2025-08-21T03:16:33.645Z,mfranc@csm.fr,newsletter,everyone,true
171210789,2025-08-21T03:16:33.655Z,cpnioche@outlook.com,newsletter,everyone,true
171210789,2025-08-21T03:16:33.743Z,duhaldebordebernadette@orange.fr,newsletter,everyone,true
171210789,2025-08-21T03:16:34.696Z,fabasphil@yahoo.fr,newsletter,everyone,true
