post_id,timestamp,email,post_type,post_audience,active_subscription
171350332,2025-08-22T03:08:24.831Z,keraudrenp.501@gmail.com,newsletter,everyone,true
171350332,2025-08-22T03:08:24.836Z,mfmtrainer00@gmail.com,newsletter,everyone,true
171350332,2025-08-22T03:08:25.341Z,sauzeatboris@gmail.com,newsletter,everyone,true
171350332,2025-08-22T03:08:25.620Z,virginie.blazy@gmail.com,newsletter,everyone,true
171350332,2025-08-22T03:08:26.274Z,marie-helene.soulier0705@orange.fr,newsletter,everyone,true
171350332,2025-08-22T03:08:26.448Z,france.pittoresque@gmail.com,newsletter,everyone,true
171350332,2025-08-22T03:08:26.816Z,somialvi@gmail.com,newsletter,everyone,true
171350332,2025-08-22T03:08:27.025Z,fabienne.bastien1234@gmail.com,newsletter,everyone,true
171350332,2025-08-22T03:08:27.278Z,duhaldebordebernadette@orange.fr,newsletter,everyone,true
171350332,2025-08-22T03:08:27.303Z,lorine.basquebouvier@gmail.com,newsletter,everyone,true
171350332,2025-08-22T03:08:27.308Z,sixtine.lamiot@hotmail.fr,newsletter,everyone,true
171350332,2025-08-22T03:08:27.353Z,aamayon@gmail.com,newsletter,everyone,true
171350332,2025-08-22T03:08:27.399Z,sarah.pourras@gmail.com,newsletter,everyone,true
171350332,2025-08-22T03:08:27.407Z,paulmarie.boutin@gmail.com,newsletter,everyone,true
171350332,2025-08-22T03:08:27.420Z,lucreceamigues@gmail.com,newsletter,everyone,true
171350332,2025-08-22T03:08:27.440Z,pierre.doat@gmail.com,newsletter,everyone,true
171350332,2025-08-22T03:08:27.442Z,laetitiadebard64@gmail.com,newsletter,everyone,true
171350332,2025-08-22T03:08:27.511Z,lea.tipi@gmail.com,newsletter,everyone,true
171350332,2025-08-22T03:08:27.514Z,hiriartclement@gmail.com,newsletter,everyone,true
171350332,2025-08-22T03:08:27.527Z,cpnioche@outlook.com,newsletter,everyone,true
171350332,2025-08-22T03:08:27.799Z,alethdefonscolombe@gmail.com,newsletter,everyone,true
171350332,2025-08-22T03:08:27.946Z,madx93320@gmail.com,newsletter,everyone,true
171350332,2025-08-22T03:08:28.512Z,gabriella.daher@free.fr,newsletter,everyone,true
171350332,2025-08-22T03:08:28.568Z,marieperrenot@yahoo.fr,newsletter,everyone,true
171350332,2025-08-22T03:08:28.869Z,lucilesarda38@gmail.com,newsletter,everyone,true
171350332,2025-08-22T03:08:28.882Z,achard.luc@wanadoo.fr,newsletter,everyone,true
171350332,2025-08-22T03:08:29.175Z,agnes.lagrolet@orange.fr,newsletter,everyone,true
171350332,2025-08-22T03:08:29.337Z,fabasphil@yahoo.fr,newsletter,everyone,true
171350332,2025-08-22T03:08:29.505Z,mfranc@csm.fr,newsletter,everyone,true
171350332,2025-08-22T03:08:29.669Z,ephrem.daher@free.fr,newsletter,everyone,true
171350332,2025-08-22T03:08:30.423Z,famille@duriez.biz,newsletter,everyone,true
