post_id,timestamp,email,post_type,post_audience,active_subscription
171490658,2025-08-24T03:13:31.643Z,france.pittoresque@gmail.com,newsletter,everyone,true
171490658,2025-08-24T03:13:31.933Z,keraudrenp.501@gmail.com,newsletter,everyone,true
171490658,2025-08-24T03:13:32.239Z,amonnetstaath@gmail.com,newsletter,everyone,true
171490658,2025-08-24T03:13:32.384Z,virginie.blazy@gmail.com,newsletter,everyone,true
171490658,2025-08-24T03:13:32.446Z,sauzeatboris@gmail.com,newsletter,everyone,true
171490658,2025-08-24T03:13:33.032Z,alethdefonscolombe@gmail.com,newsletter,everyone,true
171490658,2025-08-24T03:13:33.611Z,marie-helene.soulier0705@orange.fr,newsletter,everyone,true
171490658,2025-08-24T03:13:34.058Z,laetitiadebard64@gmail.com,newsletter,everyone,true
171490658,2025-08-24T03:13:34.128Z,fabienne.bastien1234@gmail.com,newsletter,everyone,true
171490658,2025-08-24T03:13:34.135Z,mfmtrainer00@gmail.com,newsletter,everyone,true
171490658,2025-08-24T03:13:34.273Z,somialvi@gmail.com,newsletter,everyone,true
171490658,2025-08-24T03:13:34.298Z,aamayon@gmail.com,newsletter,everyone,true
171490658,2025-08-24T03:13:34.305Z,hiriartclement@gmail.com,newsletter,everyone,true
171490658,2025-08-24T03:13:34.383Z,lucilesarda38@gmail.com,newsletter,everyone,true
171490658,2025-08-24T03:13:34.465Z,madx93320@gmail.com,newsletter,everyone,true
171490658,2025-08-24T03:13:34.469Z,lorine.basquebouvier@gmail.com,newsletter,everyone,true
171490658,2025-08-24T03:13:34.624Z,lea.tipi@gmail.com,newsletter,everyone,true
171490658,2025-08-24T03:13:34.646Z,paulmarie.boutin@gmail.com,newsletter,everyone,true
171490658,2025-08-24T03:13:35.131Z,sixtine.lamiot@hotmail.fr,newsletter,everyone,true
171490658,2025-08-24T03:13:35.201Z,duhaldebordebernadette@orange.fr,newsletter,everyone,true
171490658,2025-08-24T03:13:35.426Z,cpnioche@outlook.com,newsletter,everyone,true
171490658,2025-08-24T03:13:35.435Z,edy.custine@orange.fr,newsletter,everyone,true
171490658,2025-08-24T03:13:35.472Z,mfranc@csm.fr,newsletter,everyone,true
171490658,2025-08-24T03:13:35.530Z,fabasphil@yahoo.fr,newsletter,everyone,true
171490658,2025-08-24T03:13:35.754Z,achard.luc@wanadoo.fr,newsletter,everyone,true
171490658,2025-08-24T03:13:35.754Z,lucreceamigues@gmail.com,newsletter,everyone,true
171490658,2025-08-24T03:13:35.929Z,pierre.doat@gmail.com,newsletter,everyone,true
171490658,2025-08-24T03:13:36.207Z,agnes.lagrolet@orange.fr,newsletter,everyone,true
171490658,2025-08-24T03:13:36.260Z,marieperrenot@yahoo.fr,newsletter,everyone,true
171490658,2025-08-24T03:13:36.372Z,famille@duriez.biz,newsletter,everyone,true
