post_id,timestamp,email,post_type,post_audience,active_subscription,country,city,region,device_type,client_os,client_type,user_agent
171490658,2025-08-24T03:17:56.971Z,alethdefonscolombe@gmail.com,newsletter,everyone,true,US,,,,,,Mozilla/5.0 (Windows NT 5.1; rv:11.0) Gecko Firefox/11.0 (via ggpht.com GoogleImageProxy)
171490658,2025-08-24T03:22:46.321Z,somialvi@gmail.com,newsletter,everyone,true,FR,,,,,,Mozilla/5.0 (Windows NT 10.0; Win64; x64; rv:142.0) Gecko/20100101 Thunderbird/142.0
171490658,2025-08-24T03:26:02.208Z,somialvi@gmail.com,newsletter,everyone,true,FR,,,,,,Mozilla/5.0 (Windows NT 10.0; Win64; x64; rv:142.0) Gecko/20100101 Thunderbird/142.0
171490658,2025-08-24T03:26:11.772Z,somialvi@gmail.com,newsletter,everyone,true,FR,,,,,,Mozilla/5.0 (Windows NT 10.0; Win64; x64; rv:142.0) Gecko/20100101 Thunderbird/142.0
171490658,2025-08-24T03:37:53.873Z,lorine.basquebouvier@gmail.com,newsletter,everyone,true,FR,,,,,,Mozilla/5.0
171490658,2025-08-24T03:52:01.970Z,pierre.doat@gmail.com,newsletter,everyone,true,FR,,,,,,Mozilla/5.0
171490658,2025-08-24T03:54:57.163Z,pierre.doat@gmail.com,newsletter,everyone,true,FR,,,,,,Mozilla/5.0
171490658,2025-08-24T04:57:15.225Z,lea.tipi@gmail.com,newsletter,everyone,true,US,,,,,,Mozilla/5.0
171490658,2025-08-24T05:09:48.405Z,mfranc@csm.fr,newsletter,everyone,true,US,,,,,,Mozilla/5.0
171490658,2025-08-24T06:55:58.466Z,aamayon@gmail.com,newsletter,everyone,true,US,,,,,,Mozilla/5.0 (Windows NT 5.1; rv:11.0) Gecko Firefox/11.0 (via ggpht.com GoogleImageProxy)
171490658,2025-08-24T07:26:22.919Z,amonnetstaath@gmail.com,newsletter,everyone,true,US,,,,,,Mozilla/5.0 (Windows NT 5.1; rv:11.0) Gecko Firefox/11.0 (via ggpht.com GoogleImageProxy)
171490658,2025-08-24T09:19:52.509Z,france.pittoresque@gmail.com,newsletter,everyone,true,FR,,,,,,Mozilla/5.0 (Windows NT 10.0; Win64; x64; rv:140.0) Gecko/20100101 Thunderbird/140.1.1
171490658,2025-08-24T09:22:58.447Z,amonnetstaath@gmail.com,newsletter,everyone,true,US,,,,,,Mozilla/5.0 (Windows NT 5.1; rv:11.0) Gecko Firefox/11.0 (via ggpht.com GoogleImageProxy)
171490658,2025-08-24T09:46:15.443Z,laetitiadebard64@gmail.com,newsletter,everyone,true,US,,,,,,Mozilla/5.0 (Windows NT 5.1; rv:11.0) Gecko Firefox/11.0 (via ggpht.com GoogleImageProxy)
171490658,2025-08-24T10:38:35.446Z,marieperrenot@yahoo.fr,newsletter,everyone,true,NL,,,,,,YahooMailProxy; https://help.yahoo.com/kb/yahoo-mail-proxy-SLN28749.html
171490658,2025-08-24T13:18:42.637Z,madx93320@gmail.com,newsletter,everyone,true,US,,,,,,Mozilla/5.0 (Windows NT 5.1; rv:11.0) Gecko Firefox/11.0 (via ggpht.com GoogleImageProxy)
171490658,2025-08-24T13:32:29.002Z,virginie.blazy@gmail.com,newsletter,everyone,true,FR,,,,,,"Mozilla/5.0 (Windows NT 10.0; Win64; x64) AppleWebKit/537.36 (KHTML, like Gecko) Chrome/139.0.0.0 Safari/537.36 Edg/139.0.0.0 OneOutlook/1.2025.806.300"
171490658,2025-08-24T14:11:27.922Z,france.pittoresque@gmail.com,newsletter,everyone,true,FR,,,,,,Mozilla/5.0 (Windows NT 10.0; Win64; x64; rv:140.0) Gecko/20100101 Thunderbird/140.1.1
171490658,2025-08-24T15:49:09.537Z,lucilesarda38@gmail.com,newsletter,everyone,true,US,,,,,,Mozilla/5.0 (Windows NT 5.1; rv:11.0) Gecko Firefox/11.0 (via ggpht.com GoogleImageProxy)
171490658,2025-08-24T18:47:44.484Z,marieperrenot@yahoo.fr,newsletter,everyone,true,NL,,,,,,YahooMailProxy; https://help.yahoo.com/kb/yahoo-mail-proxy-SLN28749.html
171490658,2025-08-24T20:13:11.914Z,marieperrenot@yahoo.fr,newsletter,everyone,true,NL,,,,,,YahooMailProxy; https://help.yahoo.com/kb/yahoo-mail-proxy-SLN28749.html
171490658,2025-08-24T20:17:17.256Z,marieperrenot@yahoo.fr,newsletter,everyone,true,NL,,,,,,YahooMailProxy; https://help.yahoo.com/kb/yahoo-mail-proxy-SLN28749.html
171490658,2025-08-24T20:17:44.298Z,marieperrenot@yahoo.fr,newsletter,everyone,true,NL,,,,,,YahooMailProxy; https://help.yahoo.com/kb/yahoo-mail-proxy-SLN28749.html
171490658,2025-08-24T22:19:02.876Z,hiriartclement@gmail.com,newsletter,everyone,true,US,,,,,,Mozilla/5.0
171490658,2025-08-25T05:19:25.541Z,amonnetstaath@gmail.com,newsletter,everyone,true,US,,,,,,Mozilla/5.0 (Windows NT 5.1; rv:11.0) Gecko Firefox/11.0 (via ggpht.com GoogleImageProxy)
171490658,2025-08-25T08:27:55.423Z,france.pittoresque@gmail.com,newsletter,everyone,true,FR,,,,,,Mozilla/5.0 (Windows NT 10.0; Win64; x64; rv:140.0) Gecko/20100101 Thunderbird/140.1.1
171490658,2025-08-25T08:36:49.316Z,lorine.basquebouvier@gmail.com,newsletter,everyone,true,FR,,,,,,Mozilla/5.0
171490658,2025-08-25T08:48:14.770Z,lucreceamigues@gmail.com,newsletter,everyone,true,US,,,,,,Mozilla/5.0 (Windows NT 5.1; rv:11.0) Gecko Firefox/11.0 (via ggpht.com GoogleImageProxy)
171490658,2025-08-25T08:50:03.238Z,lucreceamigues@gmail.com,newsletter,everyone,true,US,,,,,,Mozilla/5.0 (Windows NT 5.1; rv:11.0) Gecko Firefox/11.0 (via ggpht.com GoogleImageProxy)
171490658,2025-08-25T09:48:58.868Z,france.pittoresque@gmail.com,newsletter,everyone,true,FR,,,,,,Mozilla/5.0 (Windows NT 10.0; Win64; x64; rv:140.0) Gecko/20100101 Thunderbird/140.1.1
171490658,2025-08-25T09:49:13.706Z,france.pittoresque@gmail.com,newsletter,everyone,true,FR,,,,,,Mozilla/5.0 (Windows NT 10.0; Win64; x64; rv:140.0) Gecko/20100101 Thunderbird/140.1.1
171490658,2025-08-25T17:14:36.314Z,france.pittoresque@gmail.com,newsletter,everyone,true,FR,,,,,,Mozilla/5.0 (Windows NT 10.0; Win64; x64; rv:140.0) Gecko/20100101 Thunderbird/140.1.1
171490658,2025-08-25T19:05:49.315Z,hiriartclement@gmail.com,newsletter,everyone,true,US,,,,,,Mozilla/5.0 (Windows NT 5.1; rv:11.0) Gecko Firefox/11.0 (via ggpht.com GoogleImageProxy)
171490658,2025-08-26T14:14:40.466Z,madx93320@gmail.com,newsletter,everyone,true,US,,,,,,Mozilla/5.0 (Windows NT 5.1; rv:11.0) Gecko Firefox/11.0 (via ggpht.com GoogleImageProxy)
