post_id,timestamp,email,post_type,post_audience,active_subscription
171445088,2025-08-23T03:14:49.261Z,mfmtrainer00@gmail.com,newsletter,everyone,true
171445088,2025-08-23T03:14:50.602Z,sauzeatboris@gmail.com,newsletter,everyone,true
171445088,2025-08-23T03:14:50.650Z,france.pittoresque@gmail.com,newsletter,everyone,true
171445088,2025-08-23T03:14:51.044Z,keraudrenp.501@gmail.com,newsletter,everyone,true
171445088,2025-08-23T03:14:51.133Z,virginie.blazy@gmail.com,newsletter,everyone,true
171445088,2025-08-23T03:14:51.167Z,alethdefonscolombe@gmail.com,newsletter,everyone,true
171445088,2025-08-23T03:14:52.076Z,marie-helene.soulier0705@orange.fr,newsletter,everyone,true
171445088,2025-08-23T03:14:52.631Z,amonnetstaath@gmail.com,newsletter,everyone,true
171445088,2025-08-23T03:14:53.312Z,laetitiadebard64@gmail.com,newsletter,everyone,true
171445088,2025-08-23T03:14:53.340Z,sarah.pourras@gmail.com,newsletter,everyone,true
171445088,2025-08-23T03:14:53.506Z,somialvi@gmail.com,newsletter,everyone,true
171445088,2025-08-23T03:14:53.524Z,fabienne.bastien1234@gmail.com,newsletter,everyone,true
171445088,2025-08-23T03:14:53.533Z,lucilesarda38@gmail.com,newsletter,everyone,true
171445088,2025-08-23T03:14:53.548Z,lorine.basquebouvier@gmail.com,newsletter,everyone,true
171445088,2025-08-23T03:14:53.586Z,aamayon@gmail.com,newsletter,everyone,true
171445088,2025-08-23T03:14:53.640Z,paulmarie.boutin@gmail.com,newsletter,everyone,true
171445088,2025-08-23T03:14:53.683Z,pierre.doat@gmail.com,newsletter,everyone,true
171445088,2025-08-23T03:14:53.805Z,hiriartclement@gmail.com,newsletter,everyone,true
171445088,2025-08-23T03:14:53.815Z,lucreceamigues@gmail.com,newsletter,everyone,true
171445088,2025-08-23T03:14:54.109Z,madx93320@gmail.com,newsletter,everyone,true
171445088,2025-08-23T03:14:54.384Z,sixtine.lamiot@hotmail.fr,newsletter,everyone,true
171445088,2025-08-23T03:14:54.468Z,duhaldebordebernadette@orange.fr,newsletter,everyone,true
171445088,2025-08-23T03:14:54.596Z,lea.tipi@gmail.com,newsletter,everyone,true
171445088,2025-08-23T03:14:54.760Z,marieperrenot@yahoo.fr,newsletter,everyone,true
171445088,2025-08-23T03:14:55.006Z,achard.luc@wanadoo.fr,newsletter,everyone,true
171445088,2025-08-23T03:14:55.020Z,mfranc@csm.fr,newsletter,everyone,true
171445088,2025-08-23T03:14:55.215Z,agnes.lagrolet@orange.fr,newsletter,everyone,true
171445088,2025-08-23T03:14:55.464Z,cpnioche@outlook.com,newsletter,everyone,true
171445088,2025-08-23T03:14:55.582Z,fabasphil@yahoo.fr,newsletter,everyone,true
171445088,2025-08-23T03:14:55.607Z,famille@duriez.biz,newsletter,everyone,true
