post_id,timestamp,email,post_type,post_audience,active_subscription
171576477,2025-08-25T02:50:43.158Z,mfmtrainer00@gmail.com,newsletter,everyone,true
171576477,2025-08-25T02:50:43.218Z,keraudrenp.501@gmail.com,newsletter,everyone,true
171576477,2025-08-25T02:50:43.352Z,sauzeatboris@gmail.com,newsletter,everyone,true
171576477,2025-08-25T02:50:43.982Z,amonnetstaath@gmail.com,newsletter,everyone,true
171576477,2025-08-25T02:50:44.058Z,france.pittoresque@gmail.com,newsletter,everyone,true
171576477,2025-08-25T02:50:44.343Z,virginie.blazy@gmail.com,newsletter,everyone,true
171576477,2025-08-25T02:50:44.501Z,alethdefonscolombe@gmail.com,newsletter,everyone,true
171576477,2025-08-25T02:50:44.707Z,marie-helene.soulier0705@orange.fr,newsletter,everyone,true
171576477,2025-08-25T02:50:45.275Z,lucilesarda38@gmail.com,newsletter,everyone,true
171576477,2025-08-25T02:50:45.392Z,somialvi@gmail.com,newsletter,everyone,true
171576477,2025-08-25T02:50:45.395Z,hiriartclement@gmail.com,newsletter,everyone,true
171576477,2025-08-25T02:50:45.420Z,lorine.basquebouvier@gmail.com,newsletter,everyone,true
171576477,2025-08-25T02:50:45.424Z,aamayon@gmail.com,newsletter,everyone,true
171576477,2025-08-25T02:50:45.493Z,lea.tipi@gmail.com,newsletter,everyone,true
171576477,2025-08-25T02:50:45.494Z,fabienne.bastien1234@gmail.com,newsletter,everyone,true
171576477,2025-08-25T02:50:45.566Z,paulmarie.boutin@gmail.com,newsletter,everyone,true
171576477,2025-08-25T02:50:45.578Z,cpnioche@outlook.com,newsletter,everyone,true
171576477,2025-08-25T02:50:45.639Z,laetitiadebard64@gmail.com,newsletter,everyone,true
171576477,2025-08-25T02:50:45.856Z,madx93320@gmail.com,newsletter,everyone,true
171576477,2025-08-25T02:50:45.956Z,fabasphil@yahoo.fr,newsletter,everyone,true
171576477,2025-08-25T02:50:45.996Z,lucreceamigues@gmail.com,newsletter,everyone,true
171576477,2025-08-25T02:50:46.488Z,agnes.lagrolet@orange.fr,newsletter,everyone,true
171576477,2025-08-25T02:50:46.670Z,sixtine.lamiot@hotmail.fr,newsletter,everyone,true
171576477,2025-08-25T02:50:46.677Z,gabriella.daher@free.fr,newsletter,everyone,true
171576477,2025-08-25T02:50:46.689Z,edy.custine@orange.fr,newsletter,everyone,true
171576477,2025-08-25T02:50:46.769Z,marieperrenot@yahoo.fr,newsletter,everyone,true
171576477,2025-08-25T02:50:46.812Z,achard.luc@wanadoo.fr,newsletter,everyone,true
171576477,2025-08-25T02:50:47.059Z,mfranc@csm.fr,newsletter,everyone,true
171576477,2025-08-25T02:50:47.224Z,duhaldebordebernadette@orange.fr,newsletter,everyone,true
171576477,2025-08-25T02:50:47.640Z,ephrem.daher@free.fr,newsletter,everyone,true
171576477,2025-08-25T02:50:47.859Z,famille@duriez.biz,newsletter,everyone,true
