post_id,timestamp,email,post_type,post_audience,active_subscription
171653649,2025-08-26T03:03:33.532Z,mfmtrainer00@gmail.com,newsletter,everyone,true
171653649,2025-08-26T03:03:35.218Z,keraudrenp.501@gmail.com,newsletter,everyone,true
171653649,2025-08-26T03:03:35.229Z,france.pittoresque@gmail.com,newsletter,everyone,true
171653649,2025-08-26T03:03:35.231Z,amonnetstaath@gmail.com,newsletter,everyone,true
171653649,2025-08-26T03:03:35.668Z,prof.georges.raad@gmail.com,newsletter,everyone,true
171653649,2025-08-26T03:03:35.839Z,virginie.blazy@gmail.com,newsletter,everyone,true
171653649,2025-08-26T03:03:35.923Z,sauzeatboris@gmail.com,newsletter,everyone,true
171653649,2025-08-26T03:03:36.430Z,alethdefonscolombe@gmail.com,newsletter,everyone,true
171653649,2025-08-26T03:03:36.613Z,karinba7@gmail.com,newsletter,everyone,true
171653649,2025-08-26T03:03:36.928Z,sidonie.cieutat@yahoo.fr,newsletter,everyone,true
171653649,2025-08-26T03:03:37.154Z,lucilesarda38@gmail.com,newsletter,everyone,true
171653649,2025-08-26T03:03:37.187Z,lorine.basquebouvier@gmail.com,newsletter,everyone,true
171653649,2025-08-26T03:03:37.223Z,paulmarie.boutin@gmail.com,newsletter,everyone,true
171653649,2025-08-26T03:03:37.261Z,edy.custine@orange.fr,newsletter,everyone,true
171653649,2025-08-26T03:03:37.330Z,somialvi@gmail.com,newsletter,everyone,true
171653649,2025-08-26T03:03:37.331Z,lucreceamigues@gmail.com,newsletter,everyone,true
171653649,2025-08-26T03:03:37.376Z,lea.tipi@gmail.com,newsletter,everyone,true
171653649,2025-08-26T03:03:37.425Z,madx93320@gmail.com,newsletter,everyone,true
171653649,2025-08-26T03:03:37.998Z,cpnioche@outlook.com,newsletter,everyone,true
171653649,2025-08-26T03:03:38.128Z,fabasphil@yahoo.fr,newsletter,everyone,true
171653649,2025-08-26T03:03:38.156Z,laetitiadebard64@gmail.com,newsletter,everyone,true
171653649,2025-08-26T03:03:38.208Z,aamayon@gmail.com,newsletter,everyone,true
171653649,2025-08-26T03:03:38.395Z,agnes.lagrolet@orange.fr,newsletter,everyone,true
171653649,2025-08-26T03:03:38.431Z,achard.luc@wanadoo.fr,newsletter,everyone,true
171653649,2025-08-26T03:03:38.746Z,hiriartclement@gmail.com,newsletter,everyone,true
171653649,2025-08-26T03:03:39.063Z,marieperrenot@yahoo.fr,newsletter,everyone,true
171653649,2025-08-26T03:03:39.215Z,sixtine.lamiot@hotmail.fr,newsletter,everyone,true
171653649,2025-08-26T03:03:39.433Z,fabienne.bastien1234@gmail.com,newsletter,everyone,true
171653649,2025-08-26T03:03:39.537Z,mfranc@csm.fr,newsletter,everyone,true
171653649,2025-08-26T03:03:40.670Z,famille@duriez.biz,newsletter,everyone,true
171653649,2025-08-26T03:03:40.689Z,duhaldebordebernadette@orange.fr,newsletter,everyone,true
171653649,2025-08-26T03:03:41.210Z,marie-helene.soulier0705@orange.fr,newsletter,everyone,true
