post_id,timestamp,email,post_type,post_audience,active_subscription
171720980,2025-08-27T03:14:42.846Z,mfmtrainer00@gmail.com,newsletter,everyone,true
171720980,2025-08-27T03:14:43.677Z,france.pittoresque@gmail.com,newsletter,everyone,true
171720980,2025-08-27T03:14:43.821Z,keraudrenp.501@gmail.com,newsletter,everyone,true
171720980,2025-08-27T03:14:43.911Z,prof.georges.raad@gmail.com,newsletter,everyone,true
171720980,2025-08-27T03:14:44.197Z,bibost.yves@gmail.com,newsletter,everyone,true
171720980,2025-08-27T03:14:44.254Z,virginie.blazy@gmail.com,newsletter,everyone,true
171720980,2025-08-27T03:14:44.669Z,karinba7@gmail.com,newsletter,everyone,true
171720980,2025-08-27T03:14:44.671Z,alethdefonscolombe@gmail.com,newsletter,everyone,true
171720980,2025-08-27T03:14:44.679Z,amonnetstaath@gmail.com,newsletter,everyone,true
171720980,2025-08-27T03:14:45.114Z,sauzeatboris@gmail.com,newsletter,everyone,true
171720980,2025-08-27T03:14:45.220Z,sidonie.cieutat@yahoo.fr,newsletter,everyone,true
171720980,2025-08-27T03:14:45.643Z,vincent.breban@gmail.com,newsletter,everyone,true
171720980,2025-08-27T03:14:45.745Z,somialvi@gmail.com,newsletter,everyone,true
171720980,2025-08-27T03:14:45.993Z,lorine.basquebouvier@gmail.com,newsletter,everyone,true
171720980,2025-08-27T03:14:45.997Z,paulmarie.boutin@gmail.com,newsletter,everyone,true
171720980,2025-08-27T03:14:46.019Z,lea.tipi@gmail.com,newsletter,everyone,true
171720980,2025-08-27T03:14:46.089Z,lucreceamigues@gmail.com,newsletter,everyone,true
171720980,2025-08-27T03:14:46.107Z,lucilesarda38@gmail.com,newsletter,everyone,true
171720980,2025-08-27T03:14:46.142Z,aamayon@gmail.com,newsletter,everyone,true
171720980,2025-08-27T03:14:46.151Z,fabienne.bastien1234@gmail.com,newsletter,everyone,true
171720980,2025-08-27T03:14:46.169Z,hiriartclement@gmail.com,newsletter,everyone,true
171720980,2025-08-27T03:14:46.227Z,laetitiadebard64@gmail.com,newsletter,everyone,true
171720980,2025-08-27T03:14:46.365Z,edy.custine@orange.fr,newsletter,everyone,true
171720980,2025-08-27T03:14:46.923Z,madx93320@gmail.com,newsletter,everyone,true
171720980,2025-08-27T03:14:47.158Z,sixtine.lamiot@hotmail.fr,newsletter,everyone,true
171720980,2025-08-27T03:14:47.179Z,fabasphil@yahoo.fr,newsletter,everyone,true
171720980,2025-08-27T03:14:47.734Z,mfranc@csm.fr,newsletter,everyone,true
171720980,2025-08-27T03:14:47.842Z,marieperrenot@yahoo.fr,newsletter,everyone,true
171720980,2025-08-27T03:14:48.101Z,ephrem.daher@free.fr,newsletter,everyone,true
171720980,2025-08-27T03:14:48.139Z,famille@duriez.biz,newsletter,everyone,true
171720980,2025-08-27T03:14:48.732Z,agnes.lagrolet@orange.fr,newsletter,everyone,true
171720980,2025-08-27T03:14:50.928Z,cpnioche@outlook.com,newsletter,everyone,true
171720980,2025-08-27T03:14:55.021Z,marie-helene.soulier0705@orange.fr,newsletter,everyone,true
171720980,2025-08-27T03:14:59.863Z,duhaldebordebernadette@orange.fr,newsletter,everyone,true
171720980,2025-08-27T03:16:02.352Z,gabriella.daher@free.fr,newsletter,everyone,true
171720980,2025-08-27T03:16:44.779Z,achard.luc@wanadoo.fr,newsletter,everyone,true
