post_id,timestamp,email,post_type,post_audience,active_subscription
171804444,2025-08-28T03:05:30.799Z,france.pittoresque@gmail.com,newsletter,everyone,true
171804444,2025-08-28T03:05:30.912Z,amonnetstaath@gmail.com,newsletter,everyone,true
171804444,2025-08-28T03:05:30.968Z,cartmilljohndavid@gmail.com,newsletter,everyone,true
171804444,2025-08-28T03:05:31.043Z,prof.georges.raad@gmail.com,newsletter,everyone,true
171804444,2025-08-28T03:05:31.100Z,sandunad1958@gmail.com,newsletter,everyone,true
171804444,2025-08-28T03:05:31.267Z,sauzeatboris@gmail.com,newsletter,everyone,true
171804444,2025-08-28T03:05:31.999Z,alethdefonscolombe@gmail.com,newsletter,everyone,true
171804444,2025-08-28T03:05:32.094Z,keraudrenp.501@gmail.com,newsletter,everyone,true
171804444,2025-08-28T03:05:32.155Z,fabienne.bastien1234@gmail.com,newsletter,everyone,true
171804444,2025-08-28T03:05:32.171Z,laetitiadebard64@gmail.com,newsletter,everyone,true
171804444,2025-08-28T03:05:32.242Z,lucilesarda38@gmail.com,newsletter,everyone,true
171804444,2025-08-28T03:05:32.247Z,aamayon@gmail.com,newsletter,everyone,true
171804444,2025-08-28T03:05:32.248Z,lucreceamigues@gmail.com,newsletter,everyone,true
171804444,2025-08-28T03:05:32.280Z,hiriartclement@gmail.com,newsletter,everyone,true
171804444,2025-08-28T03:05:32.280Z,lorine.basquebouvier@gmail.com,newsletter,everyone,true
171804444,2025-08-28T03:05:32.281Z,vincent.breban@gmail.com,newsletter,everyone,true
171804444,2025-08-28T03:05:32.289Z,sidonie.cieutat@yahoo.fr,newsletter,everyone,true
171804444,2025-08-28T03:05:32.324Z,paulmarie.boutin@gmail.com,newsletter,everyone,true
171804444,2025-08-28T03:05:32.444Z,cpnioche@outlook.com,newsletter,everyone,true
171804444,2025-08-28T03:05:32.490Z,virginie.blazy@gmail.com,newsletter,everyone,true
171804444,2025-08-28T03:05:32.548Z,karinba7@gmail.com,newsletter,everyone,true
171804444,2025-08-28T03:05:32.724Z,lea.tipi@gmail.com,newsletter,everyone,true
171804444,2025-08-28T03:05:33.171Z,famillegaillard@laposte.net,newsletter,everyone,true
171804444,2025-08-28T03:05:33.211Z,somialvi@gmail.com,newsletter,everyone,true
171804444,2025-08-28T03:05:33.331Z,marieperrenot@yahoo.fr,newsletter,everyone,true
171804444,2025-08-28T03:05:33.359Z,ephrem.daher@free.fr,newsletter,everyone,true
171804444,2025-08-28T03:05:33.395Z,gabriella.daher@free.fr,newsletter,everyone,true
171804444,2025-08-28T03:05:33.403Z,edy.custine@orange.fr,newsletter,everyone,true
171804444,2025-08-28T03:05:33.596Z,madx93320@gmail.com,newsletter,everyone,true
171804444,2025-08-28T03:05:33.761Z,agnes.lagrolet@orange.fr,newsletter,everyone,true
171804444,2025-08-28T03:05:33.812Z,achard.luc@wanadoo.fr,newsletter,everyone,true
171804444,2025-08-28T03:05:34.134Z,duhaldebordebernadette@orange.fr,newsletter,everyone,true
171804444,2025-08-28T03:05:34.187Z,fabasphil@yahoo.fr,newsletter,everyone,true
171804444,2025-08-28T03:05:34.842Z,mfranc@csm.fr,newsletter,everyone,true
171804444,2025-08-28T03:05:35.042Z,marie-helene.soulier0705@orange.fr,newsletter,everyone,true
