post_id,timestamp,email,post_type,post_audience,active_subscription
171911491,2025-08-29T03:06:23.061Z,sandunad1958@gmail.com,newsletter,everyone,true
171911491,2025-08-29T03:06:23.349Z,cartmilljohndavid@gmail.com,newsletter,everyone,true
171911491,2025-08-29T03:06:23.780Z,amonnetstaath@gmail.com,newsletter,everyone,true
171911491,2025-08-29T03:06:23.809Z,france.pittoresque@gmail.com,newsletter,everyone,true
171911491,2025-08-29T03:06:23.823Z,chris3005chp@gmail.com,newsletter,everyone,true
171911491,2025-08-29T03:06:24.017Z,keraudrenp.501@gmail.com,newsletter,everyone,true
171911491,2025-08-29T03:06:24.047Z,prof.georges.raad@gmail.com,newsletter,everyone,true
171911491,2025-08-29T03:06:24.204Z,sauzeatboris@gmail.com,newsletter,everyone,true
171911491,2025-08-29T03:06:24.648Z,alethdefonscolombe@gmail.com,newsletter,everyone,true
171911491,2025-08-29T03:06:24.853Z,karinba7@gmail.com,newsletter,everyone,true
171911491,2025-08-29T03:06:25.051Z,virginie.blazy@gmail.com,newsletter,everyone,true
171911491,2025-08-29T03:06:25.089Z,sidonie.cieutat@yahoo.fr,newsletter,everyone,true
171911491,2025-08-29T03:06:25.757Z,fabienne.bastien1234@gmail.com,newsletter,everyone,true
171911491,2025-08-29T03:06:25.956Z,laetitiadebard64@gmail.com,newsletter,everyone,true
171911491,2025-08-29T03:06:25.964Z,famillegaillard@laposte.net,newsletter,everyone,true
171911491,2025-08-29T03:06:26.240Z,paulmarie.boutin@gmail.com,newsletter,everyone,true
171911491,2025-08-29T03:06:26.360Z,lea.tipi@gmail.com,newsletter,everyone,true
171911491,2025-08-29T03:06:26.402Z,edy.custine@orange.fr,newsletter,everyone,true
171911491,2025-08-29T03:06:26.460Z,somialvi@gmail.com,newsletter,everyone,true
171911491,2025-08-29T03:06:26.461Z,lucreceamigues@gmail.com,newsletter,everyone,true
171911491,2025-08-29T03:06:26.493Z,madx93320@gmail.com,newsletter,everyone,true
171911491,2025-08-29T03:06:26.780Z,lucilesarda38@gmail.com,newsletter,everyone,true
171911491,2025-08-29T03:06:26.800Z,aamayon@gmail.com,newsletter,everyone,true
171911491,2025-08-29T03:06:26.956Z,hiriartclement@gmail.com,newsletter,everyone,true
171911491,2025-08-29T03:06:27.461Z,marieperrenot@yahoo.fr,newsletter,everyone,true
171911491,2025-08-29T03:06:27.506Z,fabasphil@yahoo.fr,newsletter,everyone,true
171911491,2025-08-29T03:06:27.780Z,lorine.basquebouvier@gmail.com,newsletter,everyone,true
171911491,2025-08-29T03:06:27.810Z,bakaybea@gmail.com,newsletter,everyone,true
171911491,2025-08-29T03:06:27.924Z,mfranc@csm.fr,newsletter,everyone,true
171911491,2025-08-29T03:06:28.275Z,duhaldebordebernadette@orange.fr,newsletter,everyone,true
171911491,2025-08-29T03:06:28.760Z,cpnioche@outlook.com,newsletter,everyone,true
171911491,2025-08-29T03:06:29.063Z,vincent.breban@gmail.com,newsletter,everyone,true
171911491,2025-08-29T03:06:30.053Z,marie-helene.soulier0705@orange.fr,newsletter,everyone,true
