post_id,timestamp,email,post_type,post_audience,active_subscription
172071152,2025-08-30T03:04:26.597Z,cartmilljohndavid@gmail.com,newsletter,everyone,true
172071152,2025-08-30T03:04:26.933Z,prof.georges.raad@gmail.com,newsletter,everyone,true
172071152,2025-08-30T03:04:26.981Z,france.pittoresque@gmail.com,newsletter,everyone,true
172071152,2025-08-30T03:04:27.234Z,amonnetstaath@gmail.com,newsletter,everyone,true
172071152,2025-08-30T03:04:27.345Z,chris3005chp@gmail.com,newsletter,everyone,true
172071152,2025-08-30T03:04:27.374Z,virginie.blazy@gmail.com,newsletter,everyone,true
172071152,2025-08-30T03:04:27.565Z,sauzeatboris@gmail.com,newsletter,everyone,true
172071152,2025-08-30T03:04:27.661Z,sandunad1958@gmail.com,newsletter,everyone,true
172071152,2025-08-30T03:04:27.971Z,karinba7@gmail.com,newsletter,everyone,true
172071152,2025-08-30T03:04:28.007Z,alethdefonscolombe@gmail.com,newsletter,everyone,true
172071152,2025-08-30T03:04:28.496Z,vincent.breban@gmail.com,newsletter,everyone,true
172071152,2025-08-30T03:04:28.623Z,keraudrenp.501@gmail.com,newsletter,everyone,true
172071152,2025-08-30T03:04:28.680Z,marie-helene.soulier0705@orange.fr,newsletter,everyone,true
172071152,2025-08-30T03:04:28.704Z,geraldine_hafkemeijer@hotmail.com,newsletter,everyone,true
172071152,2025-08-30T03:04:29.355Z,hiriartclement@gmail.com,newsletter,everyone,true
172071152,2025-08-30T03:04:29.364Z,sidonie.cieutat@yahoo.fr,newsletter,everyone,true
172071152,2025-08-30T03:04:29.372Z,laetitiadebard64@gmail.com,newsletter,everyone,true
172071152,2025-08-30T03:04:29.401Z,madx93320@gmail.com,newsletter,everyone,true
172071152,2025-08-30T03:04:29.411Z,lea.tipi@gmail.com,newsletter,everyone,true
172071152,2025-08-30T03:04:29.413Z,bakaybea@gmail.com,newsletter,everyone,true
172071152,2025-08-30T03:04:29.441Z,lorine.basquebouvier@gmail.com,newsletter,everyone,true
172071152,2025-08-30T03:04:29.468Z,fabienne.bastien1234@gmail.com,newsletter,everyone,true
172071152,2025-08-30T03:04:29.713Z,edy.custine@orange.fr,newsletter,everyone,true
172071152,2025-08-30T03:04:29.809Z,paulmarie.boutin@gmail.com,newsletter,everyone,true
172071152,2025-08-30T03:04:30.219Z,marieperrenot@yahoo.fr,newsletter,everyone,true
172071152,2025-08-30T03:04:30.294Z,fabasphil@yahoo.fr,newsletter,everyone,true
172071152,2025-08-30T03:04:30.363Z,somialvi@gmail.com,newsletter,everyone,true
172071152,2025-08-30T03:04:30.433Z,lucreceamigues@gmail.com,newsletter,everyone,true
172071152,2025-08-30T03:04:30.616Z,achard.luc@wanadoo.fr,newsletter,everyone,true
172071152,2025-08-30T03:04:30.788Z,mfranc@csm.fr,newsletter,everyone,true
172071152,2025-08-30T03:04:30.837Z,lucilesarda38@gmail.com,newsletter,everyone,true
172071152,2025-08-30T03:04:30.854Z,aamayon@gmail.com,newsletter,everyone,true
172071152,2025-08-30T03:04:30.883Z,agnes.lagrolet@orange.fr,newsletter,everyone,true
172071152,2025-08-30T03:04:31.903Z,cpnioche@outlook.com,newsletter,everyone,true
172071152,2025-08-30T03:04:36.148Z,duhaldebordebernadette@orange.fr,newsletter,everyone,true
