post_id,timestamp,email,post_type,post_audience,active_subscription
172112558,2025-08-31T03:10:30.993Z,sandunad1958@gmail.com,newsletter,everyone,true
172112558,2025-08-31T03:10:31.706Z,cartmilljohndavid@gmail.com,newsletter,everyone,true
172112558,2025-08-31T03:10:31.823Z,geraldine_hafkemeijer@hotmail.com,newsletter,everyone,true
172112558,2025-08-31T03:10:32.626Z,france.pittoresque@gmail.com,newsletter,everyone,true
172112558,2025-08-31T03:10:32.664Z,amonnetstaath@gmail.com,newsletter,everyone,true
172112558,2025-08-31T03:10:32.700Z,keraudrenp.501@gmail.com,newsletter,everyone,true
172112558,2025-08-31T03:10:33.372Z,prof.georges.raad@gmail.com,newsletter,everyone,true
172112558,2025-08-31T03:10:33.499Z,sauzeatboris@gmail.com,newsletter,everyone,true
172112558,2025-08-31T03:10:34.157Z,karinba7@gmail.com,newsletter,everyone,true
172112558,2025-08-31T03:10:34.227Z,flomaps@gmail.com,newsletter,everyone,true
172112558,2025-08-31T03:10:34.334Z,sylvainreymond@free.fr,newsletter,everyone,true
172112558,2025-08-31T03:10:34.385Z,chris3005chp@gmail.com,newsletter,everyone,true
172112558,2025-08-31T03:10:34.430Z,sidonie.cieutat@yahoo.fr,newsletter,everyone,true
172112558,2025-08-31T03:10:34.540Z,alethdefonscolombe@gmail.com,newsletter,everyone,true
172112558,2025-08-31T03:10:34.820Z,marie-helene.soulier0705@orange.fr,newsletter,everyone,true
172112558,2025-08-31T03:10:34.898Z,fabienne.bastien1234@gmail.com,newsletter,everyone,true
172112558,2025-08-31T03:10:35.052Z,virginie.blazy@gmail.com,newsletter,everyone,true
172112558,2025-08-31T03:10:35.055Z,somialvi@gmail.com,newsletter,everyone,true
172112558,2025-08-31T03:10:35.182Z,lorine.basquebouvier@gmail.com,newsletter,everyone,true
172112558,2025-08-31T03:10:35.204Z,lucreceamigues@gmail.com,newsletter,everyone,true
172112558,2025-08-31T03:10:35.208Z,lucilesarda38@gmail.com,newsletter,everyone,true
172112558,2025-08-31T03:10:35.222Z,laetitiadebard64@gmail.com,newsletter,everyone,true
172112558,2025-08-31T03:10:35.333Z,vincent.breban@gmail.com,newsletter,everyone,true
172112558,2025-08-31T03:10:35.440Z,hiriartclement@gmail.com,newsletter,everyone,true
172112558,2025-08-31T03:10:35.463Z,lea.tipi@gmail.com,newsletter,everyone,true
172112558,2025-08-31T03:10:35.568Z,edy.custine@orange.fr,newsletter,everyone,true
172112558,2025-08-31T03:10:35.639Z,madx93320@gmail.com,newsletter,everyone,true
172112558,2025-08-31T03:10:35.951Z,paulmarie.boutin@gmail.com,newsletter,everyone,true
172112558,2025-08-31T03:10:36.172Z,fabasphil@yahoo.fr,newsletter,everyone,true
172112558,2025-08-31T03:10:36.277Z,gabriella.daher@free.fr,newsletter,everyone,true
172112558,2025-08-31T03:10:36.369Z,mfranc@csm.fr,newsletter,everyone,true
172112558,2025-08-31T03:10:36.525Z,ephrem.daher@free.fr,newsletter,everyone,true
172112558,2025-08-31T03:10:36.599Z,bakaybea@gmail.com,newsletter,everyone,true
172112558,2025-08-31T03:10:36.698Z,agnes.lagrolet@orange.fr,newsletter,everyone,true
172112558,2025-08-31T03:10:36.806Z,aamayon@gmail.com,newsletter,everyone,true
172112558,2025-08-31T03:10:36.809Z,achard.luc@wanadoo.fr,newsletter,everyone,true
172112558,2025-08-31T03:10:37.038Z,duhaldebordebernadette@orange.fr,newsletter,everyone,true
172112558,2025-08-31T03:10:37.109Z,cpnioche@outlook.com,newsletter,everyone,true
172112558,2025-08-31T03:10:37.280Z,marieperrenot@yahoo.fr,newsletter,everyone,true
