post_id,timestamp,email,post_type,post_audience,active_subscription
172242901,2025-09-02T03:04:37.768Z,cartmilljohndavid@gmail.com,newsletter,everyone,true
172242901,2025-09-02T03:04:38.676Z,sandunad1958@gmail.com,newsletter,everyone,true
172242901,2025-09-02T03:04:39.069Z,geraldine_hafkemeijer@hotmail.com,newsletter,everyone,true
172242901,2025-09-02T03:04:39.218Z,sylvainreymond@free.fr,newsletter,everyone,true
172242901,2025-09-02T03:04:39.239Z,marie-helene.soulier0705@orange.fr,newsletter,everyone,true
172242901,2025-09-02T03:04:39.808Z,chris3005chp@gmail.com,newsletter,everyone,true
172242901,2025-09-02T03:04:40.238Z,sauzeatboris@gmail.com,newsletter,everyone,true
172242901,2025-09-02T03:04:40.317Z,virginie.blazy@gmail.com,newsletter,everyone,true
172242901,2025-09-02T03:04:40.345Z,france.pittoresque@gmail.com,newsletter,everyone,true
172242901,2025-09-02T03:04:40.468Z,prof.georges.raad@gmail.com,newsletter,everyone,true
172242901,2025-09-02T03:04:40.679Z,sidonie.cieutat@yahoo.fr,newsletter,everyone,true
172242901,2025-09-02T03:04:41.313Z,keraudrenp.501@gmail.com,newsletter,everyone,true
172242901,2025-09-02T03:04:41.797Z,lorine.basquebouvier@gmail.com,newsletter,everyone,true
172242901,2025-09-02T03:04:41.843Z,laetitiadebard64@gmail.com,newsletter,everyone,true
172242901,2025-09-02T03:04:41.857Z,hiriartclement@gmail.com,newsletter,everyone,true
172242901,2025-09-02T03:04:41.861Z,aamayon@gmail.com,newsletter,everyone,true
172242901,2025-09-02T03:04:41.876Z,krolima@protonmail.com,newsletter,everyone,true
172242901,2025-09-02T03:04:41.884Z,bakaybea@gmail.com,newsletter,everyone,true
172242901,2025-09-02T03:04:41.887Z,somialvi@gmail.com,newsletter,everyone,true
172242901,2025-09-02T03:04:41.900Z,lea.tipi@gmail.com,newsletter,everyone,true
172242901,2025-09-02T03:04:41.922Z,lucilesarda38@gmail.com,newsletter,everyone,true
172242901,2025-09-02T03:04:41.947Z,lucreceamigues@gmail.com,newsletter,everyone,true
172242901,2025-09-02T03:04:42.016Z,madx93320@gmail.com,newsletter,everyone,true
172242901,2025-09-02T03:04:42.021Z,paulmarie.boutin@gmail.com,newsletter,everyone,true
172242901,2025-09-02T03:04:42.252Z,agnes.lagrolet@orange.fr,newsletter,everyone,true
172242901,2025-09-02T03:04:42.328Z,achard.luc@wanadoo.fr,newsletter,everyone,true
172242901,2025-09-02T03:04:42.384Z,alethdefonscolombe@gmail.com,newsletter,everyone,true
172242901,2025-09-02T03:04:42.541Z,vincent.breban@gmail.com,newsletter,everyone,true
172242901,2025-09-02T03:04:42.578Z,karinba7@gmail.com,newsletter,everyone,true
172242901,2025-09-02T03:04:42.580Z,cpnioche@outlook.com,newsletter,everyone,true
172242901,2025-09-02T03:04:42.684Z,edy.custine@orange.fr,newsletter,everyone,true
172242901,2025-09-02T03:04:42.692Z,fabienne.bastien1234@gmail.com,newsletter,everyone,true
172242901,2025-09-02T03:04:43.111Z,fabasphil@yahoo.fr,newsletter,everyone,true
172242901,2025-09-02T03:04:43.373Z,mfranc@csm.fr,newsletter,everyone,true
172242901,2025-09-02T03:04:43.720Z,marieperrenot@yahoo.fr,newsletter,everyone,true
172242901,2025-09-02T03:06:39.162Z,gabriella.daher@free.fr,newsletter,everyone,true
172242901,2025-09-02T03:07:23.894Z,duhaldebordebernadette@orange.fr,newsletter,everyone,true
172242901,2025-09-02T03:21:04.096Z,ephrem.daher@free.fr,newsletter,everyone,true
