post_id,timestamp,email,post_type,post_audience,active_subscription
172241190,2025-09-01T03:04:25.232Z,cartmilljohndavid@gmail.com,newsletter,everyone,true
172241190,2025-09-01T03:04:25.946Z,sandunad1958@gmail.com,newsletter,everyone,true
172241190,2025-09-01T03:04:26.907Z,geraldine_hafkemeijer@hotmail.com,newsletter,everyone,true
172241190,2025-09-01T03:04:27.582Z,chris3005chp@gmail.com,newsletter,everyone,true
172241190,2025-09-01T03:04:27.585Z,france.pittoresque@gmail.com,newsletter,everyone,true
172241190,2025-09-01T03:04:27.639Z,prof.georges.raad@gmail.com,newsletter,everyone,true
172241190,2025-09-01T03:04:28.245Z,sauzeatboris@gmail.com,newsletter,everyone,true
172241190,2025-09-01T03:04:28.362Z,amonnetstaath@gmail.com,newsletter,everyone,true
172241190,2025-09-01T03:04:28.492Z,alethdefonscolombe@gmail.com,newsletter,everyone,true
172241190,2025-09-01T03:04:28.570Z,keraudrenp.501@gmail.com,newsletter,everyone,true
172241190,2025-09-01T03:04:28.774Z,virginie.blazy@gmail.com,newsletter,everyone,true
172241190,2025-09-01T03:04:28.920Z,flomaps@gmail.com,newsletter,everyone,true
172241190,2025-09-01T03:04:29.440Z,sidonie.cieutat@yahoo.fr,newsletter,everyone,true
172241190,2025-09-01T03:04:29.455Z,fabienne.bastien1234@gmail.com,newsletter,everyone,true
172241190,2025-09-01T03:04:29.527Z,vincent.breban@gmail.com,newsletter,everyone,true
172241190,2025-09-01T03:04:29.590Z,lucilesarda38@gmail.com,newsletter,everyone,true
172241190,2025-09-01T03:04:29.670Z,aamayon@gmail.com,newsletter,everyone,true
172241190,2025-09-01T03:04:29.683Z,laetitiadebard64@gmail.com,newsletter,everyone,true
172241190,2025-09-01T03:04:29.708Z,lea.tipi@gmail.com,newsletter,everyone,true
172241190,2025-09-01T03:04:29.778Z,paulmarie.boutin@gmail.com,newsletter,everyone,true
172241190,2025-09-01T03:04:29.888Z,somialvi@gmail.com,newsletter,everyone,true
172241190,2025-09-01T03:04:29.996Z,agnes.lagrolet@orange.fr,newsletter,everyone,true
172241190,2025-09-01T03:04:30.021Z,lorine.basquebouvier@gmail.com,newsletter,everyone,true
172241190,2025-09-01T03:04:30.099Z,cpnioche@outlook.com,newsletter,everyone,true
172241190,2025-09-01T03:04:30.120Z,karinba7@gmail.com,newsletter,everyone,true
172241190,2025-09-01T03:04:30.129Z,fabasphil@yahoo.fr,newsletter,everyone,true
172241190,2025-09-01T03:04:30.186Z,achard.luc@wanadoo.fr,newsletter,everyone,true
172241190,2025-09-01T03:04:30.556Z,hiriartclement@gmail.com,newsletter,everyone,true
172241190,2025-09-01T03:04:30.567Z,krolima@protonmail.com,newsletter,everyone,true
172241190,2025-09-01T03:04:30.600Z,bakaybea@gmail.com,newsletter,everyone,true
172241190,2025-09-01T03:04:30.634Z,marieperrenot@yahoo.fr,newsletter,everyone,true
172241190,2025-09-01T03:04:30.648Z,lucreceamigues@gmail.com,newsletter,everyone,true
172241190,2025-09-01T03:04:30.715Z,madx93320@gmail.com,newsletter,everyone,true
172241190,2025-09-01T03:04:32.181Z,mfranc@csm.fr,newsletter,everyone,true
172241190,2025-09-01T03:04:35.220Z,duhaldebordebernadette@orange.fr,newsletter,everyone,true
172241190,2025-09-01T03:06:19.820Z,marie-helene.soulier0705@orange.fr,newsletter,everyone,true
172241190,2025-09-01T03:06:21.098Z,edy.custine@orange.fr,newsletter,everyone,true
