post_id,timestamp,email,post_type,post_audience,active_subscription
172250050,2025-09-03T03:05:46.294Z,sandunad1958@gmail.com,newsletter,everyone,true
172250050,2025-09-03T03:05:46.321Z,cartmilljohndavid@gmail.com,newsletter,everyone,true
172250050,2025-09-03T03:05:46.534Z,france.pittoresque@gmail.com,newsletter,everyone,true
172250050,2025-09-03T03:05:46.571Z,prof.georges.raad@gmail.com,newsletter,everyone,true
172250050,2025-09-03T03:05:46.940Z,marie-helene.soulier0705@orange.fr,newsletter,everyone,true
172250050,2025-09-03T03:05:47.044Z,vincent.breban@gmail.com,newsletter,everyone,true
172250050,2025-09-03T03:05:47.048Z,alethdefonscolombe@gmail.com,newsletter,everyone,true
172250050,2025-09-03T03:05:47.190Z,yveline2604@gmail.com,newsletter,everyone,true
172250050,2025-09-03T03:05:47.217Z,karinba7@gmail.com,newsletter,everyone,true
172250050,2025-09-03T03:05:47.319Z,laetitiadebard64@gmail.com,newsletter,everyone,true
172250050,2025-09-03T03:05:47.321Z,jules.es@hotmail.fr,newsletter,everyone,true
172250050,2025-09-03T03:05:47.325Z,edy.custine@orange.fr,newsletter,everyone,true
172250050,2025-09-03T03:05:47.358Z,virginie.blazy@gmail.com,newsletter,everyone,true
172250050,2025-09-03T03:05:47.409Z,somialvi@gmail.com,newsletter,everyone,true
172250050,2025-09-03T03:05:47.410Z,chris3005chp@gmail.com,newsletter,everyone,true
172250050,2025-09-03T03:05:47.417Z,bakaybea@gmail.com,newsletter,everyone,true
172250050,2025-09-03T03:05:47.427Z,fabienne.bastien1234@gmail.com,newsletter,everyone,true
172250050,2025-09-03T03:05:47.429Z,lucilesarda38@gmail.com,newsletter,everyone,true
172250050,2025-09-03T03:05:47.441Z,sauzeatboris@gmail.com,newsletter,everyone,true
172250050,2025-09-03T03:05:47.512Z,keraudrenp.501@gmail.com,newsletter,everyone,true
172250050,2025-09-03T03:05:47.611Z,geraldine_hafkemeijer@hotmail.com,newsletter,everyone,true
172250050,2025-09-03T03:05:47.662Z,hiriartclement@gmail.com,newsletter,everyone,true
172250050,2025-09-03T03:05:47.713Z,lea.tipi@gmail.com,newsletter,everyone,true
172250050,2025-09-03T03:05:47.737Z,madx93320@gmail.com,newsletter,everyone,true
172250050,2025-09-03T03:05:47.773Z,lorine.basquebouvier@gmail.com,newsletter,everyone,true
172250050,2025-09-03T03:05:47.805Z,gabriella.daher@free.fr,newsletter,everyone,true
172250050,2025-09-03T03:05:47.824Z,duhaldebordebernadette@orange.fr,newsletter,everyone,true
172250050,2025-09-03T03:05:47.877Z,achard.luc@wanadoo.fr,newsletter,everyone,true
172250050,2025-09-03T03:05:47.890Z,ephrem.daher@free.fr,newsletter,everyone,true
172250050,2025-09-03T03:05:47.952Z,sylvainreymond@free.fr,newsletter,everyone,true
172250050,2025-09-03T03:05:48.083Z,sidonie.cieutat@yahoo.fr,newsletter,everyone,true
172250050,2025-09-03T03:05:48.137Z,krolima@protonmail.com,newsletter,everyone,true
172250050,2025-09-03T03:05:48.155Z,paulmarie.boutin@gmail.com,newsletter,everyone,true
172250050,2025-09-03T03:05:48.194Z,aamayon@gmail.com,newsletter,everyone,true
172250050,2025-09-03T03:05:48.327Z,lucreceamigues@gmail.com,newsletter,everyone,true
172250050,2025-09-03T03:05:48.568Z,agnes.lagrolet@orange.fr,newsletter,everyone,true
172250050,2025-09-03T03:05:48.654Z,marieperrenot@yahoo.fr,newsletter,everyone,true
172250050,2025-09-03T03:05:48.821Z,mfranc@csm.fr,newsletter,everyone,true
172250050,2025-09-03T03:05:48.906Z,fabasphil@yahoo.fr,newsletter,everyone,true
172250050,2025-09-03T03:05:49.625Z,cpnioche@outlook.com,newsletter,everyone,true
