post_id,timestamp,email,post_type,post_audience,active_subscription,country,city,region,device_type,client_os,client_type,user_agent
172242901,2025-09-02T03:13:30.176Z,lea.tipi@gmail.com,newsletter,everyone,true,FR,,,,,,Mozilla/5.0
172242901,2025-09-02T03:21:38.680Z,duhaldebordebernadette@orange.fr,newsletter,everyone,true,US,,,,,,Mozilla/5.0
172242901,2025-09-02T03:25:54.698Z,mfranc@csm.fr,newsletter,everyone,true,US,,,,,,Mozilla/5.0
172242901,2025-09-02T03:27:28.716Z,achard.luc@wanadoo.fr,newsletter,everyone,true,US,,,,,,Mozilla/5.0
172242901,2025-09-02T03:32:07.737Z,sidonie.cieutat@yahoo.fr,newsletter,everyone,true,US,,,,,,Mozilla/5.0
172242901,2025-09-02T03:35:01.987Z,lorine.basquebouvier@gmail.com,newsletter,everyone,true,FR,,,,,,Mozilla/5.0
172242901,2025-09-02T03:53:32.447Z,hiriartclement@gmail.com,newsletter,everyone,true,US,,,,,,Mozilla/5.0
172242901,2025-09-02T04:41:11.981Z,gabriella.daher@free.fr,newsletter,everyone,true,FR,,,,,,Mozilla/5.0
172242901,2025-09-02T04:52:27.144Z,vincent.breban@gmail.com,newsletter,everyone,true,US,,,,,,Mozilla/5.0 (Windows NT 5.1; rv:11.0) Gecko Firefox/11.0 (via ggpht.com GoogleImageProxy)
172242901,2025-09-02T04:56:17.662Z,vincent.breban@gmail.com,newsletter,everyone,true,US,,,,,,Mozilla/5.0 (Windows NT 5.1; rv:11.0) Gecko Firefox/11.0 (via ggpht.com GoogleImageProxy)
172242901,2025-09-02T04:56:30.752Z,vincent.breban@gmail.com,newsletter,everyone,true,US,,,,,,Mozilla/5.0 (Windows NT 5.1; rv:11.0) Gecko Firefox/11.0 (via ggpht.com GoogleImageProxy)
172242901,2025-09-02T04:56:57.816Z,vincent.breban@gmail.com,newsletter,everyone,true,US,,,,,,Mozilla/5.0 (Windows NT 5.1; rv:11.0) Gecko Firefox/11.0 (via ggpht.com GoogleImageProxy)
172242901,2025-09-02T05:14:26.542Z,sidonie.cieutat@yahoo.fr,newsletter,everyone,true,US,,,,,,Mozilla/5.0
172242901,2025-09-02T06:11:32.412Z,chris3005chp@gmail.com,newsletter,everyone,true,BD,,,,,,Mozilla/5.0
172242901,2025-09-02T06:33:14.982Z,agnes.lagrolet@orange.fr,newsletter,everyone,true,FR,,,,,,"Mozilla/5.0 (Linux; Android 12; SM-A415F Build/SP1A.210812.016; wv) AppleWebKit/537.36 (KHTML, like Gecko) Version/4.0 Chrome/139.0.7258.144 Mobile Safari/537.36"
172242901,2025-09-02T06:37:03.518Z,agnes.lagrolet@orange.fr,newsletter,everyone,true,FR,,,,,,"Mozilla/5.0 (Linux; Android 12; SM-A415F Build/SP1A.210812.016; wv) AppleWebKit/537.36 (KHTML, like Gecko) Version/4.0 Chrome/139.0.7258.144 Mobile Safari/537.36"
172242901,2025-09-02T07:03:44.639Z,marieperrenot@yahoo.fr,newsletter,everyone,true,NL,,,,,,YahooMailProxy; https://help.yahoo.com/kb/yahoo-mail-proxy-SLN28749.html
172242901,2025-09-02T07:05:06.013Z,fabasphil@yahoo.fr,newsletter,everyone,true,FR,,,,,,Mozilla/5.0
172242901,2025-09-02T07:08:59.782Z,aamayon@gmail.com,newsletter,everyone,true,FR,,,,,,"Mozilla/5.0 (Macintosh; Intel Mac OS X 10_14_3) AppleWebKit/605.1.15 (KHTML, like Gecko)"
172242901,2025-09-02T07:23:20.816Z,france.pittoresque@gmail.com,newsletter,everyone,true,FR,,,,,,Mozilla/5.0 (Windows NT 10.0; Win64; x64; rv:140.0) Gecko/20100101 Thunderbird/140.2.0
172242901,2025-09-02T07:28:30.840Z,france.pittoresque@gmail.com,newsletter,everyone,true,FR,,,,,,Mozilla/5.0 (Windows NT 10.0; Win64; x64; rv:140.0) Gecko/20100101 Thunderbird/140.2.0
172242901,2025-09-02T08:02:49.188Z,virginie.blazy@gmail.com,newsletter,everyone,true,FR,,,,,,"Mozilla/5.0 (Windows NT 10.0; Win64; x64) AppleWebKit/537.36 (KHTML, like Gecko) Chrome/139.0.0.0 Safari/537.36 Edg/139.0.0.0 OneOutlook/1.2025.806.300"
172242901,2025-09-02T08:02:49.258Z,virginie.blazy@gmail.com,newsletter,everyone,true,FR,,,,,,"Mozilla/5.0 (Windows NT 10.0; Win64; x64) AppleWebKit/537.36 (KHTML, like Gecko) Chrome/139.0.0.0 Safari/537.36 Edg/139.0.0.0 OneOutlook/1.2025.806.300"
172242901,2025-09-02T08:58:12.286Z,lucreceamigues@gmail.com,newsletter,everyone,true,US,,,,,,Mozilla/5.0 (Windows NT 5.1; rv:11.0) Gecko Firefox/11.0 (via ggpht.com GoogleImageProxy)
172242901,2025-09-02T08:58:18.471Z,lucreceamigues@gmail.com,newsletter,everyone,true,US,,,,,,Mozilla/5.0 (Windows NT 5.1; rv:11.0) Gecko Firefox/11.0 (via ggpht.com GoogleImageProxy)
172242901,2025-09-02T08:59:19.488Z,lucreceamigues@gmail.com,newsletter,everyone,true,US,,,,,,Mozilla/5.0 (Windows NT 5.1; rv:11.0) Gecko Firefox/11.0 (via ggpht.com GoogleImageProxy)
172242901,2025-09-02T08:59:23.820Z,lucreceamigues@gmail.com,newsletter,everyone,true,US,,,,,,Mozilla/5.0 (Windows NT 5.1; rv:11.0) Gecko Firefox/11.0 (via ggpht.com GoogleImageProxy)
172242901,2025-09-02T11:33:36.501Z,sidonie.cieutat@yahoo.fr,newsletter,everyone,true,FR,,,,,,Mozilla/5.0
172242901,2025-09-02T12:00:30.303Z,madx93320@gmail.com,newsletter,everyone,true,US,,,,,,Mozilla/5.0 (Windows NT 5.1; rv:11.0) Gecko Firefox/11.0 (via ggpht.com GoogleImageProxy)
172242901,2025-09-02T13:47:34.396Z,vincent.breban@gmail.com,newsletter,everyone,true,US,,,,,,Mozilla/5.0
172242901,2025-09-02T16:36:05.888Z,laetitiadebard64@gmail.com,newsletter,everyone,true,US,,,,,,Mozilla/5.0 (Windows NT 5.1; rv:11.0) Gecko Firefox/11.0 (via ggpht.com GoogleImageProxy)
172242901,2025-09-02T16:36:09.726Z,laetitiadebard64@gmail.com,newsletter,everyone,true,US,,,,,,Mozilla/5.0 (Windows NT 5.1; rv:11.0) Gecko Firefox/11.0 (via ggpht.com GoogleImageProxy)
172242901,2025-09-02T16:40:02.639Z,laetitiadebard64@gmail.com,newsletter,everyone,true,US,,,,,,Mozilla/5.0 (Windows NT 5.1; rv:11.0) Gecko Firefox/11.0 (via ggpht.com GoogleImageProxy)
172242901,2025-09-02T16:40:32.102Z,laetitiadebard64@gmail.com,newsletter,everyone,true,US,,,,,,Mozilla/5.0 (Windows NT 5.1; rv:11.0) Gecko Firefox/11.0 (via ggpht.com GoogleImageProxy)
172242901,2025-09-02T17:04:46.362Z,france.pittoresque@gmail.com,newsletter,everyone,true,FR,,,,,,Mozilla/5.0 (Windows NT 10.0; Win64; x64; rv:140.0) Gecko/20100101 Thunderbird/140.2.0
172242901,2025-09-02T17:16:56.877Z,paulmarie.boutin@gmail.com,newsletter,everyone,true,US,,,,,,Mozilla/5.0 (Windows NT 5.1; rv:11.0) Gecko Firefox/11.0 (via ggpht.com GoogleImageProxy)
172242901,2025-09-02T18:26:59.308Z,lorine.basquebouvier@gmail.com,newsletter,everyone,true,FR,,,,,,Mozilla/5.0
172242901,2025-09-02T18:30:32.699Z,marieperrenot@yahoo.fr,newsletter,everyone,true,IE,,,,,,YahooMailProxy; https://help.yahoo.com/kb/yahoo-mail-proxy-SLN28749.html
172242901,2025-09-02T21:18:19.443Z,geraldine_hafkemeijer@hotmail.com,newsletter,everyone,true,US,,,,,,Mozilla/5.0
172242901,2025-09-03T05:25:56.788Z,hiriartclement@gmail.com,newsletter,everyone,true,US,,,,,,Mozilla/5.0 (Windows NT 5.1; rv:11.0) Gecko Firefox/11.0 (via ggpht.com GoogleImageProxy)
172242901,2025-09-03T10:21:01.491Z,lucreceamigues@gmail.com,newsletter,everyone,true,US,,,,,,Mozilla/5.0 (Windows NT 5.1; rv:11.0) Gecko Firefox/11.0 (via ggpht.com GoogleImageProxy)
172242901,2025-09-03T18:05:18.227Z,somialvi@gmail.com,newsletter,everyone,true,FR,,,,,,Mozilla/5.0 (Windows NT 10.0; Win64; x64; rv:142.0) Gecko/20100101 Thunderbird/142.0
172242901,2025-09-04T05:23:19.398Z,ephrem.daher@free.fr,newsletter,everyone,true,US,,,,,,Mozilla/5.0
172242901,2025-09-05T23:13:54.953Z,vincent.breban@gmail.com,newsletter,everyone,true,US,,,,,,Mozilla/5.0
172242901,2025-09-06T07:06:49.549Z,vincent.breban@gmail.com,newsletter,everyone,true,US,,,,,,Mozilla/5.0
172242901,2025-09-19T18:35:55.770Z,sidonie.cieutat@yahoo.fr,newsletter,everyone,true,FR,,,,,,Mozilla/5.0
172242901,2025-09-27T18:42:20.003Z,madx93320@gmail.com,newsletter,everyone,true,US,,,,,,Mozilla/5.0 (Windows NT 5.1; rv:11.0) Gecko Firefox/11.0 (via ggpht.com GoogleImageProxy)
