post_id,timestamp,email,post_type,post_audience,active_subscription
172354315,2025-09-04T03:04:55.463Z,cartmilljohndavid@gmail.com,newsletter,everyone,true
172354315,2025-09-04T03:04:55.552Z,alethdefonscolombe@gmail.com,newsletter,everyone,true
172354315,2025-09-04T03:04:55.676Z,prof.georges.raad@gmail.com,newsletter,everyone,true
172354315,2025-09-04T03:04:55.684Z,france.pittoresque@gmail.com,newsletter,everyone,true
172354315,2025-09-04T03:04:55.776Z,sandunad1958@gmail.com,newsletter,everyone,true
172354315,2025-09-04T03:04:55.780Z,karinba7@gmail.com,newsletter,everyone,true
172354315,2025-09-04T03:04:55.884Z,vincent.breban@gmail.com,newsletter,everyone,true
172354315,2025-09-04T03:04:55.904Z,yveline2604@gmail.com,newsletter,everyone,true
172354315,2025-09-04T03:04:56.331Z,somialvi@gmail.com,newsletter,everyone,true
172354315,2025-09-04T03:04:56.450Z,keraudrenp.501@gmail.com,newsletter,everyone,true
172354315,2025-09-04T03:04:56.487Z,fabienne.bastien1234@gmail.com,newsletter,everyone,true
172354315,2025-09-04T03:04:56.664Z,laetitiadebard64@gmail.com,newsletter,everyone,true
172354315,2025-09-04T03:04:56.765Z,lucreceamigues@gmail.com,newsletter,everyone,true
172354315,2025-09-04T03:04:56.883Z,jules.es@hotmail.fr,newsletter,everyone,true
172354315,2025-09-04T03:04:56.908Z,lucilesarda38@gmail.com,newsletter,everyone,true
172354315,2025-09-04T03:04:56.976Z,aamayon@gmail.com,newsletter,everyone,true
172354315,2025-09-04T03:04:56.981Z,hiriartclement@gmail.com,newsletter,everyone,true
172354315,2025-09-04T03:04:56.984Z,ephrem.daher@free.fr,newsletter,everyone,true
172354315,2025-09-04T03:04:56.995Z,lea.tipi@gmail.com,newsletter,everyone,true
172354315,2025-09-04T03:04:57.095Z,chris3005chp@gmail.com,newsletter,everyone,true
172354315,2025-09-04T03:04:57.128Z,gabriella.daher@free.fr,newsletter,everyone,true
172354315,2025-09-04T03:04:57.191Z,bakaybea@gmail.com,newsletter,everyone,true
172354315,2025-09-04T03:04:57.202Z,madx93320@gmail.com,newsletter,everyone,true
172354315,2025-09-04T03:04:57.445Z,sauzeatboris@gmail.com,newsletter,everyone,true
172354315,2025-09-04T03:04:57.641Z,geraldine_hafkemeijer@hotmail.com,newsletter,everyone,true
172354315,2025-09-04T03:04:57.676Z,lorine.basquebouvier@gmail.com,newsletter,everyone,true
172354315,2025-09-04T03:04:57.728Z,sidonie.cieutat@yahoo.fr,newsletter,everyone,true
172354315,2025-09-04T03:04:57.944Z,virginie.blazy@gmail.com,newsletter,everyone,true
172354315,2025-09-04T03:04:58.081Z,cpnioche@outlook.com,newsletter,everyone,true
172354315,2025-09-04T03:04:58.122Z,mfranc@csm.fr,newsletter,everyone,true
172354315,2025-09-04T03:04:58.798Z,fabasphil@yahoo.fr,newsletter,everyone,true
172354315,2025-09-04T03:04:59.336Z,krolima@protonmail.com,newsletter,everyone,true
172354315,2025-09-04T03:05:01.029Z,marieperrenot@yahoo.fr,newsletter,everyone,true
172354315,2025-09-04T03:06:09.537Z,sylvainreymond@free.fr,newsletter,everyone,true
172354315,2025-09-04T03:06:13.858Z,agnes.lagrolet@orange.fr,newsletter,everyone,true
172354315,2025-09-04T03:06:26.163Z,achard.luc@wanadoo.fr,newsletter,everyone,true
172354315,2025-09-04T03:07:49.480Z,marie-helene.soulier0705@orange.fr,newsletter,everyone,true
172354315,2025-09-04T03:08:02.908Z,duhaldebordebernadette@orange.fr,newsletter,everyone,true
172354315,2025-09-04T03:08:23.075Z,edy.custine@orange.fr,newsletter,everyone,true
