post_id,timestamp,email,post_type,post_audience,active_subscription,country,city,region,device_type,client_os,client_type,user_agent
172477996,2025-09-07T03:12:38.219Z,somialvi@gmail.com,newsletter,everyone,true,US,,,,,,Mozilla/5.0 (Windows NT 5.1; rv:11.0) Gecko Firefox/11.0 (via ggpht.com GoogleImageProxy)
172477996,2025-09-07T03:12:39.698Z,somialvi@gmail.com,newsletter,everyone,true,US,,,,,,Mozilla/5.0 (Windows NT 5.1; rv:11.0) Gecko Firefox/11.0 (via ggpht.com GoogleImageProxy)
172477996,2025-09-07T03:21:25.205Z,vincent.breban@gmail.com,newsletter,everyone,true,US,,,,,,Mozilla/5.0
172477996,2025-09-07T03:23:42.596Z,duhaldebordebernadette@orange.fr,newsletter,everyone,true,US,,,,,,Mozilla/5.0
172477996,2025-09-07T03:24:08.319Z,sidonie.cieutat@yahoo.fr,newsletter,everyone,true,US,,,,,,Mozilla/5.0
172477996,2025-09-07T03:38:22.315Z,hiriartclement@gmail.com,newsletter,everyone,true,FR,,,,,,Mozilla/5.0
172477996,2025-09-07T03:43:12.235Z,lorine.basquebouvier@gmail.com,newsletter,everyone,true,FR,,,,,,Mozilla/5.0
172477996,2025-09-07T04:00:52.069Z,lea.tipi@gmail.com,newsletter,everyone,true,FR,,,,,,Mozilla/5.0
172477996,2025-09-07T04:03:30.176Z,madx93320@gmail.com,newsletter,everyone,true,US,,,,,,Mozilla/5.0 (Windows NT 5.1; rv:11.0) Gecko Firefox/11.0 (via ggpht.com GoogleImageProxy)
172477996,2025-09-07T05:23:12.462Z,gabriella.daher@free.fr,newsletter,everyone,true,FR,,,,,,Mozilla/5.0
172477996,2025-09-07T05:32:13.149Z,madx93320@gmail.com,newsletter,everyone,true,US,,,,,,Mozilla/5.0 (Windows NT 5.1; rv:11.0) Gecko Firefox/11.0 (via ggpht.com GoogleImageProxy)
172477996,2025-09-07T06:08:29.794Z,ephrem.daher@free.fr,newsletter,everyone,true,FR,,,,,,Mozilla/5.0
172477996,2025-09-07T07:13:27.481Z,aamayon@gmail.com,newsletter,everyone,true,US,,,,,,Mozilla/5.0 (Windows NT 5.1; rv:11.0) Gecko Firefox/11.0 (via ggpht.com GoogleImageProxy)
172477996,2025-09-07T08:04:17.882Z,fabasphil@yahoo.fr,newsletter,everyone,true,NL,,,,,,YahooMailProxy; https://help.yahoo.com/kb/yahoo-mail-proxy-SLN28749.html
172477996,2025-09-07T12:52:49.222Z,chris3005chp@gmail.com,newsletter,everyone,true,US,,,,,,Mozilla/5.0 (Windows NT 5.1; rv:11.0) Gecko Firefox/11.0 (via ggpht.com GoogleImageProxy)
172477996,2025-09-07T15:44:06.233Z,ephrem.daher@free.fr,newsletter,everyone,true,FR,,,,,,Mozilla/5.0
172477996,2025-09-07T17:49:18.574Z,achard.luc@wanadoo.fr,newsletter,everyone,true,US,,,,,,Mozilla/5.0
172477996,2025-09-07T19:15:15.626Z,marieperrenot@yahoo.fr,newsletter,everyone,true,NL,,,,,,YahooMailProxy; https://help.yahoo.com/kb/yahoo-mail-proxy-SLN28749.html
172477996,2025-09-07T19:28:33.524Z,achard.luc@wanadoo.fr,newsletter,everyone,true,US,,,,,,Mozilla/5.0
172477996,2025-09-07T21:24:23.720Z,geraldine_hafkemeijer@hotmail.com,newsletter,everyone,true,NL,,,,,,Mozilla/5.0
172477996,2025-09-08T06:01:42.203Z,madx93320@gmail.com,newsletter,everyone,true,US,,,,,,Mozilla/5.0 (Windows NT 5.1; rv:11.0) Gecko Firefox/11.0 (via ggpht.com GoogleImageProxy)
172477996,2025-09-08T07:02:37.980Z,agnes.lagrolet@orange.fr,newsletter,everyone,true,FR,,,,,,"Mozilla/5.0 (Linux; Android 12; SM-A415F Build/SP1A.210812.016; wv) AppleWebKit/537.36 (KHTML, like Gecko) Version/4.0 Chrome/139.0.7258.144 Mobile Safari/537.36"
172477996,2025-09-08T07:02:55.295Z,agnes.lagrolet@orange.fr,newsletter,everyone,true,FR,,,,,,"Mozilla/5.0 (Linux; Android 12; SM-A415F Build/SP1A.210812.016; wv) AppleWebKit/537.36 (KHTML, like Gecko) Version/4.0 Chrome/139.0.7258.144 Mobile Safari/537.36"
172477996,2025-09-08T07:02:57.505Z,agnes.lagrolet@orange.fr,newsletter,everyone,true,FR,,,,,,"Mozilla/5.0 (Linux; Android 12; SM-A415F Build/SP1A.210812.016; wv) AppleWebKit/537.36 (KHTML, like Gecko) Version/4.0 Chrome/139.0.7258.144 Mobile Safari/537.36"
172477996,2025-09-08T07:20:19.721Z,laetitiadebard64@gmail.com,newsletter,everyone,true,US,,,,,,Mozilla/5.0 (Windows NT 5.1; rv:11.0) Gecko Firefox/11.0 (via ggpht.com GoogleImageProxy)
172477996,2025-09-08T07:20:53.922Z,laetitiadebard64@gmail.com,newsletter,everyone,true,US,,,,,,Mozilla/5.0 (Windows NT 5.1; rv:11.0) Gecko Firefox/11.0 (via ggpht.com GoogleImageProxy)
172477996,2025-09-08T09:22:06.870Z,mfranc@csm.fr,newsletter,everyone,true,FR,,,,,,Mozilla/5.0
172477996,2025-09-08T09:39:30.570Z,mfranc@csm.fr,newsletter,everyone,true,FR,,,,,,Mozilla/5.0
172477996,2025-09-08T10:07:38.130Z,mfranc@csm.fr,newsletter,everyone,true,FR,,,,,,Mozilla/5.0
172477996,2025-09-08T10:58:48.166Z,france.pittoresque@gmail.com,newsletter,everyone,true,FR,,,,,,Mozilla/5.0 (Windows NT 10.0; Win64; x64; rv:140.0) Gecko/20100101 Thunderbird/140.2.0
172477996,2025-09-08T12:29:37.828Z,lorine.basquebouvier@gmail.com,newsletter,everyone,true,FR,,,,,,Mozilla/5.0
172477996,2025-09-09T10:18:39.992Z,france.pittoresque@gmail.com,newsletter,everyone,true,FR,,,,,,Mozilla/5.0 (Windows NT 10.0; Win64; x64; rv:140.0) Gecko/20100101 Thunderbird/140.2.0
172477996,2025-09-10T06:08:06.587Z,madx93320@gmail.com,newsletter,everyone,true,US,,,,,,Mozilla/5.0 (Windows NT 5.1; rv:11.0) Gecko Firefox/11.0 (via ggpht.com GoogleImageProxy)
172477996,2025-09-10T14:45:40.876Z,hiriartclement@gmail.com,newsletter,everyone,true,US,,,,,,Mozilla/5.0 (Windows NT 5.1; rv:11.0) Gecko Firefox/11.0 (via ggpht.com GoogleImageProxy)
172477996,2025-09-17T07:31:26.285Z,somialvi@gmail.com,newsletter,everyone,true,FR,,,,,,Mozilla/5.0 (Windows NT 10.0; Win64; x64; rv:142.0) Gecko/20100101 Thunderbird/142.0
172477996,2025-09-19T04:21:11.686Z,chris3005chp@gmail.com,newsletter,everyone,true,BD,,,,,,Mozilla/5.0
172477996,2025-09-19T15:17:34.136Z,sidonie.cieutat@yahoo.fr,newsletter,everyone,true,FR,,,,,,Mozilla/5.0
172477996,2025-09-19T15:29:38.208Z,sidonie.cieutat@yahoo.fr,newsletter,everyone,true,US,,,,,,Mozilla/5.0
172477996,2025-09-19T18:57:28.115Z,vincent.breban@gmail.com,newsletter,everyone,true,FR,,,,,,Mozilla/5.0
172477996,2025-09-19T22:57:26.479Z,vincent.breban@gmail.com,newsletter,everyone,true,FR,,,,,,Mozilla/5.0
172477996,2025-09-23T12:37:04.630Z,ephrem.daher@free.fr,newsletter,everyone,true,US,,,,,,Mozilla/5.0
172477996,2025-09-28T13:11:59.028Z,vincent.breban@gmail.com,newsletter,everyone,true,US,,,,,,Mozilla/5.0
172477996,2025-10-04T19:18:22.822Z,gabriella.daher@free.fr,newsletter,everyone,true,FR,,,,,,Mozilla/5.0
