post_id,timestamp,email,post_type,post_audience,active_subscription
172414854,2025-09-05T03:05:28.244Z,sandunad1958@gmail.com,newsletter,everyone,true
172414854,2025-09-05T03:05:30.205Z,geraldine_hafkemeijer@hotmail.com,newsletter,everyone,true
172414854,2025-09-05T03:05:30.896Z,keraudrenp.501@gmail.com,newsletter,everyone,true
172414854,2025-09-05T03:05:30.897Z,chris3005chp@gmail.com,newsletter,everyone,true
172414854,2025-09-05T03:05:30.982Z,france.pittoresque@gmail.com,newsletter,everyone,true
172414854,2025-09-05T03:05:30.992Z,prof.georges.raad@gmail.com,newsletter,everyone,true
172414854,2025-09-05T03:05:31.369Z,virginie.blazy@gmail.com,newsletter,everyone,true
172414854,2025-09-05T03:05:31.933Z,sauzeatboris@gmail.com,newsletter,everyone,true
172414854,2025-09-05T03:05:32.016Z,alethdefonscolombe@gmail.com,newsletter,everyone,true
172414854,2025-09-05T03:05:32.206Z,fabienne.bastien1234@gmail.com,newsletter,everyone,true
172414854,2025-09-05T03:05:32.260Z,karinba7@gmail.com,newsletter,everyone,true
172414854,2025-09-05T03:05:32.283Z,somialvi@gmail.com,newsletter,everyone,true
172414854,2025-09-05T03:05:32.361Z,edy.custine@orange.fr,newsletter,everyone,true
172414854,2025-09-05T03:05:32.370Z,vincent.breban@gmail.com,newsletter,everyone,true
172414854,2025-09-05T03:05:32.372Z,yveline2604@gmail.com,newsletter,everyone,true
172414854,2025-09-05T03:05:32.402Z,hiriartclement@gmail.com,newsletter,everyone,true
172414854,2025-09-05T03:05:32.424Z,lorine.basquebouvier@gmail.com,newsletter,everyone,true
172414854,2025-09-05T03:05:32.473Z,lucilesarda38@gmail.com,newsletter,everyone,true
172414854,2025-09-05T03:05:32.497Z,laetitiadebard64@gmail.com,newsletter,everyone,true
172414854,2025-09-05T03:05:32.502Z,lucreceamigues@gmail.com,newsletter,everyone,true
172414854,2025-09-05T03:05:32.509Z,bakaybea@gmail.com,newsletter,everyone,true
172414854,2025-09-05T03:05:32.512Z,agnes.lagrolet@orange.fr,newsletter,everyone,true
172414854,2025-09-05T03:05:32.575Z,madx93320@gmail.com,newsletter,everyone,true
172414854,2025-09-05T03:05:32.586Z,guillaumesrz65@gmail.com,newsletter,everyone,true
172414854,2025-09-05T03:05:32.726Z,aamayon@gmail.com,newsletter,everyone,true
172414854,2025-09-05T03:05:32.792Z,sidonie.cieutat@yahoo.fr,newsletter,everyone,true
172414854,2025-09-05T03:05:33.069Z,achard.luc@wanadoo.fr,newsletter,everyone,true
172414854,2025-09-05T03:05:33.111Z,sylvainreymond@free.fr,newsletter,everyone,true
172414854,2025-09-05T03:05:33.280Z,marieperrenot@yahoo.fr,newsletter,everyone,true
172414854,2025-09-05T03:05:33.427Z,fabasphil@yahoo.fr,newsletter,everyone,true
172414854,2025-09-05T03:05:33.464Z,lea.tipi@gmail.com,newsletter,everyone,true
172414854,2025-09-05T03:05:33.677Z,gabriella.daher@free.fr,newsletter,everyone,true
172414854,2025-09-05T03:05:33.817Z,mfranc@csm.fr,newsletter,everyone,true
172414854,2025-09-05T03:05:33.840Z,ephrem.daher@free.fr,newsletter,everyone,true
172414854,2025-09-05T03:05:33.977Z,jules.es@hotmail.fr,newsletter,everyone,true
172414854,2025-09-05T03:05:34.057Z,krolima@protonmail.com,newsletter,everyone,true
172414854,2025-09-05T03:05:35.569Z,cpnioche@outlook.com,newsletter,everyone,true
172414854,2025-09-05T03:06:57.565Z,marie-helene.soulier0705@orange.fr,newsletter,everyone,true
172414854,2025-09-05T03:07:12.615Z,duhaldebordebernadette@orange.fr,newsletter,everyone,true
