post_id,timestamp,email,post_type,post_audience,active_subscription
172458240,2025-09-06T03:05:24.369Z,sandunad1958@gmail.com,newsletter,everyone,true
172458240,2025-09-06T03:05:25.075Z,chris3005chp@gmail.com,newsletter,everyone,true
172458240,2025-09-06T03:05:25.094Z,francis.marxen@gmail.com,newsletter,everyone,true
172458240,2025-09-06T03:05:25.218Z,sauzeatboris@gmail.com,newsletter,everyone,true
172458240,2025-09-06T03:05:25.235Z,france.pittoresque@gmail.com,newsletter,everyone,true
172458240,2025-09-06T03:05:25.373Z,virginie.blazy@gmail.com,newsletter,everyone,true
172458240,2025-09-06T03:05:25.628Z,prof.georges.raad@gmail.com,newsletter,everyone,true
172458240,2025-09-06T03:05:25.657Z,keraudrenp.501@gmail.com,newsletter,everyone,true
172458240,2025-09-06T03:05:25.838Z,alethdefonscolombe@gmail.com,newsletter,everyone,true
172458240,2025-09-06T03:05:25.983Z,karinba7@gmail.com,newsletter,everyone,true
172458240,2025-09-06T03:05:26.054Z,somialvi@gmail.com,newsletter,everyone,true
172458240,2025-09-06T03:05:26.068Z,laetitiadebard64@gmail.com,newsletter,everyone,true
172458240,2025-09-06T03:05:26.099Z,fabienne.bastien1234@gmail.com,newsletter,everyone,true
172458240,2025-09-06T03:05:26.158Z,geraldine_hafkemeijer@hotmail.com,newsletter,everyone,true
172458240,2025-09-06T03:05:26.225Z,lucreceamigues@gmail.com,newsletter,everyone,true
172458240,2025-09-06T03:05:26.259Z,marie-helene.soulier0705@orange.fr,newsletter,everyone,true
172458240,2025-09-06T03:05:26.262Z,yveline2604@gmail.com,newsletter,everyone,true
172458240,2025-09-06T03:05:26.310Z,bakaybea@gmail.com,newsletter,everyone,true
172458240,2025-09-06T03:05:26.327Z,hiriartclement@gmail.com,newsletter,everyone,true
172458240,2025-09-06T03:05:26.344Z,lea.tipi@gmail.com,newsletter,everyone,true
172458240,2025-09-06T03:05:26.450Z,vincent.breban@gmail.com,newsletter,everyone,true
172458240,2025-09-06T03:05:26.555Z,sidonie.cieutat@yahoo.fr,newsletter,everyone,true
172458240,2025-09-06T03:05:26.678Z,madx93320@gmail.com,newsletter,everyone,true
172458240,2025-09-06T03:05:26.954Z,lucilesarda38@gmail.com,newsletter,everyone,true
172458240,2025-09-06T03:05:27.053Z,sylvainreymond@free.fr,newsletter,everyone,true
172458240,2025-09-06T03:05:27.203Z,lorine.basquebouvier@gmail.com,newsletter,everyone,true
172458240,2025-09-06T03:05:27.304Z,cpnioche@outlook.com,newsletter,everyone,true
172458240,2025-09-06T03:05:27.448Z,fabasphil@yahoo.fr,newsletter,everyone,true
172458240,2025-09-06T03:05:27.685Z,guillaumesrz65@gmail.com,newsletter,everyone,true
172458240,2025-09-06T03:05:27.752Z,agnes.lagrolet@orange.fr,newsletter,everyone,true
172458240,2025-09-06T03:05:27.905Z,aamayon@gmail.com,newsletter,everyone,true
172458240,2025-09-06T03:05:27.937Z,ephrem.daher@free.fr,newsletter,everyone,true
172458240,2025-09-06T03:05:28.053Z,mfranc@csm.fr,newsletter,everyone,true
172458240,2025-09-06T03:05:28.166Z,duhaldebordebernadette@orange.fr,newsletter,everyone,true
172458240,2025-09-06T03:05:28.228Z,achard.luc@wanadoo.fr,newsletter,everyone,true
172458240,2025-09-06T03:05:28.300Z,marieperrenot@yahoo.fr,newsletter,everyone,true
172458240,2025-09-06T03:05:28.461Z,krolima@protonmail.com,newsletter,everyone,true
172458240,2025-09-06T03:05:28.479Z,jules.es@hotmail.fr,newsletter,everyone,true
172458240,2025-09-06T03:05:28.665Z,gabriella.daher@free.fr,newsletter,everyone,true
172458240,2025-09-06T03:05:29.178Z,edy.custine@orange.fr,newsletter,everyone,true
