post_id,timestamp,email,post_type,post_audience,active_subscription
172477996,2025-09-07T03:04:24.893Z,sandunad1958@gmail.com,newsletter,everyone,true
172477996,2025-09-07T03:04:25.325Z,francis.marxen@gmail.com,newsletter,everyone,true
172477996,2025-09-07T03:04:26.158Z,geraldine_hafkemeijer@hotmail.com,newsletter,everyone,true
172477996,2025-09-07T03:04:26.209Z,sylvainreymond@free.fr,newsletter,everyone,true
172477996,2025-09-07T03:04:26.574Z,chris3005chp@gmail.com,newsletter,everyone,true
172477996,2025-09-07T03:04:26.716Z,marie-helene.soulier0705@orange.fr,newsletter,everyone,true
172477996,2025-09-07T03:04:26.842Z,sauzeatboris@gmail.com,newsletter,everyone,true
172477996,2025-09-07T03:04:27.162Z,virginie.blazy@gmail.com,newsletter,everyone,true
172477996,2025-09-07T03:04:27.583Z,aamayon@gmail.com,newsletter,everyone,true
172477996,2025-09-07T03:04:27.603Z,lorine.basquebouvier@gmail.com,newsletter,everyone,true
172477996,2025-09-07T03:04:27.622Z,laetitiadebard64@gmail.com,newsletter,everyone,true
172477996,2025-09-07T03:04:27.699Z,lucreceamigues@gmail.com,newsletter,everyone,true
172477996,2025-09-07T03:04:27.764Z,lucilesarda38@gmail.com,newsletter,everyone,true
172477996,2025-09-07T03:04:27.787Z,bakaybea@gmail.com,newsletter,everyone,true
172477996,2025-09-07T03:04:27.846Z,somialvi@gmail.com,newsletter,everyone,true
172477996,2025-09-07T03:04:27.870Z,madx93320@gmail.com,newsletter,everyone,true
172477996,2025-09-07T03:04:27.970Z,keraudrenp.501@gmail.com,newsletter,everyone,true
172477996,2025-09-07T03:04:28.026Z,france.pittoresque@gmail.com,newsletter,everyone,true
172477996,2025-09-07T03:04:28.084Z,prof.georges.raad@gmail.com,newsletter,everyone,true
172477996,2025-09-07T03:04:28.170Z,hiriartclement@gmail.com,newsletter,everyone,true
172477996,2025-09-07T03:04:28.229Z,lea.tipi@gmail.com,newsletter,everyone,true
172477996,2025-09-07T03:04:28.364Z,fabienne.bastien1234@gmail.com,newsletter,everyone,true
172477996,2025-09-07T03:04:28.415Z,sidonie.cieutat@yahoo.fr,newsletter,everyone,true
172477996,2025-09-07T03:04:28.762Z,raad.brazil@gmail.com,newsletter,everyone,true
172477996,2025-09-07T03:04:28.776Z,marieperrenot@yahoo.fr,newsletter,everyone,true
172477996,2025-09-07T03:04:28.866Z,achard.luc@wanadoo.fr,newsletter,everyone,true
172477996,2025-09-07T03:04:28.910Z,alethdefonscolombe@gmail.com,newsletter,everyone,true
172477996,2025-09-07T03:04:28.984Z,vincent.breban@gmail.com,newsletter,everyone,true
172477996,2025-09-07T03:04:29.060Z,gabriella.daher@free.fr,newsletter,everyone,true
172477996,2025-09-07T03:04:29.143Z,duhaldebordebernadette@orange.fr,newsletter,everyone,true
172477996,2025-09-07T03:04:29.145Z,mfranc@csm.fr,newsletter,everyone,true
172477996,2025-09-07T03:04:29.153Z,ephrem.daher@free.fr,newsletter,everyone,true
172477996,2025-09-07T03:04:29.193Z,karinba7@gmail.com,newsletter,everyone,true
172477996,2025-09-07T03:04:29.293Z,guillaumesrz65@gmail.com,newsletter,everyone,true
172477996,2025-09-07T03:04:29.480Z,cpnioche@outlook.com,newsletter,everyone,true
172477996,2025-09-07T03:04:29.522Z,fabasphil@yahoo.fr,newsletter,everyone,true
172477996,2025-09-07T03:04:29.821Z,krolima@protonmail.com,newsletter,everyone,true
172477996,2025-09-07T03:04:30.689Z,agnes.lagrolet@orange.fr,newsletter,everyone,true
172477996,2025-09-07T03:04:30.799Z,edy.custine@orange.fr,newsletter,everyone,true
172477996,2025-09-07T03:04:31.316Z,jules.es@hotmail.fr,newsletter,everyone,true
