post_id,timestamp,email,post_type,post_audience,active_subscription
172847170,2025-09-08T03:01:17.283Z,france.pittoresque@gmail.com,newsletter,everyone,true
172847170,2025-09-08T03:01:17.446Z,keraudrenp.501@gmail.com,newsletter,everyone,true
172847170,2025-09-08T03:01:17.542Z,prof.georges.raad@gmail.com,newsletter,everyone,true
172847170,2025-09-08T03:01:18.468Z,sauzeatboris@gmail.com,newsletter,everyone,true
172847170,2025-09-08T03:01:19.207Z,virginie.blazy@gmail.com,newsletter,everyone,true
172847170,2025-09-08T03:01:19.439Z,francis.marxen@gmail.com,newsletter,everyone,true
172847170,2025-09-08T03:01:19.642Z,lorine.basquebouvier@gmail.com,newsletter,everyone,true
172847170,2025-09-08T03:01:19.664Z,guillaumesrz65@gmail.com,newsletter,everyone,true
172847170,2025-09-08T03:01:19.702Z,madx93320@gmail.com,newsletter,everyone,true
172847170,2025-09-08T03:01:19.752Z,lucilesarda38@gmail.com,newsletter,everyone,true
172847170,2025-09-08T03:01:19.789Z,fabienne.bastien1234@gmail.com,newsletter,everyone,true
172847170,2025-09-08T03:01:19.813Z,sidonie.cieutat@yahoo.fr,newsletter,everyone,true
172847170,2025-09-08T03:01:19.818Z,raad.brazil@gmail.com,newsletter,everyone,true
172847170,2025-09-08T03:01:19.831Z,hiriartclement@gmail.com,newsletter,everyone,true
172847170,2025-09-08T03:01:19.858Z,aamayon@gmail.com,newsletter,everyone,true
172847170,2025-09-08T03:01:19.864Z,lucreceamigues@gmail.com,newsletter,everyone,true
172847170,2025-09-08T03:01:19.942Z,geraldine_hafkemeijer@hotmail.com,newsletter,everyone,true
172847170,2025-09-08T03:01:19.980Z,marie-helene.soulier0705@orange.fr,newsletter,everyone,true
172847170,2025-09-08T03:01:20.001Z,lea.tipi@gmail.com,newsletter,everyone,true
172847170,2025-09-08T03:01:20.249Z,vincent.breban@gmail.com,newsletter,everyone,true
172847170,2025-09-08T03:01:20.372Z,karinba7@gmail.com,newsletter,everyone,true
172847170,2025-09-08T03:01:20.435Z,bakaybea@gmail.com,newsletter,everyone,true
172847170,2025-09-08T03:01:20.438Z,somialvi@gmail.com,newsletter,everyone,true
172847170,2025-09-08T03:01:20.446Z,sylvainreymond@free.fr,newsletter,everyone,true
172847170,2025-09-08T03:01:20.469Z,cpnioche@outlook.com,newsletter,everyone,true
172847170,2025-09-08T03:01:20.498Z,achard.luc@wanadoo.fr,newsletter,everyone,true
172847170,2025-09-08T03:01:20.676Z,fabasphil@yahoo.fr,newsletter,everyone,true
172847170,2025-09-08T03:01:20.694Z,gabriella.daher@free.fr,newsletter,everyone,true
172847170,2025-09-08T03:01:20.770Z,mfranc@csm.fr,newsletter,everyone,true
172847170,2025-09-08T03:01:21.293Z,laetitiadebard64@gmail.com,newsletter,everyone,true
172847170,2025-09-08T03:01:21.545Z,marieperrenot@yahoo.fr,newsletter,everyone,true
172847170,2025-09-08T03:01:21.599Z,krolima@protonmail.com,newsletter,everyone,true
172847170,2025-09-08T03:01:21.668Z,alethdefonscolombe@gmail.com,newsletter,everyone,true
172847170,2025-09-08T03:01:21.785Z,jules.es@hotmail.fr,newsletter,everyone,true
172847170,2025-09-08T03:01:21.821Z,duhaldebordebernadette@orange.fr,newsletter,everyone,true
172847170,2025-09-08T03:01:22.544Z,agnes.lagrolet@orange.fr,newsletter,everyone,true
172847170,2025-09-08T03:01:22.921Z,edy.custine@orange.fr,newsletter,everyone,true
172847170,2025-09-08T03:02:35.675Z,chris3005chp@gmail.com,newsletter,everyone,true
172847170,2025-09-08T03:02:47.273Z,ephrem.daher@free.fr,newsletter,everyone,true
172847170,2025-09-08T03:03:22.722Z,sandunad1958@gmail.com,newsletter,everyone,true
