post_id,timestamp,email,post_type,post_audience,active_subscription,country,city,region,device_type,client_os,client_type,user_agent
172939738,2025-09-09T03:21:46.247Z,duhaldebordebernadette@orange.fr,newsletter,everyone,true,US,,,,,,Mozilla/5.0
172939738,2025-09-09T03:24:20.428Z,mfranc@csm.fr,newsletter,everyone,true,FR,,,,,,Mozilla/5.0
172939738,2025-09-09T03:27:12.806Z,achard.luc@wanadoo.fr,newsletter,everyone,true,US,,,,,,Mozilla/5.0
172939738,2025-09-09T03:30:38.044Z,lorine.basquebouvier@gmail.com,newsletter,everyone,true,FR,,,,,,Mozilla/5.0
172939738,2025-09-09T03:38:48.905Z,hiriartclement@gmail.com,newsletter,everyone,true,FR,,,,,,Mozilla/5.0
172939738,2025-09-09T03:42:10.882Z,sidonie.cieutat@yahoo.fr,newsletter,everyone,true,FR,,,,,,Mozilla/5.0
172939738,2025-09-09T03:44:00.654Z,lea.tipi@gmail.com,newsletter,everyone,true,FR,,,,,,Mozilla/5.0
172939738,2025-09-09T03:54:36.650Z,chris3005chp@gmail.com,newsletter,everyone,true,US,,,,,,Mozilla/5.0 (Windows NT 5.1; rv:11.0) Gecko Firefox/11.0 (via ggpht.com GoogleImageProxy)
172939738,2025-09-09T04:43:36.727Z,ephrem.daher@free.fr,newsletter,everyone,true,FR,,,,,,Mozilla/5.0
172939738,2025-09-09T05:29:43.885Z,madx93320@gmail.com,newsletter,everyone,true,US,,,,,,Mozilla/5.0 (Windows NT 5.1; rv:11.0) Gecko Firefox/11.0 (via ggpht.com GoogleImageProxy)
172939738,2025-09-09T05:29:44.629Z,madx93320@gmail.com,newsletter,everyone,true,US,,,,,,Mozilla/5.0 (Windows NT 5.1; rv:11.0) Gecko Firefox/11.0 (via ggpht.com GoogleImageProxy)
172939738,2025-09-09T05:46:36.895Z,agnes.lagrolet@orange.fr,newsletter,everyone,true,FR,,,,,,"Mozilla/5.0 (Linux; Android 12; SM-A415F Build/SP1A.210812.016; wv) AppleWebKit/537.36 (KHTML, like Gecko) Version/4.0 Chrome/139.0.7258.144 Mobile Safari/537.36"
172939738,2025-09-09T05:56:28.595Z,chris3005chp@gmail.com,newsletter,everyone,true,US,,,,,,Mozilla/5.0 (Windows NT 5.1; rv:11.0) Gecko Firefox/11.0 (via ggpht.com GoogleImageProxy)
172939738,2025-09-09T05:59:05.924Z,aamayon@gmail.com,newsletter,everyone,true,US,,,,,,Mozilla/5.0 (Windows NT 5.1; rv:11.0) Gecko Firefox/11.0 (via ggpht.com GoogleImageProxy)
172939738,2025-09-09T06:17:38.021Z,agnes.lagrolet@orange.fr,newsletter,everyone,true,FR,,,,,,"Mozilla/5.0 (Linux; Android 12; SM-A415F Build/SP1A.210812.016; wv) AppleWebKit/537.36 (KHTML, like Gecko) Version/4.0 Chrome/139.0.7258.144 Mobile Safari/537.36"
172939738,2025-09-09T06:19:54.046Z,madx93320@gmail.com,newsletter,everyone,true,US,,,,,,Mozilla/5.0 (Windows NT 5.1; rv:11.0) Gecko Firefox/11.0 (via ggpht.com GoogleImageProxy)
172939738,2025-09-09T06:34:11.109Z,marieperrenot@yahoo.fr,newsletter,everyone,true,NL,,,,,,YahooMailProxy; https://help.yahoo.com/kb/yahoo-mail-proxy-SLN28749.html
172939738,2025-09-09T06:41:21.225Z,marieperrenot@yahoo.fr,newsletter,everyone,true,NL,,,,,,YahooMailProxy; https://help.yahoo.com/kb/yahoo-mail-proxy-SLN28749.html
172939738,2025-09-09T06:41:36.803Z,marieperrenot@yahoo.fr,newsletter,everyone,true,NL,,,,,,YahooMailProxy; https://help.yahoo.com/kb/yahoo-mail-proxy-SLN28749.html
172939738,2025-09-09T06:45:30.668Z,marieperrenot@yahoo.fr,newsletter,everyone,true,NL,,,,,,YahooMailProxy; https://help.yahoo.com/kb/yahoo-mail-proxy-SLN28749.html
172939738,2025-09-09T06:46:09.480Z,marieperrenot@yahoo.fr,newsletter,everyone,true,NL,,,,,,YahooMailProxy; https://help.yahoo.com/kb/yahoo-mail-proxy-SLN28749.html
172939738,2025-09-09T06:46:30.918Z,marieperrenot@yahoo.fr,newsletter,everyone,true,NL,,,,,,YahooMailProxy; https://help.yahoo.com/kb/yahoo-mail-proxy-SLN28749.html
172939738,2025-09-09T07:11:12.610Z,geraldine_hafkemeijer@hotmail.com,newsletter,everyone,true,US,,,,,,Mozilla/5.0
172939738,2025-09-09T07:16:04.597Z,francis.marxen@gmail.com,newsletter,everyone,true,US,,,,,,Mozilla/5.0 (Windows NT 5.1; rv:11.0) Gecko Firefox/11.0 (via ggpht.com GoogleImageProxy)
172939738,2025-09-09T07:39:55.473Z,france.pittoresque@gmail.com,newsletter,everyone,true,FR,,,,,,Mozilla/5.0 (Windows NT 10.0; Win64; x64; rv:140.0) Gecko/20100101 Thunderbird/140.2.0
172939738,2025-09-09T07:54:35.552Z,france.pittoresque@gmail.com,newsletter,everyone,true,FR,,,,,,Mozilla/5.0 (Windows NT 10.0; Win64; x64; rv:140.0) Gecko/20100101 Thunderbird/140.2.0
172939738,2025-09-09T07:54:37.073Z,france.pittoresque@gmail.com,newsletter,everyone,true,FR,,,,,,Mozilla/5.0 (Windows NT 10.0; Win64; x64; rv:140.0) Gecko/20100101 Thunderbird/140.2.0
172939738,2025-09-09T08:08:06.073Z,fabasphil@yahoo.fr,newsletter,everyone,true,NL,,,,,,YahooMailProxy; https://help.yahoo.com/kb/yahoo-mail-proxy-SLN28749.html
172939738,2025-09-09T10:07:40.878Z,laetitiadebard64@gmail.com,newsletter,everyone,true,US,,,,,,Mozilla/5.0 (Windows NT 5.1; rv:11.0) Gecko Firefox/11.0 (via ggpht.com GoogleImageProxy)
172939738,2025-09-09T10:16:06.028Z,laetitiadebard64@gmail.com,newsletter,everyone,true,US,,,,,,Mozilla/5.0 (Windows NT 5.1; rv:11.0) Gecko Firefox/11.0 (via ggpht.com GoogleImageProxy)
172939738,2025-09-09T12:08:45.146Z,bakaybea@gmail.com,newsletter,everyone,true,US,,,,,,Mozilla/5.0 (Windows NT 5.1; rv:11.0) Gecko Firefox/11.0 (via ggpht.com GoogleImageProxy)
172939738,2025-09-09T12:08:59.491Z,bakaybea@gmail.com,newsletter,everyone,true,US,,,,,,Mozilla/5.0 (Windows NT 5.1; rv:11.0) Gecko Firefox/11.0 (via ggpht.com GoogleImageProxy)
172939738,2025-09-09T12:23:53.478Z,france.pittoresque@gmail.com,newsletter,everyone,true,FR,,,,,,Mozilla/5.0 (Windows NT 10.0; Win64; x64; rv:140.0) Gecko/20100101 Thunderbird/140.2.0
172939738,2025-09-09T12:35:06.322Z,france.pittoresque@gmail.com,newsletter,everyone,true,FR,,,,,,Mozilla/5.0 (Windows NT 10.0; Win64; x64; rv:140.0) Gecko/20100101 Thunderbird/140.2.0
172939738,2025-09-09T13:10:48.418Z,bakaybea@gmail.com,newsletter,everyone,true,US,,,,,,Mozilla/5.0 (Windows NT 5.1; rv:11.0) Gecko Firefox/11.0 (via ggpht.com GoogleImageProxy)
172939738,2025-09-09T14:43:17.383Z,somialvi@gmail.com,newsletter,everyone,true,FR,,,,,,Mozilla/5.0 (Windows NT 10.0; Win64; x64; rv:142.0) Gecko/20100101 Thunderbird/142.0
172939738,2025-09-09T14:43:26.067Z,somialvi@gmail.com,newsletter,everyone,true,FR,,,,,,Mozilla/5.0 (Windows NT 10.0; Win64; x64; rv:142.0) Gecko/20100101 Thunderbird/142.0
172939738,2025-09-09T16:33:45.606Z,gabriella.daher@free.fr,newsletter,everyone,true,US,,,,,,Mozilla/5.0
172939738,2025-09-09T16:39:07.446Z,francis.marxen@gmail.com,newsletter,everyone,true,US,,,,,,Mozilla/5.0 (Windows NT 5.1; rv:11.0) Gecko Firefox/11.0 (via ggpht.com GoogleImageProxy)
172939738,2025-09-09T20:45:25.849Z,marieperrenot@yahoo.fr,newsletter,everyone,true,IE,,,,,,YahooMailProxy; https://help.yahoo.com/kb/yahoo-mail-proxy-SLN28749.html
172939738,2025-09-10T06:07:52.217Z,madx93320@gmail.com,newsletter,everyone,true,US,,,,,,Mozilla/5.0 (Windows NT 5.1; rv:11.0) Gecko Firefox/11.0 (via ggpht.com GoogleImageProxy)
172939738,2025-09-10T09:23:26.219Z,lucreceamigues@gmail.com,newsletter,everyone,true,US,,,,,,Mozilla/5.0 (Windows NT 5.1; rv:11.0) Gecko Firefox/11.0 (via ggpht.com GoogleImageProxy)
172939738,2025-09-10T13:31:34.058Z,achard.luc@wanadoo.fr,newsletter,everyone,true,FR,,,,,,Mozilla/5.0
172939738,2025-09-10T14:45:37.162Z,hiriartclement@gmail.com,newsletter,everyone,true,US,,,,,,Mozilla/5.0 (Windows NT 5.1; rv:11.0) Gecko Firefox/11.0 (via ggpht.com GoogleImageProxy)
172939738,2025-09-11T07:31:27.862Z,vincent.breban@gmail.com,newsletter,everyone,true,US,,,,,,Mozilla/5.0
172939738,2025-09-11T15:45:23.865Z,laetitiadebard64@gmail.com,newsletter,everyone,true,US,,,,,,Mozilla/5.0 (Windows NT 5.1; rv:11.0) Gecko Firefox/11.0 (via ggpht.com GoogleImageProxy)
172939738,2025-09-12T14:32:05.615Z,lucreceamigues@gmail.com,newsletter,everyone,true,US,,,,,,Mozilla/5.0 (Windows NT 5.1; rv:11.0) Gecko Firefox/11.0 (via ggpht.com GoogleImageProxy)
172939738,2025-09-12T14:32:28.104Z,lucreceamigues@gmail.com,newsletter,everyone,true,US,,,,,,Mozilla/5.0 (Windows NT 5.1; rv:11.0) Gecko Firefox/11.0 (via ggpht.com GoogleImageProxy)
172939738,2025-09-12T14:32:36.417Z,lucreceamigues@gmail.com,newsletter,everyone,true,US,,,,,,Mozilla/5.0 (Windows NT 5.1; rv:11.0) Gecko Firefox/11.0 (via ggpht.com GoogleImageProxy)
172939738,2025-09-14T17:47:37.557Z,france.pittoresque@gmail.com,newsletter,everyone,true,FR,,,,,,Mozilla/5.0 (Windows NT 10.0; Win64; x64; rv:140.0) Gecko/20100101 Thunderbird/140.2.1
172939738,2025-09-15T13:10:18.178Z,somialvi@gmail.com,newsletter,everyone,true,FR,,,,,,Mozilla/5.0 (Windows NT 10.0; Win64; x64; rv:142.0) Gecko/20100101 Thunderbird/142.0
172939738,2025-09-17T07:31:04.718Z,somialvi@gmail.com,newsletter,everyone,true,FR,,,,,,Mozilla/5.0 (Windows NT 10.0; Win64; x64; rv:142.0) Gecko/20100101 Thunderbird/142.0
172939738,2025-09-17T20:47:31.278Z,lorine.basquebouvier@gmail.com,newsletter,everyone,true,US,,,,,,Mozilla/5.0
172939738,2025-09-19T11:21:30.576Z,vincent.breban@gmail.com,newsletter,everyone,true,FR,,,,,,Mozilla/5.0
172939738,2025-09-19T14:32:13.033Z,sidonie.cieutat@yahoo.fr,newsletter,everyone,true,US,,,,,,Mozilla/5.0
172939738,2025-09-19T18:57:28.116Z,vincent.breban@gmail.com,newsletter,everyone,true,FR,,,,,,Mozilla/5.0
172939738,2025-09-19T22:36:36.407Z,vincent.breban@gmail.com,newsletter,everyone,true,FR,,,,,,Mozilla/5.0
172939738,2025-10-04T18:50:08.371Z,gabriella.daher@free.fr,newsletter,everyone,true,US,,,,,,Mozilla/5.0
