post_id,timestamp,email,post_type,post_audience,active_subscription
172940612,2025-09-10T03:05:25.206Z,sandunad1958@gmail.com,newsletter,everyone,true
172940612,2025-09-10T03:05:25.508Z,geraldine_hafkemeijer@hotmail.com,newsletter,everyone,true
172940612,2025-09-10T03:05:26.070Z,keraudrenp.501@gmail.com,newsletter,everyone,true
172940612,2025-09-10T03:05:26.574Z,prof.georges.raad@gmail.com,newsletter,everyone,true
172940612,2025-09-10T03:05:26.651Z,france.pittoresque@gmail.com,newsletter,everyone,true
172940612,2025-09-10T03:05:27.255Z,virginie.blazy@gmail.com,newsletter,everyone,true
172940612,2025-09-10T03:05:27.470Z,sauzeatboris@gmail.com,newsletter,everyone,true
172940612,2025-09-10T03:05:27.923Z,sidonie.cieutat@yahoo.fr,newsletter,everyone,true
172940612,2025-09-10T03:05:28.498Z,laetitiadebard64@gmail.com,newsletter,everyone,true
172940612,2025-09-10T03:05:28.570Z,hiriartclement@gmail.com,newsletter,everyone,true
172940612,2025-09-10T03:05:28.643Z,bakaybea@gmail.com,newsletter,everyone,true
172940612,2025-09-10T03:05:28.674Z,lucreceamigues@gmail.com,newsletter,everyone,true
172940612,2025-09-10T03:05:28.697Z,yveline2604@gmail.com,newsletter,everyone,true
172940612,2025-09-10T03:05:28.711Z,somialvi@gmail.com,newsletter,everyone,true
172940612,2025-09-10T03:05:28.716Z,vincent.breban@gmail.com,newsletter,everyone,true
172940612,2025-09-10T03:05:28.752Z,fabienne.bastien1234@gmail.com,newsletter,everyone,true
172940612,2025-09-10T03:05:28.810Z,achard.luc@wanadoo.fr,newsletter,everyone,true
172940612,2025-09-10T03:05:28.827Z,edy.custine@orange.fr,newsletter,everyone,true
172940612,2025-09-10T03:05:28.832Z,raad.brazil@gmail.com,newsletter,everyone,true
172940612,2025-09-10T03:05:28.843Z,agnes.lagrolet@orange.fr,newsletter,everyone,true
172940612,2025-09-10T03:05:28.862Z,karinba7@gmail.com,newsletter,everyone,true
172940612,2025-09-10T03:05:28.867Z,gabriella.daher@free.fr,newsletter,everyone,true
172940612,2025-09-10T03:05:28.912Z,lucilesarda38@gmail.com,newsletter,everyone,true
172940612,2025-09-10T03:05:28.942Z,madx93320@gmail.com,newsletter,everyone,true
172940612,2025-09-10T03:05:28.980Z,jules.es@hotmail.fr,newsletter,everyone,true
172940612,2025-09-10T03:05:29.006Z,sylvainreymond@free.fr,newsletter,everyone,true
172940612,2025-09-10T03:05:29.033Z,marie-helene.soulier0705@orange.fr,newsletter,everyone,true
172940612,2025-09-10T03:05:29.185Z,marieperrenot@yahoo.fr,newsletter,everyone,true
172940612,2025-09-10T03:05:29.270Z,alethdefonscolombe@gmail.com,newsletter,everyone,true
172940612,2025-09-10T03:05:29.287Z,aamayon@gmail.com,newsletter,everyone,true
172940612,2025-09-10T03:05:29.312Z,ephrem.daher@free.fr,newsletter,everyone,true
172940612,2025-09-10T03:05:29.364Z,lorine.basquebouvier@gmail.com,newsletter,everyone,true
172940612,2025-09-10T03:05:29.463Z,mfranc@csm.fr,newsletter,everyone,true
172940612,2025-09-10T03:05:29.550Z,fabasphil@yahoo.fr,newsletter,everyone,true
172940612,2025-09-10T03:05:29.684Z,guillaumesrz65@gmail.com,newsletter,everyone,true
172940612,2025-09-10T03:05:29.715Z,krolima@protonmail.com,newsletter,everyone,true
172940612,2025-09-10T03:05:30.117Z,chris3005chp@gmail.com,newsletter,everyone,true
172940612,2025-09-10T03:05:30.230Z,cpnioche@outlook.com,newsletter,everyone,true
172940612,2025-09-10T03:05:30.270Z,francis.marxen@gmail.com,newsletter,everyone,true
172940612,2025-09-10T03:05:30.403Z,lea.tipi@gmail.com,newsletter,everyone,true
172940612,2025-09-10T03:07:20.872Z,duhaldebordebernadette@orange.fr,newsletter,everyone,true
