post_id,timestamp,email,post_type,post_audience,active_subscription
172939738,2025-09-09T03:05:24.081Z,prof.georges.raad@gmail.com,newsletter,everyone,true
172939738,2025-09-09T03:05:24.217Z,marie-helene.soulier0705@orange.fr,newsletter,everyone,true
172939738,2025-09-09T03:05:24.313Z,sandunad1958@gmail.com,newsletter,everyone,true
172939738,2025-09-09T03:05:24.341Z,francis.marxen@gmail.com,newsletter,everyone,true
172939738,2025-09-09T03:05:24.382Z,sylvainreymond@free.fr,newsletter,everyone,true
172939738,2025-09-09T03:05:24.694Z,chris3005chp@gmail.com,newsletter,everyone,true
172939738,2025-09-09T03:05:24.729Z,karinba7@gmail.com,newsletter,everyone,true
172939738,2025-09-09T03:05:24.765Z,virginie.blazy@gmail.com,newsletter,everyone,true
172939738,2025-09-09T03:05:24.838Z,france.pittoresque@gmail.com,newsletter,everyone,true
172939738,2025-09-09T03:05:24.949Z,vincent.breban@gmail.com,newsletter,everyone,true
172939738,2025-09-09T03:05:24.961Z,alethdefonscolombe@gmail.com,newsletter,everyone,true
172939738,2025-09-09T03:05:25.018Z,edy.custine@orange.fr,newsletter,everyone,true
172939738,2025-09-09T03:05:25.144Z,somialvi@gmail.com,newsletter,everyone,true
172939738,2025-09-09T03:05:25.173Z,raad.brazil@gmail.com,newsletter,everyone,true
172939738,2025-09-09T03:05:25.321Z,fabienne.bastien1234@gmail.com,newsletter,everyone,true
172939738,2025-09-09T03:05:25.399Z,guillaumesrz65@gmail.com,newsletter,everyone,true
172939738,2025-09-09T03:05:25.572Z,lucilesarda38@gmail.com,newsletter,everyone,true
172939738,2025-09-09T03:05:25.577Z,lorine.basquebouvier@gmail.com,newsletter,everyone,true
172939738,2025-09-09T03:05:25.608Z,hiriartclement@gmail.com,newsletter,everyone,true
172939738,2025-09-09T03:05:25.636Z,bakaybea@gmail.com,newsletter,everyone,true
172939738,2025-09-09T03:05:25.680Z,lucreceamigues@gmail.com,newsletter,everyone,true
172939738,2025-09-09T03:05:25.684Z,keraudrenp.501@gmail.com,newsletter,everyone,true
172939738,2025-09-09T03:05:25.685Z,aamayon@gmail.com,newsletter,everyone,true
172939738,2025-09-09T03:05:25.784Z,lea.tipi@gmail.com,newsletter,everyone,true
172939738,2025-09-09T03:05:25.811Z,duhaldebordebernadette@orange.fr,newsletter,everyone,true
172939738,2025-09-09T03:05:25.842Z,gabriella.daher@free.fr,newsletter,everyone,true
172939738,2025-09-09T03:05:26.019Z,jules.es@hotmail.fr,newsletter,everyone,true
172939738,2025-09-09T03:05:26.034Z,achard.luc@wanadoo.fr,newsletter,everyone,true
172939738,2025-09-09T03:05:26.041Z,sauzeatboris@gmail.com,newsletter,everyone,true
172939738,2025-09-09T03:05:26.049Z,sidonie.cieutat@yahoo.fr,newsletter,everyone,true
172939738,2025-09-09T03:05:26.264Z,agnes.lagrolet@orange.fr,newsletter,everyone,true
172939738,2025-09-09T03:05:26.384Z,madx93320@gmail.com,newsletter,everyone,true
172939738,2025-09-09T03:05:26.600Z,marieperrenot@yahoo.fr,newsletter,everyone,true
172939738,2025-09-09T03:05:26.719Z,laetitiadebard64@gmail.com,newsletter,everyone,true
172939738,2025-09-09T03:05:26.774Z,fabasphil@yahoo.fr,newsletter,everyone,true
172939738,2025-09-09T03:05:26.816Z,mfranc@csm.fr,newsletter,everyone,true
172939738,2025-09-09T03:05:27.023Z,geraldine_hafkemeijer@hotmail.com,newsletter,everyone,true
172939738,2025-09-09T03:05:27.094Z,krolima@protonmail.com,newsletter,everyone,true
172939738,2025-09-09T03:05:28.439Z,cpnioche@outlook.com,newsletter,everyone,true
172939738,2025-09-09T03:06:50.974Z,ephrem.daher@free.fr,newsletter,everyone,true
