post_id,timestamp,email,post_type,post_audience,active_subscription
172946779,2025-09-11T03:04:37.656Z,sandunad1958@gmail.com,newsletter,everyone,true
172946779,2025-09-11T03:04:37.754Z,france.pittoresque@gmail.com,newsletter,everyone,true
172946779,2025-09-11T03:04:37.772Z,francis.marxen@gmail.com,newsletter,everyone,true
172946779,2025-09-11T03:04:37.960Z,geraldine_hafkemeijer@hotmail.com,newsletter,everyone,true
172946779,2025-09-11T03:04:38.153Z,keraudrenp.501@gmail.com,newsletter,everyone,true
172946779,2025-09-11T03:04:38.635Z,chris3005chp@gmail.com,newsletter,everyone,true
172946779,2025-09-11T03:04:38.781Z,virginie.blazy@gmail.com,newsletter,everyone,true
172946779,2025-09-11T03:04:38.822Z,marie-helene.soulier0705@orange.fr,newsletter,everyone,true
172946779,2025-09-11T03:04:38.896Z,sauzeatboris@gmail.com,newsletter,everyone,true
172946779,2025-09-11T03:04:39.150Z,alethdefonscolombe@gmail.com,newsletter,everyone,true
172946779,2025-09-11T03:04:39.168Z,vincent.breban@gmail.com,newsletter,everyone,true
172946779,2025-09-11T03:04:39.244Z,karinba7@gmail.com,newsletter,everyone,true
172946779,2025-09-11T03:04:39.333Z,prof.georges.raad@gmail.com,newsletter,everyone,true
172946779,2025-09-11T03:04:39.442Z,sidonie.cieutat@yahoo.fr,newsletter,everyone,true
172946779,2025-09-11T03:04:39.470Z,aamayon@gmail.com,newsletter,everyone,true
172946779,2025-09-11T03:04:39.508Z,somialvi@gmail.com,newsletter,everyone,true
172946779,2025-09-11T03:04:39.515Z,lucilesarda38@gmail.com,newsletter,everyone,true
172946779,2025-09-11T03:04:39.525Z,hiriartclement@gmail.com,newsletter,everyone,true
172946779,2025-09-11T03:04:39.538Z,jules.es@hotmail.fr,newsletter,everyone,true
172946779,2025-09-11T03:04:39.567Z,bakaybea@gmail.com,newsletter,everyone,true
172946779,2025-09-11T03:04:39.591Z,madx93320@gmail.com,newsletter,everyone,true
172946779,2025-09-11T03:04:39.618Z,fabienne.bastien1234@gmail.com,newsletter,everyone,true
172946779,2025-09-11T03:04:39.655Z,lucreceamigues@gmail.com,newsletter,everyone,true
172946779,2025-09-11T03:04:39.679Z,raad.brazil@gmail.com,newsletter,everyone,true
172946779,2025-09-11T03:04:39.770Z,lea.tipi@gmail.com,newsletter,everyone,true
172946779,2025-09-11T03:04:39.871Z,gabriella.daher@free.fr,newsletter,everyone,true
172946779,2025-09-11T03:04:39.930Z,marieperrenot@yahoo.fr,newsletter,everyone,true
172946779,2025-09-11T03:04:39.948Z,agnes.lagrolet@orange.fr,newsletter,everyone,true
172946779,2025-09-11T03:04:39.964Z,edy.custine@orange.fr,newsletter,everyone,true
172946779,2025-09-11T03:04:40.070Z,lorine.basquebouvier@gmail.com,newsletter,everyone,true
172946779,2025-09-11T03:04:40.111Z,duhaldebordebernadette@orange.fr,newsletter,everyone,true
172946779,2025-09-11T03:04:40.376Z,achard.luc@wanadoo.fr,newsletter,everyone,true
172946779,2025-09-11T03:04:40.450Z,laetitiadebard64@gmail.com,newsletter,everyone,true
172946779,2025-09-11T03:04:40.481Z,guillaumesrz65@gmail.com,newsletter,everyone,true
172946779,2025-09-11T03:04:40.587Z,cpnioche@outlook.com,newsletter,everyone,true
172946779,2025-09-11T03:04:40.613Z,fabasphil@yahoo.fr,newsletter,everyone,true
172946779,2025-09-11T03:04:40.784Z,mfranc@csm.fr,newsletter,everyone,true
172946779,2025-09-11T03:04:41.943Z,ephrem.daher@free.fr,newsletter,everyone,true
172946779,2025-09-11T03:04:42.249Z,krolima@protonmail.com,newsletter,everyone,true
