post_id,timestamp,email,post_type,post_audience,active_subscription
172957254,2025-09-12T03:05:00.305Z,sauzeatboris@gmail.com,newsletter,everyone,true
172957254,2025-09-12T03:05:00.368Z,france.pittoresque@gmail.com,newsletter,everyone,true
172957254,2025-09-12T03:05:00.370Z,fabienne.bastien1234@gmail.com,newsletter,everyone,true
172957254,2025-09-12T03:05:00.404Z,alethdefonscolombe@gmail.com,newsletter,everyone,true
172957254,2025-09-12T03:05:00.437Z,laetitiadebard64@gmail.com,newsletter,everyone,true
172957254,2025-09-12T03:05:00.439Z,virginie.blazy@gmail.com,newsletter,everyone,true
172957254,2025-09-12T03:05:00.444Z,raad.brazil@gmail.com,newsletter,everyone,true
172957254,2025-09-12T03:05:00.526Z,chris3005chp@gmail.com,newsletter,everyone,true
172957254,2025-09-12T03:05:00.589Z,aamayon@gmail.com,newsletter,everyone,true
172957254,2025-09-12T03:05:00.590Z,edy.custine@orange.fr,newsletter,everyone,true
172957254,2025-09-12T03:05:00.591Z,prof.georges.raad@gmail.com,newsletter,everyone,true
172957254,2025-09-12T03:05:00.627Z,lucilesarda38@gmail.com,newsletter,everyone,true
172957254,2025-09-12T03:05:00.636Z,lucreceamigues@gmail.com,newsletter,everyone,true
172957254,2025-09-12T03:05:00.648Z,keraudrenp.501@gmail.com,newsletter,everyone,true
172957254,2025-09-12T03:05:00.659Z,lea.tipi@gmail.com,newsletter,everyone,true
172957254,2025-09-12T03:05:00.819Z,jules.es@hotmail.fr,newsletter,everyone,true
172957254,2025-09-12T03:05:00.827Z,guillaumesrz65@gmail.com,newsletter,everyone,true
172957254,2025-09-12T03:05:00.853Z,ephrem.daher@free.fr,newsletter,everyone,true
172957254,2025-09-12T03:05:00.871Z,karinba7@gmail.com,newsletter,everyone,true
172957254,2025-09-12T03:05:00.877Z,bakaybea@gmail.com,newsletter,everyone,true
172957254,2025-09-12T03:05:00.900Z,marie-helene.soulier0705@orange.fr,newsletter,everyone,true
172957254,2025-09-12T03:05:00.908Z,fabasphil@yahoo.fr,newsletter,everyone,true
172957254,2025-09-12T03:05:00.916Z,achard.luc@wanadoo.fr,newsletter,everyone,true
172957254,2025-09-12T03:05:00.923Z,sidonie.cieutat@yahoo.fr,newsletter,everyone,true
172957254,2025-09-12T03:05:00.924Z,gabriella.daher@free.fr,newsletter,everyone,true
172957254,2025-09-12T03:05:00.976Z,marieperrenot@yahoo.fr,newsletter,everyone,true
172957254,2025-09-12T03:05:01.019Z,duhaldebordebernadette@orange.fr,newsletter,everyone,true
172957254,2025-09-12T03:05:01.049Z,madx93320@gmail.com,newsletter,everyone,true
172957254,2025-09-12T03:05:01.097Z,sandunad1958@gmail.com,newsletter,everyone,true
172957254,2025-09-12T03:05:01.208Z,vincent.breban@gmail.com,newsletter,everyone,true
172957254,2025-09-12T03:05:01.259Z,somialvi@gmail.com,newsletter,everyone,true
172957254,2025-09-12T03:05:01.276Z,cpnioche@outlook.com,newsletter,everyone,true
172957254,2025-09-12T03:05:01.513Z,agnes.lagrolet@orange.fr,newsletter,everyone,true
172957254,2025-09-12T03:05:01.576Z,hiriartclement@gmail.com,newsletter,everyone,true
172957254,2025-09-12T03:05:02.056Z,krolima@protonmail.com,newsletter,everyone,true
172957254,2025-09-12T03:05:02.164Z,mfranc@csm.fr,newsletter,everyone,true
172957254,2025-09-12T03:05:02.286Z,lorine.basquebouvier@gmail.com,newsletter,everyone,true
172957254,2025-09-12T03:05:10.038Z,geraldine_hafkemeijer@hotmail.com,newsletter,everyone,true
