post_id,timestamp,email,post_type,post_audience,active_subscription
173153431,2025-09-14T05:19:01.756Z,sandunad1958@gmail.com,newsletter,everyone,true
173153431,2025-09-14T05:19:02.692Z,chris3005chp@gmail.com,newsletter,everyone,true
173153431,2025-09-14T05:19:02.843Z,yveline2604@gmail.com,newsletter,everyone,true
173153431,2025-09-14T05:19:02.914Z,keraudrenp.501@gmail.com,newsletter,everyone,true
173153431,2025-09-14T05:19:03.265Z,keraudrenp501@gmail.com,newsletter,everyone,true
173153431,2025-09-14T05:19:03.304Z,virginie.blazy@gmail.com,newsletter,everyone,true
173153431,2025-09-14T05:19:03.579Z,sauzeatboris@gmail.com,newsletter,everyone,true
173153431,2025-09-14T05:19:03.659Z,vincent.breban@gmail.com,newsletter,everyone,true
173153431,2025-09-14T05:19:03.699Z,france.pittoresque@gmail.com,newsletter,everyone,true
173153431,2025-09-14T05:19:03.776Z,laetitiadebard64@gmail.com,newsletter,everyone,true
173153431,2025-09-14T05:19:03.788Z,alethdefonscolombe@gmail.com,newsletter,everyone,true
173153431,2025-09-14T05:19:03.863Z,jules.es@hotmail.fr,newsletter,everyone,true
173153431,2025-09-14T05:19:03.900Z,karinba7@gmail.com,newsletter,everyone,true
173153431,2025-09-14T05:19:03.983Z,lorine.basquebouvier@gmail.com,newsletter,everyone,true
173153431,2025-09-14T05:19:04.017Z,aamayon@gmail.com,newsletter,everyone,true
173153431,2025-09-14T05:19:04.038Z,bakaybea@gmail.com,newsletter,everyone,true
173153431,2025-09-14T05:19:04.103Z,lucreceamigues@gmail.com,newsletter,everyone,true
173153431,2025-09-14T05:19:04.109Z,lea.tipi@gmail.com,newsletter,everyone,true
173153431,2025-09-14T05:19:04.116Z,somialvi@gmail.com,newsletter,everyone,true
173153431,2025-09-14T05:19:04.148Z,hiriartclement@gmail.com,newsletter,everyone,true
173153431,2025-09-14T05:19:04.160Z,lucilesarda38@gmail.com,newsletter,everyone,true
173153431,2025-09-14T05:19:04.245Z,geraldine_hafkemeijer@hotmail.com,newsletter,everyone,true
173153431,2025-09-14T05:19:04.284Z,prof.georges.raad@gmail.com,newsletter,everyone,true
173153431,2025-09-14T05:19:04.300Z,marie-helene.soulier0705@orange.fr,newsletter,everyone,true
173153431,2025-09-14T05:19:04.844Z,guillaumesrz65@gmail.com,newsletter,everyone,true
173153431,2025-09-14T05:19:04.880Z,agnes.lagrolet@orange.fr,newsletter,everyone,true
173153431,2025-09-14T05:19:05.009Z,edy.custine@orange.fr,newsletter,everyone,true
173153431,2025-09-14T05:19:05.068Z,ephrem.daher@free.fr,newsletter,everyone,true
173153431,2025-09-14T05:19:05.068Z,cpnioche@outlook.com,newsletter,everyone,true
173153431,2025-09-14T05:19:05.116Z,mfranc@csm.fr,newsletter,everyone,true
173153431,2025-09-14T05:19:05.139Z,madx93320@gmail.com,newsletter,everyone,true
173153431,2025-09-14T05:19:05.272Z,fabasphil@yahoo.fr,newsletter,everyone,true
173153431,2025-09-14T05:19:05.277Z,fabienne.bastien1234@gmail.com,newsletter,everyone,true
173153431,2025-09-14T05:19:05.409Z,sidonie.cieutat@yahoo.fr,newsletter,everyone,true
173153431,2025-09-14T05:19:05.742Z,achard.luc@wanadoo.fr,newsletter,everyone,true
173153431,2025-09-14T05:19:05.860Z,raad.brazil@gmail.com,newsletter,everyone,true
173153431,2025-09-14T05:19:05.961Z,marieperrenot@yahoo.fr,newsletter,everyone,true
173153431,2025-09-14T05:19:06.264Z,gabriella.daher@free.fr,newsletter,everyone,true
173153431,2025-09-14T05:19:06.935Z,duhaldebordebernadette@orange.fr,newsletter,everyone,true
173153431,2025-09-14T05:19:07.220Z,krolima@protonmail.com,newsletter,everyone,true
