post_id,timestamp,email,post_type,post_audience,active_subscription
173377228,2025-09-18T03:05:52.723Z,sandunad1958@gmail.com,newsletter,everyone,true
173377228,2025-09-18T03:05:53.076Z,geraldine_hafkemeijer@hotmail.com,newsletter,everyone,true
173377228,2025-09-18T03:05:53.457Z,france.pittoresque@gmail.com,newsletter,everyone,true
173377228,2025-09-18T03:05:53.755Z,keraudrenp.501@gmail.com,newsletter,everyone,true
173377228,2025-09-18T03:05:53.980Z,marie-helene.soulier0705@orange.fr,newsletter,everyone,true
173377228,2025-09-18T03:05:54.104Z,sauzeatboris@gmail.com,newsletter,everyone,true
173377228,2025-09-18T03:05:54.231Z,virginie.blazy@gmail.com,newsletter,everyone,true
173377228,2025-09-18T03:05:54.248Z,prof.georges.raad@gmail.com,newsletter,everyone,true
173377228,2025-09-18T03:05:54.501Z,keraudrenp501@gmail.com,newsletter,everyone,true
173377228,2025-09-18T03:05:55.191Z,chris3005chp@gmail.com,newsletter,everyone,true
173377228,2025-09-18T03:05:55.328Z,edy.custine@orange.fr,newsletter,everyone,true
173377228,2025-09-18T03:05:55.384Z,vincent.breban@gmail.com,newsletter,everyone,true
173377228,2025-09-18T03:05:55.498Z,sidonie.cieutat@yahoo.fr,newsletter,everyone,true
173377228,2025-09-18T03:05:55.684Z,alethdefonscolombe@gmail.com,newsletter,everyone,true
173377228,2025-09-18T03:05:55.882Z,fabienne.bastien1234@gmail.com,newsletter,everyone,true
173377228,2025-09-18T03:05:55.957Z,laetitiadebard64@gmail.com,newsletter,everyone,true
173377228,2025-09-18T03:05:55.994Z,somialvi@gmail.com,newsletter,everyone,true
173377228,2025-09-18T03:05:56.012Z,lorine.basquebouvier@gmail.com,newsletter,everyone,true
173377228,2025-09-18T03:05:56.112Z,lucilesarda38@gmail.com,newsletter,everyone,true
173377228,2025-09-18T03:05:56.167Z,hiriartclement@gmail.com,newsletter,everyone,true
173377228,2025-09-18T03:05:56.193Z,raad.brazil@gmail.com,newsletter,everyone,true
173377228,2025-09-18T03:05:56.296Z,lucreceamigues@gmail.com,newsletter,everyone,true
173377228,2025-09-18T03:05:56.426Z,ephrem.daher@free.fr,newsletter,everyone,true
173377228,2025-09-18T03:05:56.500Z,achard.luc@wanadoo.fr,newsletter,everyone,true
173377228,2025-09-18T03:05:56.542Z,aamayon@gmail.com,newsletter,everyone,true
173377228,2025-09-18T03:05:56.605Z,agnes.lagrolet@orange.fr,newsletter,everyone,true
173377228,2025-09-18T03:05:56.662Z,karinba7@gmail.com,newsletter,everyone,true
173377228,2025-09-18T03:05:56.703Z,duhaldebordebernadette@orange.fr,newsletter,everyone,true
173377228,2025-09-18T03:05:57.039Z,krolima@protonmail.com,newsletter,everyone,true
173377228,2025-09-18T03:05:57.104Z,fabasphil@yahoo.fr,newsletter,everyone,true
173377228,2025-09-18T03:05:57.133Z,jules.es@hotmail.fr,newsletter,everyone,true
173377228,2025-09-18T03:05:57.198Z,madx93320@gmail.com,newsletter,everyone,true
173377228,2025-09-18T03:05:57.328Z,lea.tipi@gmail.com,newsletter,everyone,true
173377228,2025-09-18T03:05:57.368Z,marieperrenot@yahoo.fr,newsletter,everyone,true
173377228,2025-09-18T03:05:57.395Z,guillaumesrz65@gmail.com,newsletter,everyone,true
173377228,2025-09-18T03:05:57.633Z,bakaybea@gmail.com,newsletter,everyone,true
173377228,2025-09-18T03:05:57.957Z,mfranc@csm.fr,newsletter,everyone,true
173377228,2025-09-18T03:05:58.539Z,cpnioche@outlook.com,newsletter,everyone,true
173377228,2025-09-18T03:07:00.237Z,gabriella.daher@free.fr,newsletter,everyone,true
