post_id,timestamp,email,post_type,post_audience,active_subscription,country,city,region,device_type,client_os,client_type,user_agent
173378203,2025-09-19T03:13:11.597Z,bakaybea@gmail.com,newsletter,everyone,true,US,,,,,,Mozilla/5.0 (Windows NT 5.1; rv:11.0) Gecko Firefox/11.0 (via ggpht.com GoogleImageProxy)
173378203,2025-09-19T03:19:24.759Z,duhaldebordebernadette@orange.fr,newsletter,everyone,true,US,,,,,,Mozilla/5.0
173378203,2025-09-19T03:27:08.062Z,lorine.basquebouvier@gmail.com,newsletter,everyone,true,US,,,,,,Mozilla/5.0
173378203,2025-09-19T03:34:05.570Z,sidonie.cieutat@yahoo.fr,newsletter,everyone,true,FR,,,,,,Mozilla/5.0
173378203,2025-09-19T03:34:22.497Z,hiriartclement@gmail.com,newsletter,everyone,true,FR,,,,,,Mozilla/5.0
173378203,2025-09-19T03:38:43.870Z,gabriella.daher@free.fr,newsletter,everyone,true,US,,,,,,Mozilla/5.0
173378203,2025-09-19T03:41:54.305Z,geraldine_hafkemeijer@hotmail.com,newsletter,everyone,true,NL,,,,,,Mozilla/5.0
173378203,2025-09-19T03:42:31.140Z,somialvi@gmail.com,newsletter,everyone,true,US,,,,,,Mozilla/5.0 (Windows NT 5.1; rv:11.0) Gecko Firefox/11.0 (via ggpht.com GoogleImageProxy)
173378203,2025-09-19T03:42:39.678Z,somialvi@gmail.com,newsletter,everyone,true,US,,,,,,Mozilla/5.0 (Windows NT 5.1; rv:11.0) Gecko Firefox/11.0 (via ggpht.com GoogleImageProxy)
173378203,2025-09-19T03:44:57.353Z,somialvi@gmail.com,newsletter,everyone,true,FR,,,,,,Mozilla/5.0 (Windows NT 10.0; Win64; x64; rv:142.0) Gecko/20100101 Thunderbird/142.0
173378203,2025-09-19T03:45:19.399Z,vincent.breban@gmail.com,newsletter,everyone,true,FR,,,,,,Mozilla/5.0
173378203,2025-09-19T03:48:09.312Z,lea.tipi@gmail.com,newsletter,everyone,true,FR,,,,,,Mozilla/5.0
173378203,2025-09-19T04:21:09.509Z,chris3005chp@gmail.com,newsletter,everyone,true,BD,,,,,,Mozilla/5.0
173378203,2025-09-19T04:21:26.692Z,somialvi@gmail.com,newsletter,everyone,true,FR,,,,,,Mozilla/5.0 (Windows NT 10.0; Win64; x64; rv:142.0) Gecko/20100101 Thunderbird/142.0
173378203,2025-09-19T05:10:22.101Z,madx93320@gmail.com,newsletter,everyone,true,US,,,,,,Mozilla/5.0 (Windows NT 5.1; rv:11.0) Gecko Firefox/11.0 (via ggpht.com GoogleImageProxy)
173378203,2025-09-19T05:19:55.468Z,madx93320@gmail.com,newsletter,everyone,true,US,,,,,,Mozilla/5.0 (Windows NT 5.1; rv:11.0) Gecko Firefox/11.0 (via ggpht.com GoogleImageProxy)
173378203,2025-09-19T05:23:48.759Z,laetitiadebard64@gmail.com,newsletter,everyone,true,US,,,,,,Mozilla/5.0 (Windows NT 5.1; rv:11.0) Gecko Firefox/11.0 (via ggpht.com GoogleImageProxy)
173378203,2025-09-19T05:24:00.551Z,laetitiadebard64@gmail.com,newsletter,everyone,true,US,,,,,,Mozilla/5.0 (Windows NT 5.1; rv:11.0) Gecko Firefox/11.0 (via ggpht.com GoogleImageProxy)
173378203,2025-09-19T05:58:16.114Z,ephrem.daher@free.fr,newsletter,everyone,true,US,,,,,,Mozilla/5.0
173378203,2025-09-19T06:23:46.534Z,achard.luc@wanadoo.fr,newsletter,everyone,true,FR,,,,,,Mozilla/5.0
173378203,2025-09-19T06:51:09.864Z,sidonie.cieutat@yahoo.fr,newsletter,everyone,true,FR,,,,,,Mozilla/5.0
173378203,2025-09-19T08:14:52.236Z,mfranc@csm.fr,newsletter,everyone,true,FR,,,,,,Mozilla/5.0
173378203,2025-09-19T08:21:59.387Z,france.pittoresque@gmail.com,newsletter,everyone,true,FR,,,,,,Mozilla/5.0 (Windows NT 10.0; Win64; x64; rv:140.0) Gecko/20100101 Thunderbird/140.2.1
173378203,2025-09-19T12:46:06.980Z,somialvi@gmail.com,newsletter,everyone,true,US,,,,,,Mozilla/5.0 (Windows NT 5.1; rv:11.0) Gecko Firefox/11.0 (via ggpht.com GoogleImageProxy)
173378203,2025-09-19T13:04:29.888Z,guillaumesrz65@gmail.com,newsletter,everyone,true,US,,,,,,Mozilla/5.0 (Windows NT 5.1; rv:11.0) Gecko Firefox/11.0 (via ggpht.com GoogleImageProxy)
173378203,2025-09-19T14:06:59.336Z,virginie.blazy@gmail.com,newsletter,everyone,true,US,,,,,,Mozilla/5.0 (Windows NT 5.1; rv:11.0) Gecko Firefox/11.0 (via ggpht.com GoogleImageProxy)
173378203,2025-09-19T15:08:42.030Z,marieperrenot@yahoo.fr,newsletter,everyone,true,NL,,,,,,YahooMailProxy; https://help.yahoo.com/kb/yahoo-mail-proxy-SLN28749.html
173378203,2025-09-19T15:08:47.032Z,marieperrenot@yahoo.fr,newsletter,everyone,true,NL,,,,,,YahooMailProxy; https://help.yahoo.com/kb/yahoo-mail-proxy-SLN28749.html
173378203,2025-09-19T19:48:58.668Z,marieperrenot@yahoo.fr,newsletter,everyone,true,NL,,,,,,YahooMailProxy; https://help.yahoo.com/kb/yahoo-mail-proxy-SLN28749.html
173378203,2025-09-19T19:49:41.338Z,marieperrenot@yahoo.fr,newsletter,everyone,true,NL,,,,,,YahooMailProxy; https://help.yahoo.com/kb/yahoo-mail-proxy-SLN28749.html
173378203,2025-09-19T20:48:04.422Z,vincent.breban@gmail.com,newsletter,everyone,true,US,,,,,,Mozilla/5.0
173378203,2025-09-20T12:55:43.608Z,achard.luc@wanadoo.fr,newsletter,everyone,true,FR,,,,,,"Mozilla/5.0 (Macintosh; Intel Mac OS X 10_13_6) AppleWebKit/605.1.15 (KHTML, like Gecko)"
173378203,2025-09-22T16:43:21.884Z,achard.luc@wanadoo.fr,newsletter,everyone,true,FR,,,,,,Mozilla/5.0
173378203,2025-09-23T13:07:45.768Z,ephrem.daher@free.fr,newsletter,everyone,true,FR,,,,,,Mozilla/5.0
173378203,2025-09-26T04:35:59.118Z,madx93320@gmail.com,newsletter,everyone,true,US,,,,,,Mozilla/5.0 (Windows NT 5.1; rv:11.0) Gecko Firefox/11.0 (via ggpht.com GoogleImageProxy)
173378203,2025-09-29T09:07:56.486Z,lorine.basquebouvier@gmail.com,newsletter,everyone,true,FR,,,,,,Mozilla/5.0
173378203,2025-10-02T20:17:19.639Z,hiriartclement@gmail.com,newsletter,everyone,true,FR,,,,,,Mozilla/5.0
173378203,2025-10-04T18:22:28.983Z,gabriella.daher@free.fr,newsletter,everyone,true,US,,,,,,Mozilla/5.0
