post_id,timestamp,email,post_type,post_audience,active_subscription
173366522,2025-09-15T03:12:02.660Z,sandunad1958@gmail.com,newsletter,everyone,true
173366522,2025-09-15T03:12:02.952Z,geraldine_hafkemeijer@hotmail.com,newsletter,everyone,true
173366522,2025-09-15T03:12:02.978Z,france.pittoresque@gmail.com,newsletter,everyone,true
173366522,2025-09-15T03:12:03.030Z,keraudrenp.501@gmail.com,newsletter,everyone,true
173366522,2025-09-15T03:12:03.052Z,prof.georges.raad@gmail.com,newsletter,everyone,true
173366522,2025-09-15T03:12:03.388Z,chris3005chp@gmail.com,newsletter,everyone,true
173366522,2025-09-15T03:12:03.794Z,keraudrenp501@gmail.com,newsletter,everyone,true
173366522,2025-09-15T03:12:04.537Z,sauzeatboris@gmail.com,newsletter,everyone,true
173366522,2025-09-15T03:12:04.625Z,virginie.blazy@gmail.com,newsletter,everyone,true
173366522,2025-09-15T03:12:04.983Z,alethdefonscolombe@gmail.com,newsletter,everyone,true
173366522,2025-09-15T03:12:05.022Z,karinba7@gmail.com,newsletter,everyone,true
173366522,2025-09-15T03:12:05.050Z,lucilesarda38@gmail.com,newsletter,everyone,true
173366522,2025-09-15T03:12:05.066Z,guillaumesrz65@gmail.com,newsletter,everyone,true
173366522,2025-09-15T03:12:05.098Z,laetitiadebard64@gmail.com,newsletter,everyone,true
173366522,2025-09-15T03:12:05.121Z,marie-helene.soulier0705@orange.fr,newsletter,everyone,true
173366522,2025-09-15T03:12:05.133Z,raad.brazil@gmail.com,newsletter,everyone,true
173366522,2025-09-15T03:12:05.140Z,fabienne.bastien1234@gmail.com,newsletter,everyone,true
173366522,2025-09-15T03:12:05.186Z,lorine.basquebouvier@gmail.com,newsletter,everyone,true
173366522,2025-09-15T03:12:05.222Z,bakaybea@gmail.com,newsletter,everyone,true
173366522,2025-09-15T03:12:05.254Z,sidonie.cieutat@yahoo.fr,newsletter,everyone,true
173366522,2025-09-15T03:12:05.255Z,somialvi@gmail.com,newsletter,everyone,true
173366522,2025-09-15T03:12:05.303Z,marieperrenot@yahoo.fr,newsletter,everyone,true
173366522,2025-09-15T03:12:05.305Z,edy.custine@orange.fr,newsletter,everyone,true
173366522,2025-09-15T03:12:05.344Z,lea.tipi@gmail.com,newsletter,everyone,true
173366522,2025-09-15T03:12:05.366Z,hiriartclement@gmail.com,newsletter,everyone,true
173366522,2025-09-15T03:12:05.373Z,madx93320@gmail.com,newsletter,everyone,true
173366522,2025-09-15T03:12:05.460Z,fabasphil@yahoo.fr,newsletter,everyone,true
173366522,2025-09-15T03:12:05.565Z,jules.es@hotmail.fr,newsletter,everyone,true
173366522,2025-09-15T03:12:05.650Z,duhaldebordebernadette@orange.fr,newsletter,everyone,true
173366522,2025-09-15T03:12:05.753Z,aamayon@gmail.com,newsletter,everyone,true
173366522,2025-09-15T03:12:05.823Z,lucreceamigues@gmail.com,newsletter,everyone,true
173366522,2025-09-15T03:12:05.905Z,achard.luc@wanadoo.fr,newsletter,everyone,true
173366522,2025-09-15T03:12:06.014Z,krolima@protonmail.com,newsletter,everyone,true
173366522,2025-09-15T03:12:06.065Z,ephrem.daher@free.fr,newsletter,everyone,true
173366522,2025-09-15T03:12:06.197Z,vincent.breban@gmail.com,newsletter,everyone,true
173366522,2025-09-15T03:12:06.267Z,cpnioche@outlook.com,newsletter,everyone,true
173366522,2025-09-15T03:12:06.704Z,agnes.lagrolet@orange.fr,newsletter,everyone,true
173366522,2025-09-15T03:12:07.293Z,gabriella.daher@free.fr,newsletter,everyone,true
173366522,2025-09-15T03:12:07.717Z,mfranc@csm.fr,newsletter,everyone,true
