post_id,timestamp,email,post_type,post_audience,active_subscription
173371689,2025-09-16T03:05:06.828Z,france.pittoresque@gmail.com,newsletter,everyone,true
173371689,2025-09-16T03:05:06.916Z,prof.georges.raad@gmail.com,newsletter,everyone,true
173371689,2025-09-16T03:05:06.991Z,sandunad1958@gmail.com,newsletter,everyone,true
173371689,2025-09-16T03:05:07.127Z,keraudrenp.501@gmail.com,newsletter,everyone,true
173371689,2025-09-16T03:05:07.266Z,chris3005chp@gmail.com,newsletter,everyone,true
173371689,2025-09-16T03:05:07.397Z,keraudrenp501@gmail.com,newsletter,everyone,true
173371689,2025-09-16T03:05:07.506Z,sauzeatboris@gmail.com,newsletter,everyone,true
173371689,2025-09-16T03:05:07.638Z,fabienne.bastien1234@gmail.com,newsletter,everyone,true
173371689,2025-09-16T03:05:07.703Z,somialvi@gmail.com,newsletter,everyone,true
173371689,2025-09-16T03:05:07.706Z,lucreceamigues@gmail.com,newsletter,everyone,true
173371689,2025-09-16T03:05:07.726Z,aamayon@gmail.com,newsletter,everyone,true
173371689,2025-09-16T03:05:07.751Z,lorine.basquebouvier@gmail.com,newsletter,everyone,true
173371689,2025-09-16T03:05:07.767Z,lucilesarda38@gmail.com,newsletter,everyone,true
173371689,2025-09-16T03:05:07.776Z,laetitiadebard64@gmail.com,newsletter,everyone,true
173371689,2025-09-16T03:05:07.784Z,guillaumesrz65@gmail.com,newsletter,everyone,true
173371689,2025-09-16T03:05:07.817Z,bakaybea@gmail.com,newsletter,everyone,true
173371689,2025-09-16T03:05:07.831Z,lea.tipi@gmail.com,newsletter,everyone,true
173371689,2025-09-16T03:05:07.838Z,madx93320@gmail.com,newsletter,everyone,true
173371689,2025-09-16T03:05:07.895Z,hiriartclement@gmail.com,newsletter,everyone,true
173371689,2025-09-16T03:05:07.930Z,alethdefonscolombe@gmail.com,newsletter,everyone,true
173371689,2025-09-16T03:05:08.044Z,edy.custine@orange.fr,newsletter,everyone,true
173371689,2025-09-16T03:05:08.092Z,karinba7@gmail.com,newsletter,everyone,true
173371689,2025-09-16T03:05:08.225Z,virginie.blazy@gmail.com,newsletter,everyone,true
173371689,2025-09-16T03:05:08.262Z,raad.brazil@gmail.com,newsletter,everyone,true
173371689,2025-09-16T03:05:08.324Z,marieperrenot@yahoo.fr,newsletter,everyone,true
173371689,2025-09-16T03:05:08.424Z,achard.luc@wanadoo.fr,newsletter,everyone,true
173371689,2025-09-16T03:05:08.474Z,jules.es@hotmail.fr,newsletter,everyone,true
173371689,2025-09-16T03:05:08.482Z,gabriella.daher@free.fr,newsletter,everyone,true
173371689,2025-09-16T03:05:08.495Z,ephrem.daher@free.fr,newsletter,everyone,true
173371689,2025-09-16T03:05:08.594Z,vincent.breban@gmail.com,newsletter,everyone,true
173371689,2025-09-16T03:05:08.676Z,sidonie.cieutat@yahoo.fr,newsletter,everyone,true
173371689,2025-09-16T03:05:08.802Z,duhaldebordebernadette@orange.fr,newsletter,everyone,true
173371689,2025-09-16T03:05:08.831Z,fabasphil@yahoo.fr,newsletter,everyone,true
173371689,2025-09-16T03:05:09.137Z,cpnioche@outlook.com,newsletter,everyone,true
173371689,2025-09-16T03:05:09.137Z,mfranc@csm.fr,newsletter,everyone,true
173371689,2025-09-16T03:05:09.152Z,geraldine_hafkemeijer@hotmail.com,newsletter,everyone,true
173371689,2025-09-16T03:05:09.155Z,krolima@protonmail.com,newsletter,everyone,true
173371689,2025-09-16T03:06:37.831Z,agnes.lagrolet@orange.fr,newsletter,everyone,true
173371689,2025-09-16T03:07:05.990Z,marie-helene.soulier0705@orange.fr,newsletter,everyone,true
