post_id,timestamp,email,post_type,post_audience,active_subscription
173378203,2025-09-19T03:04:29.190Z,sandunad1958@gmail.com,newsletter,everyone,true
173378203,2025-09-19T03:04:29.193Z,marie-helene.soulier0705@orange.fr,newsletter,everyone,true
173378203,2025-09-19T03:04:30.484Z,prof.georges.raad@gmail.com,newsletter,everyone,true
173378203,2025-09-19T03:04:30.551Z,keraudrenp.501@gmail.com,newsletter,everyone,true
173378203,2025-09-19T03:04:30.651Z,keraudrenp501@gmail.com,newsletter,everyone,true
173378203,2025-09-19T03:04:30.742Z,france.pittoresque@gmail.com,newsletter,everyone,true
173378203,2025-09-19T03:04:30.742Z,chris3005chp@gmail.com,newsletter,everyone,true
173378203,2025-09-19T03:04:30.798Z,geraldine_hafkemeijer@hotmail.com,newsletter,everyone,true
173378203,2025-09-19T03:04:32.064Z,sauzeatboris@gmail.com,newsletter,everyone,true
173378203,2025-09-19T03:04:32.584Z,virginie.blazy@gmail.com,newsletter,everyone,true
173378203,2025-09-19T03:04:32.763Z,sidonie.cieutat@yahoo.fr,newsletter,everyone,true
173378203,2025-09-19T03:04:32.802Z,alethdefonscolombe@gmail.com,newsletter,everyone,true
173378203,2025-09-19T03:04:32.974Z,vincent.breban@gmail.com,newsletter,everyone,true
173378203,2025-09-19T03:04:32.983Z,karinba7@gmail.com,newsletter,everyone,true
173378203,2025-09-19T03:04:33.189Z,edy.custine@orange.fr,newsletter,everyone,true
173378203,2025-09-19T03:04:33.353Z,laetitiadebard64@gmail.com,newsletter,everyone,true
173378203,2025-09-19T03:04:33.354Z,jules.es@hotmail.fr,newsletter,everyone,true
173378203,2025-09-19T03:04:33.444Z,guillaumesrz65@gmail.com,newsletter,everyone,true
173378203,2025-09-19T03:04:33.463Z,raad.brazil@gmail.com,newsletter,everyone,true
173378203,2025-09-19T03:04:33.518Z,fabienne.bastien1234@gmail.com,newsletter,everyone,true
173378203,2025-09-19T03:04:33.678Z,somialvi@gmail.com,newsletter,everyone,true
173378203,2025-09-19T03:04:33.688Z,lorine.basquebouvier@gmail.com,newsletter,everyone,true
173378203,2025-09-19T03:04:33.708Z,aamayon@gmail.com,newsletter,everyone,true
173378203,2025-09-19T03:04:33.712Z,hiriartclement@gmail.com,newsletter,everyone,true
173378203,2025-09-19T03:04:33.779Z,lucreceamigues@gmail.com,newsletter,everyone,true
173378203,2025-09-19T03:04:33.780Z,lea.tipi@gmail.com,newsletter,everyone,true
173378203,2025-09-19T03:04:33.817Z,cpnioche@outlook.com,newsletter,everyone,true
173378203,2025-09-19T03:04:33.858Z,madx93320@gmail.com,newsletter,everyone,true
173378203,2025-09-19T03:04:34.016Z,bakaybea@gmail.com,newsletter,everyone,true
173378203,2025-09-19T03:04:34.048Z,gabriella.daher@free.fr,newsletter,everyone,true
173378203,2025-09-19T03:04:34.052Z,ephrem.daher@free.fr,newsletter,everyone,true
173378203,2025-09-19T03:04:34.054Z,lucilesarda38@gmail.com,newsletter,everyone,true
173378203,2025-09-19T03:04:34.057Z,krolima@protonmail.com,newsletter,everyone,true
173378203,2025-09-19T03:04:34.072Z,duhaldebordebernadette@orange.fr,newsletter,everyone,true
173378203,2025-09-19T03:04:34.108Z,agnes.lagrolet@orange.fr,newsletter,everyone,true
173378203,2025-09-19T03:04:34.206Z,fabasphil@yahoo.fr,newsletter,everyone,true
173378203,2025-09-19T03:04:34.562Z,achard.luc@wanadoo.fr,newsletter,everyone,true
173378203,2025-09-19T03:04:34.817Z,marieperrenot@yahoo.fr,newsletter,everyone,true
173378203,2025-09-19T03:04:35.108Z,mfranc@csm.fr,newsletter,everyone,true
