post_id,timestamp,email,post_type,post_audience,active_subscription
173375101,2025-09-20T03:04:34.049Z,sandunad1958@gmail.com,newsletter,everyone,true
173375101,2025-09-20T03:04:34.822Z,chris3005chp@gmail.com,newsletter,everyone,true
173375101,2025-09-20T03:04:34.865Z,keraudrenp.501@gmail.com,newsletter,everyone,true
173375101,2025-09-20T03:04:34.975Z,prof.georges.raad@gmail.com,newsletter,everyone,true
173375101,2025-09-20T03:04:34.995Z,france.pittoresque@gmail.com,newsletter,everyone,true
173375101,2025-09-20T03:04:35.053Z,keraudrenp501@gmail.com,newsletter,everyone,true
173375101,2025-09-20T03:04:35.336Z,sauzeatboris@gmail.com,newsletter,everyone,true
173375101,2025-09-20T03:04:35.510Z,geraldine_hafkemeijer@hotmail.com,newsletter,everyone,true
173375101,2025-09-20T03:04:35.591Z,virginie.blazy@gmail.com,newsletter,everyone,true
173375101,2025-09-20T03:04:35.992Z,marie-helene.soulier0705@orange.fr,newsletter,everyone,true
173375101,2025-09-20T03:04:36.137Z,fabienne.bastien1234@gmail.com,newsletter,everyone,true
173375101,2025-09-20T03:04:36.162Z,lucilesarda38@gmail.com,newsletter,everyone,true
173375101,2025-09-20T03:04:36.204Z,hiriartclement@gmail.com,newsletter,everyone,true
173375101,2025-09-20T03:04:36.257Z,vincent.breban@gmail.com,newsletter,everyone,true
173375101,2025-09-20T03:04:36.265Z,somialvi@gmail.com,newsletter,everyone,true
173375101,2025-09-20T03:04:36.295Z,madx93320@gmail.com,newsletter,everyone,true
173375101,2025-09-20T03:04:36.316Z,karinba7@gmail.com,newsletter,everyone,true
173375101,2025-09-20T03:04:36.375Z,lucreceamigues@gmail.com,newsletter,everyone,true
173375101,2025-09-20T03:04:36.393Z,bakaybea@gmail.com,newsletter,everyone,true
173375101,2025-09-20T03:04:36.535Z,duhaldebordebernadette@orange.fr,newsletter,everyone,true
173375101,2025-09-20T03:04:36.590Z,alethdefonscolombe@gmail.com,newsletter,everyone,true
173375101,2025-09-20T03:04:36.613Z,sidonie.cieutat@yahoo.fr,newsletter,everyone,true
173375101,2025-09-20T03:04:36.734Z,laetitiadebard64@gmail.com,newsletter,everyone,true
173375101,2025-09-20T03:04:36.893Z,aamayon@gmail.com,newsletter,everyone,true
173375101,2025-09-20T03:04:36.903Z,jules.es@hotmail.fr,newsletter,everyone,true
173375101,2025-09-20T03:04:37.045Z,lea.tipi@gmail.com,newsletter,everyone,true
173375101,2025-09-20T03:04:37.136Z,cpnioche@outlook.com,newsletter,everyone,true
173375101,2025-09-20T03:04:37.203Z,edy.custine@orange.fr,newsletter,everyone,true
173375101,2025-09-20T03:04:37.378Z,ephrem.daher@free.fr,newsletter,everyone,true
173375101,2025-09-20T03:04:37.488Z,gabriella.daher@free.fr,newsletter,everyone,true
173375101,2025-09-20T03:04:37.613Z,mfranc@csm.fr,newsletter,everyone,true
173375101,2025-09-20T03:04:37.765Z,raad.brazil@gmail.com,newsletter,everyone,true
173375101,2025-09-20T03:04:37.823Z,lorine.basquebouvier@gmail.com,newsletter,everyone,true
173375101,2025-09-20T03:04:37.849Z,guillaumesrz65@gmail.com,newsletter,everyone,true
173375101,2025-09-20T03:04:38.159Z,fabasphil@yahoo.fr,newsletter,everyone,true
173375101,2025-09-20T03:04:38.334Z,achard.luc@wanadoo.fr,newsletter,everyone,true
173375101,2025-09-20T03:04:38.401Z,marieperrenot@yahoo.fr,newsletter,everyone,true
173375101,2025-09-20T03:04:39.177Z,krolima@protonmail.com,newsletter,everyone,true
173375101,2025-09-20T03:04:39.259Z,agnes.lagrolet@orange.fr,newsletter,everyone,true
