post_id,timestamp,email,post_type,post_audience,active_subscription
173375680,2025-09-17T03:05:27.216Z,sandunad1958@gmail.com,newsletter,everyone,true
173375680,2025-09-17T03:05:27.274Z,france.pittoresque@gmail.com,newsletter,everyone,true
173375680,2025-09-17T03:05:27.727Z,chris3005chp@gmail.com,newsletter,everyone,true
173375680,2025-09-17T03:05:28.104Z,keraudrenp501@gmail.com,newsletter,everyone,true
173375680,2025-09-17T03:05:28.182Z,keraudrenp.501@gmail.com,newsletter,everyone,true
173375680,2025-09-17T03:05:28.187Z,geraldine_hafkemeijer@hotmail.com,newsletter,everyone,true
173375680,2025-09-17T03:05:28.273Z,virginie.blazy@gmail.com,newsletter,everyone,true
173375680,2025-09-17T03:05:28.337Z,sauzeatboris@gmail.com,newsletter,everyone,true
173375680,2025-09-17T03:05:28.508Z,guillaumesrz65@gmail.com,newsletter,everyone,true
173375680,2025-09-17T03:05:28.519Z,fabienne.bastien1234@gmail.com,newsletter,everyone,true
173375680,2025-09-17T03:05:28.535Z,laetitiadebard64@gmail.com,newsletter,everyone,true
173375680,2025-09-17T03:05:28.562Z,raad.brazil@gmail.com,newsletter,everyone,true
173375680,2025-09-17T03:05:28.577Z,alethdefonscolombe@gmail.com,newsletter,everyone,true
173375680,2025-09-17T03:05:28.651Z,lorine.basquebouvier@gmail.com,newsletter,everyone,true
173375680,2025-09-17T03:05:28.679Z,karinba7@gmail.com,newsletter,everyone,true
173375680,2025-09-17T03:05:28.710Z,edy.custine@orange.fr,newsletter,everyone,true
173375680,2025-09-17T03:05:28.759Z,aamayon@gmail.com,newsletter,everyone,true
173375680,2025-09-17T03:05:28.852Z,prof.georges.raad@gmail.com,newsletter,everyone,true
173375680,2025-09-17T03:05:28.890Z,hiriartclement@gmail.com,newsletter,everyone,true
173375680,2025-09-17T03:05:28.937Z,vincent.breban@gmail.com,newsletter,everyone,true
173375680,2025-09-17T03:05:28.965Z,bakaybea@gmail.com,newsletter,everyone,true
173375680,2025-09-17T03:05:29.043Z,agnes.lagrolet@orange.fr,newsletter,everyone,true
173375680,2025-09-17T03:05:29.057Z,duhaldebordebernadette@orange.fr,newsletter,everyone,true
173375680,2025-09-17T03:05:29.094Z,ephrem.daher@free.fr,newsletter,everyone,true
173375680,2025-09-17T03:05:29.152Z,madx93320@gmail.com,newsletter,everyone,true
173375680,2025-09-17T03:05:29.174Z,lucilesarda38@gmail.com,newsletter,everyone,true
173375680,2025-09-17T03:05:29.202Z,lea.tipi@gmail.com,newsletter,everyone,true
173375680,2025-09-17T03:05:29.331Z,somialvi@gmail.com,newsletter,everyone,true
173375680,2025-09-17T03:05:29.388Z,sidonie.cieutat@yahoo.fr,newsletter,everyone,true
173375680,2025-09-17T03:05:29.532Z,gabriella.daher@free.fr,newsletter,everyone,true
173375680,2025-09-17T03:05:29.758Z,mfranc@csm.fr,newsletter,everyone,true
173375680,2025-09-17T03:05:29.804Z,fabasphil@yahoo.fr,newsletter,everyone,true
173375680,2025-09-17T03:05:29.846Z,cpnioche@outlook.com,newsletter,everyone,true
173375680,2025-09-17T03:05:29.983Z,jules.es@hotmail.fr,newsletter,everyone,true
173375680,2025-09-17T03:05:30.016Z,marieperrenot@yahoo.fr,newsletter,everyone,true
173375680,2025-09-17T03:05:30.080Z,krolima@protonmail.com,newsletter,everyone,true
173375680,2025-09-17T03:05:30.232Z,lucreceamigues@gmail.com,newsletter,everyone,true
173375680,2025-09-17T03:07:04.846Z,marie-helene.soulier0705@orange.fr,newsletter,everyone,true
173375680,2025-09-17T03:08:11.951Z,achard.luc@wanadoo.fr,newsletter,everyone,true
