post_id,timestamp,email,post_type,post_audience,active_subscription
173443178,2025-09-13T03:04:56.563Z,sandunad1958@gmail.com,newsletter,everyone,true
173443178,2025-09-13T03:04:56.752Z,prof.georges.raad@gmail.com,newsletter,everyone,true
173443178,2025-09-13T03:04:56.789Z,france.pittoresque@gmail.com,newsletter,everyone,true
173443178,2025-09-13T03:04:56.820Z,keraudrenp.501@gmail.com,newsletter,everyone,true
173443178,2025-09-13T03:04:56.832Z,keraudrenp501@gmail.com,newsletter,everyone,true
173443178,2025-09-13T03:04:57.159Z,chris3005chp@gmail.com,newsletter,everyone,true
173443178,2025-09-13T03:04:57.335Z,yveline2604@gmail.com,newsletter,everyone,true
173443178,2025-09-13T03:04:57.568Z,virginie.blazy@gmail.com,newsletter,everyone,true
173443178,2025-09-13T03:04:57.748Z,geraldine_hafkemeijer@hotmail.com,newsletter,everyone,true
173443178,2025-09-13T03:04:58.117Z,sidonie.cieutat@yahoo.fr,newsletter,everyone,true
173443178,2025-09-13T03:04:58.215Z,alethdefonscolombe@gmail.com,newsletter,everyone,true
173443178,2025-09-13T03:04:58.327Z,karinba7@gmail.com,newsletter,everyone,true
173443178,2025-09-13T03:04:58.395Z,somialvi@gmail.com,newsletter,everyone,true
173443178,2025-09-13T03:04:58.415Z,aamayon@gmail.com,newsletter,everyone,true
173443178,2025-09-13T03:04:58.432Z,lorine.basquebouvier@gmail.com,newsletter,everyone,true
173443178,2025-09-13T03:04:58.461Z,raad.brazil@gmail.com,newsletter,everyone,true
173443178,2025-09-13T03:04:58.488Z,hiriartclement@gmail.com,newsletter,everyone,true
173443178,2025-09-13T03:04:58.519Z,lucreceamigues@gmail.com,newsletter,everyone,true
173443178,2025-09-13T03:04:58.561Z,lucilesarda38@gmail.com,newsletter,everyone,true
173443178,2025-09-13T03:04:58.601Z,fabienne.bastien1234@gmail.com,newsletter,everyone,true
173443178,2025-09-13T03:04:58.751Z,guillaumesrz65@gmail.com,newsletter,everyone,true
173443178,2025-09-13T03:04:58.786Z,madx93320@gmail.com,newsletter,everyone,true
173443178,2025-09-13T03:04:58.919Z,bakaybea@gmail.com,newsletter,everyone,true
173443178,2025-09-13T03:04:58.989Z,fabasphil@yahoo.fr,newsletter,everyone,true
173443178,2025-09-13T03:04:59.123Z,sauzeatboris@gmail.com,newsletter,everyone,true
173443178,2025-09-13T03:04:59.261Z,cpnioche@outlook.com,newsletter,everyone,true
173443178,2025-09-13T03:04:59.370Z,laetitiadebard64@gmail.com,newsletter,everyone,true
173443178,2025-09-13T03:04:59.438Z,vincent.breban@gmail.com,newsletter,everyone,true
173443178,2025-09-13T03:04:59.497Z,jules.es@hotmail.fr,newsletter,everyone,true
173443178,2025-09-13T03:04:59.500Z,lea.tipi@gmail.com,newsletter,everyone,true
173443178,2025-09-13T03:04:59.532Z,ephrem.daher@free.fr,newsletter,everyone,true
173443178,2025-09-13T03:04:59.611Z,achard.luc@wanadoo.fr,newsletter,everyone,true
173443178,2025-09-13T03:04:59.621Z,marieperrenot@yahoo.fr,newsletter,everyone,true
173443178,2025-09-13T03:04:59.697Z,krolima@protonmail.com,newsletter,everyone,true
173443178,2025-09-13T03:04:59.735Z,edy.custine@orange.fr,newsletter,everyone,true
173443178,2025-09-13T03:05:00.447Z,marie-helene.soulier0705@orange.fr,newsletter,everyone,true
173443178,2025-09-13T03:05:00.526Z,agnes.lagrolet@orange.fr,newsletter,everyone,true
173443178,2025-09-13T03:05:00.803Z,duhaldebordebernadette@orange.fr,newsletter,everyone,true
173443178,2025-09-13T03:05:00.826Z,gabriella.daher@free.fr,newsletter,everyone,true
173443178,2025-09-13T03:05:01.131Z,mfranc@csm.fr,newsletter,everyone,true
