post_id,timestamp,email,post_type,post_audience,active_subscription
173755519,2025-09-21T03:05:29.097Z,sandunad1958@gmail.com,newsletter,everyone,true
173755519,2025-09-21T03:05:29.861Z,chris3005chp@gmail.com,newsletter,everyone,true
173755519,2025-09-21T03:05:29.954Z,geraldine_hafkemeijer@hotmail.com,newsletter,everyone,true
173755519,2025-09-21T03:05:29.986Z,prof.georges.raad@gmail.com,newsletter,everyone,true
173755519,2025-09-21T03:05:30.079Z,keraudrenp501@gmail.com,newsletter,everyone,true
173755519,2025-09-21T03:05:30.306Z,marie-helene.soulier0705@orange.fr,newsletter,everyone,true
173755519,2025-09-21T03:05:30.503Z,virginie.blazy@gmail.com,newsletter,everyone,true
173755519,2025-09-21T03:05:30.706Z,sauzeatboris@gmail.com,newsletter,everyone,true
173755519,2025-09-21T03:05:30.917Z,keraudrenp.501@gmail.com,newsletter,everyone,true
173755519,2025-09-21T03:05:31.275Z,france.pittoresque@gmail.com,newsletter,everyone,true
173755519,2025-09-21T03:05:31.342Z,somialvi@gmail.com,newsletter,everyone,true
173755519,2025-09-21T03:05:31.503Z,lucilesarda38@gmail.com,newsletter,everyone,true
173755519,2025-09-21T03:05:31.524Z,fabienne.bastien1234@gmail.com,newsletter,everyone,true
173755519,2025-09-21T03:05:31.564Z,raad.brazil@gmail.com,newsletter,everyone,true
173755519,2025-09-21T03:05:31.589Z,lorine.basquebouvier@gmail.com,newsletter,everyone,true
173755519,2025-09-21T03:05:31.602Z,laetitiadebard64@gmail.com,newsletter,everyone,true
173755519,2025-09-21T03:05:31.610Z,hiriartclement@gmail.com,newsletter,everyone,true
173755519,2025-09-21T03:05:31.647Z,lucreceamigues@gmail.com,newsletter,everyone,true
173755519,2025-09-21T03:05:31.733Z,alethdefonscolombe@gmail.com,newsletter,everyone,true
173755519,2025-09-21T03:05:31.796Z,guillaumesrz65@gmail.com,newsletter,everyone,true
173755519,2025-09-21T03:05:31.846Z,vincent.breban@gmail.com,newsletter,everyone,true
173755519,2025-09-21T03:05:32.032Z,sidonie.cieutat@yahoo.fr,newsletter,everyone,true
173755519,2025-09-21T03:05:32.076Z,madx93320@gmail.com,newsletter,everyone,true
173755519,2025-09-21T03:05:32.700Z,gabriella.daher@free.fr,newsletter,everyone,true
173755519,2025-09-21T03:05:32.772Z,agnes.lagrolet@orange.fr,newsletter,everyone,true
173755519,2025-09-21T03:05:32.819Z,bakaybea@gmail.com,newsletter,everyone,true
173755519,2025-09-21T03:05:32.820Z,fabasphil@yahoo.fr,newsletter,everyone,true
173755519,2025-09-21T03:05:32.833Z,mfranc@csm.fr,newsletter,everyone,true
173755519,2025-09-21T03:05:32.927Z,ephrem.daher@free.fr,newsletter,everyone,true
173755519,2025-09-21T03:05:32.980Z,jules.es@hotmail.fr,newsletter,everyone,true
173755519,2025-09-21T03:05:33.003Z,krolima@protonmail.com,newsletter,everyone,true
173755519,2025-09-21T03:05:33.072Z,karinba7@gmail.com,newsletter,everyone,true
173755519,2025-09-21T03:05:33.217Z,aamayon@gmail.com,newsletter,everyone,true
173755519,2025-09-21T03:05:33.217Z,edy.custine@orange.fr,newsletter,everyone,true
173755519,2025-09-21T03:05:33.364Z,duhaldebordebernadette@orange.fr,newsletter,everyone,true
173755519,2025-09-21T03:05:33.388Z,lea.tipi@gmail.com,newsletter,everyone,true
173755519,2025-09-21T03:05:33.559Z,marieperrenot@yahoo.fr,newsletter,everyone,true
173755519,2025-09-21T03:05:33.798Z,cpnioche@outlook.com,newsletter,everyone,true
173755519,2025-09-21T03:05:34.626Z,achard.luc@wanadoo.fr,newsletter,everyone,true
