post_id,timestamp,email,post_type,post_audience,active_subscription
173941544,2025-09-22T03:04:20.690Z,sandunad1958@gmail.com,newsletter,everyone,true
173941544,2025-09-22T03:04:20.876Z,marie-helene.soulier0705@orange.fr,newsletter,everyone,true
173941544,2025-09-22T03:04:21.037Z,chris3005chp@gmail.com,newsletter,everyone,true
173941544,2025-09-22T03:04:21.192Z,keraudrenp.501@gmail.com,newsletter,everyone,true
173941544,2025-09-22T03:04:21.227Z,france.pittoresque@gmail.com,newsletter,everyone,true
173941544,2025-09-22T03:04:21.421Z,keraudrenp501@gmail.com,newsletter,everyone,true
173941544,2025-09-22T03:04:21.588Z,virginie.blazy@gmail.com,newsletter,everyone,true
173941544,2025-09-22T03:04:21.846Z,prof.georges.raad@gmail.com,newsletter,everyone,true
173941544,2025-09-22T03:04:22.015Z,sidonie.cieutat@yahoo.fr,newsletter,everyone,true
173941544,2025-09-22T03:04:22.429Z,geraldine_hafkemeijer@hotmail.com,newsletter,everyone,true
173941544,2025-09-22T03:04:22.511Z,sauzeatboris@gmail.com,newsletter,everyone,true
173941544,2025-09-22T03:04:23.058Z,alethdefonscolombe@gmail.com,newsletter,everyone,true
173941544,2025-09-22T03:04:23.186Z,laetitiadebard64@gmail.com,newsletter,everyone,true
173941544,2025-09-22T03:04:23.303Z,aamayon@gmail.com,newsletter,everyone,true
173941544,2025-09-22T03:04:23.305Z,somialvi@gmail.com,newsletter,everyone,true
173941544,2025-09-22T03:04:23.307Z,lucreceamigues@gmail.com,newsletter,everyone,true
173941544,2025-09-22T03:04:23.334Z,bakaybea@gmail.com,newsletter,everyone,true
173941544,2025-09-22T03:04:23.364Z,hiriartclement@gmail.com,newsletter,everyone,true
173941544,2025-09-22T03:04:23.369Z,guillaumesrz65@gmail.com,newsletter,everyone,true
173941544,2025-09-22T03:04:23.437Z,edy.custine@orange.fr,newsletter,everyone,true
173941544,2025-09-22T03:04:23.474Z,lea.tipi@gmail.com,newsletter,everyone,true
173941544,2025-09-22T03:04:23.480Z,lorine.basquebouvier@gmail.com,newsletter,everyone,true
173941544,2025-09-22T03:04:23.488Z,vincent.breban@gmail.com,newsletter,everyone,true
173941544,2025-09-22T03:04:23.548Z,karinba7@gmail.com,newsletter,everyone,true
173941544,2025-09-22T03:04:23.560Z,madx93320@gmail.com,newsletter,everyone,true
173941544,2025-09-22T03:04:23.645Z,duhaldebordebernadette@orange.fr,newsletter,everyone,true
173941544,2025-09-22T03:04:23.662Z,achard.luc@wanadoo.fr,newsletter,everyone,true
173941544,2025-09-22T03:04:23.667Z,fabienne.bastien1234@gmail.com,newsletter,everyone,true
173941544,2025-09-22T03:04:23.706Z,ephrem.daher@free.fr,newsletter,everyone,true
173941544,2025-09-22T03:04:23.762Z,fabasphil@yahoo.fr,newsletter,everyone,true
173941544,2025-09-22T03:04:23.823Z,marieperrenot@yahoo.fr,newsletter,everyone,true
173941544,2025-09-22T03:04:23.855Z,lucilesarda38@gmail.com,newsletter,everyone,true
173941544,2025-09-22T03:04:23.894Z,raad.brazil@gmail.com,newsletter,everyone,true
173941544,2025-09-22T03:04:24.183Z,agnes.lagrolet@orange.fr,newsletter,everyone,true
173941544,2025-09-22T03:04:24.422Z,gabriella.daher@free.fr,newsletter,everyone,true
173941544,2025-09-22T03:04:24.551Z,cpnioche@outlook.com,newsletter,everyone,true
173941544,2025-09-22T03:04:24.733Z,mfranc@csm.fr,newsletter,everyone,true
173941544,2025-09-22T03:04:25.254Z,jules.es@hotmail.fr,newsletter,everyone,true
