post_id,timestamp,email,post_type,post_audience,active_subscription
174075227,2025-09-23T03:04:41.508Z,chris3005chp@gmail.com,newsletter,everyone,true
174075227,2025-09-23T03:04:41.510Z,france.pittoresque@gmail.com,newsletter,everyone,true
174075227,2025-09-23T03:04:41.609Z,prof.georges.raad@gmail.com,newsletter,everyone,true
174075227,2025-09-23T03:04:42.196Z,sandunad1958@gmail.com,newsletter,everyone,true
174075227,2025-09-23T03:04:42.202Z,sauzeatboris@gmail.com,newsletter,everyone,true
174075227,2025-09-23T03:04:42.302Z,sidonie.cieutat@yahoo.fr,newsletter,everyone,true
174075227,2025-09-23T03:04:42.320Z,virginie.blazy@gmail.com,newsletter,everyone,true
174075227,2025-09-23T03:04:42.391Z,keraudrenp.501@gmail.com,newsletter,everyone,true
174075227,2025-09-23T03:04:42.409Z,keraudrenp501@gmail.com,newsletter,everyone,true
174075227,2025-09-23T03:04:42.544Z,laetitiadebard64@gmail.com,newsletter,everyone,true
174075227,2025-09-23T03:04:42.609Z,raad.brazil@gmail.com,newsletter,everyone,true
174075227,2025-09-23T03:04:42.648Z,somialvi@gmail.com,newsletter,everyone,true
174075227,2025-09-23T03:04:42.672Z,fabienne.bastien1234@gmail.com,newsletter,everyone,true
174075227,2025-09-23T03:04:42.966Z,alethdefonscolombe@gmail.com,newsletter,everyone,true
174075227,2025-09-23T03:04:42.967Z,karinba7@gmail.com,newsletter,everyone,true
174075227,2025-09-23T03:04:42.997Z,lea.tipi@gmail.com,newsletter,everyone,true
174075227,2025-09-23T03:04:43.015Z,vincent.breban@gmail.com,newsletter,everyone,true
174075227,2025-09-23T03:04:43.043Z,aamayon@gmail.com,newsletter,everyone,true
174075227,2025-09-23T03:04:43.043Z,hiriartclement@gmail.com,newsletter,everyone,true
174075227,2025-09-23T03:04:43.062Z,lucilesarda38@gmail.com,newsletter,everyone,true
174075227,2025-09-23T03:04:43.077Z,lucreceamigues@gmail.com,newsletter,everyone,true
174075227,2025-09-23T03:04:43.247Z,bakaybea@gmail.com,newsletter,everyone,true
174075227,2025-09-23T03:04:43.274Z,fabasphil@yahoo.fr,newsletter,everyone,true
174075227,2025-09-23T03:04:43.694Z,lorine.basquebouvier@gmail.com,newsletter,everyone,true
174075227,2025-09-23T03:04:43.738Z,madx93320@gmail.com,newsletter,everyone,true
174075227,2025-09-23T03:04:43.741Z,guillaumesrz65@gmail.com,newsletter,everyone,true
174075227,2025-09-23T03:04:43.880Z,jules.es@hotmail.fr,newsletter,everyone,true
174075227,2025-09-23T03:04:43.917Z,cpnioche@outlook.com,newsletter,everyone,true
174075227,2025-09-23T03:04:43.998Z,achard.luc@wanadoo.fr,newsletter,everyone,true
174075227,2025-09-23T03:04:44.007Z,marie-helene.soulier0705@orange.fr,newsletter,everyone,true
174075227,2025-09-23T03:04:44.063Z,gabriella.daher@free.fr,newsletter,everyone,true
174075227,2025-09-23T03:04:44.104Z,edy.custine@orange.fr,newsletter,everyone,true
174075227,2025-09-23T03:04:44.291Z,agnes.lagrolet@orange.fr,newsletter,everyone,true
174075227,2025-09-23T03:04:44.511Z,duhaldebordebernadette@orange.fr,newsletter,everyone,true
174075227,2025-09-23T03:04:44.656Z,marieperrenot@yahoo.fr,newsletter,everyone,true
174075227,2025-09-23T03:04:44.952Z,mfranc@csm.fr,newsletter,everyone,true
174075227,2025-09-23T03:04:46.421Z,geraldine_hafkemeijer@hotmail.com,newsletter,everyone,true
