post_id,timestamp,email,post_type,post_audience,active_subscription
174103336,2025-09-25T03:05:23.169Z,keraudrenp.501@gmail.com,newsletter,everyone,true
174103336,2025-09-25T03:05:23.188Z,france.pittoresque@gmail.com,newsletter,everyone,true
174103336,2025-09-25T03:05:23.190Z,sandunad1958@gmail.com,newsletter,everyone,true
174103336,2025-09-25T03:05:23.293Z,keraudrenp501@gmail.com,newsletter,everyone,true
174103336,2025-09-25T03:05:23.305Z,chris3005chp@gmail.com,newsletter,everyone,true
174103336,2025-09-25T03:05:23.769Z,sauzeatboris@gmail.com,newsletter,everyone,true
174103336,2025-09-25T03:05:23.848Z,virginie.blazy@gmail.com,newsletter,everyone,true
174103336,2025-09-25T03:05:24.287Z,alethdefonscolombe@gmail.com,newsletter,everyone,true
174103336,2025-09-25T03:05:24.418Z,lucilesarda38@gmail.com,newsletter,everyone,true
174103336,2025-09-25T03:05:24.488Z,karinba7@gmail.com,newsletter,everyone,true
174103336,2025-09-25T03:05:24.491Z,somialvi@gmail.com,newsletter,everyone,true
174103336,2025-09-25T03:05:24.537Z,hiriartclement@gmail.com,newsletter,everyone,true
174103336,2025-09-25T03:05:24.543Z,bakaybea@gmail.com,newsletter,everyone,true
174103336,2025-09-25T03:05:24.592Z,lea.tipi@gmail.com,newsletter,everyone,true
174103336,2025-09-25T03:05:24.674Z,geraldine_hafkemeijer@hotmail.com,newsletter,everyone,true
174103336,2025-09-25T03:05:24.690Z,prof.georges.raad@gmail.com,newsletter,everyone,true
174103336,2025-09-25T03:05:24.693Z,lucreceamigues@gmail.com,newsletter,everyone,true
174103336,2025-09-25T03:05:24.696Z,raad.brazil@gmail.com,newsletter,everyone,true
174103336,2025-09-25T03:05:24.766Z,laetitiadebard64@gmail.com,newsletter,everyone,true
174103336,2025-09-25T03:05:24.800Z,agnes.lagrolet@orange.fr,newsletter,everyone,true
174103336,2025-09-25T03:05:24.813Z,sidonie.cieutat@yahoo.fr,newsletter,everyone,true
174103336,2025-09-25T03:05:24.828Z,aamayon@gmail.com,newsletter,everyone,true
174103336,2025-09-25T03:05:24.854Z,achard.luc@wanadoo.fr,newsletter,everyone,true
174103336,2025-09-25T03:05:24.900Z,madx93320@gmail.com,newsletter,everyone,true
174103336,2025-09-25T03:05:24.903Z,duhaldebordebernadette@orange.fr,newsletter,everyone,true
174103336,2025-09-25T03:05:24.935Z,jules.es@hotmail.fr,newsletter,everyone,true
174103336,2025-09-25T03:05:25.023Z,guillaumesrz65@gmail.com,newsletter,everyone,true
174103336,2025-09-25T03:05:25.054Z,vincent.breban@gmail.com,newsletter,everyone,true
174103336,2025-09-25T03:05:25.170Z,edy.custine@orange.fr,newsletter,everyone,true
174103336,2025-09-25T03:05:25.271Z,fabienne.bastien1234@gmail.com,newsletter,everyone,true
174103336,2025-09-25T03:05:25.299Z,lorine.basquebouvier@gmail.com,newsletter,everyone,true
174103336,2025-09-25T03:05:25.323Z,caroldebruyn@hotmail.fr,newsletter,everyone,true
174103336,2025-09-25T03:05:25.395Z,gabriella.daher@free.fr,newsletter,everyone,true
174103336,2025-09-25T03:05:25.499Z,cpnioche@outlook.com,newsletter,everyone,true
174103336,2025-09-25T03:05:25.731Z,marieperrenot@yahoo.fr,newsletter,everyone,true
174103336,2025-09-25T03:05:26.167Z,mfranc@csm.fr,newsletter,everyone,true
174103336,2025-09-25T03:05:26.432Z,fabasphil@yahoo.fr,newsletter,everyone,true
174103336,2025-09-25T03:07:08.421Z,marie-helene.soulier0705@orange.fr,newsletter,everyone,true
