post_id,timestamp,email,post_type,post_audience,active_subscription
174159629,2025-09-26T03:05:12.202Z,sandunad1958@gmail.com,newsletter,everyone,true
174159629,2025-09-26T03:05:12.478Z,prof.georges.raad@gmail.com,newsletter,everyone,true
174159629,2025-09-26T03:05:12.481Z,france.pittoresque@gmail.com,newsletter,everyone,true
174159629,2025-09-26T03:05:12.525Z,keraudrenp.501@gmail.com,newsletter,everyone,true
174159629,2025-09-26T03:05:12.779Z,keraudrenp501@gmail.com,newsletter,everyone,true
174159629,2025-09-26T03:05:12.971Z,geraldine_hafkemeijer@hotmail.com,newsletter,everyone,true
174159629,2025-09-26T03:05:13.054Z,chris3005chp@gmail.com,newsletter,everyone,true
174159629,2025-09-26T03:05:13.670Z,sauzeatboris@gmail.com,newsletter,everyone,true
174159629,2025-09-26T03:05:14.377Z,virginie.blazy@gmail.com,newsletter,everyone,true
174159629,2025-09-26T03:05:14.808Z,sidonie.cieutat@yahoo.fr,newsletter,everyone,true
174159629,2025-09-26T03:05:14.837Z,vincent.breban@gmail.com,newsletter,everyone,true
174159629,2025-09-26T03:05:14.849Z,fabienne.bastien1234@gmail.com,newsletter,everyone,true
174159629,2025-09-26T03:05:14.930Z,karinba7@gmail.com,newsletter,everyone,true
174159629,2025-09-26T03:05:15.032Z,alethdefonscolombe@gmail.com,newsletter,everyone,true
174159629,2025-09-26T03:05:15.116Z,aamayon@gmail.com,newsletter,everyone,true
174159629,2025-09-26T03:05:15.122Z,jules.es@hotmail.fr,newsletter,everyone,true
174159629,2025-09-26T03:05:15.137Z,lorine.basquebouvier@gmail.com,newsletter,everyone,true
174159629,2025-09-26T03:05:15.157Z,caroldebruyn@hotmail.fr,newsletter,everyone,true
174159629,2025-09-26T03:05:15.232Z,guillaumesrz65@gmail.com,newsletter,everyone,true
174159629,2025-09-26T03:05:15.286Z,bakaybea@gmail.com,newsletter,everyone,true
174159629,2025-09-26T03:05:15.292Z,hiriartclement@gmail.com,newsletter,everyone,true
174159629,2025-09-26T03:05:15.318Z,lucilesarda38@gmail.com,newsletter,everyone,true
174159629,2025-09-26T03:05:15.341Z,cpnioche@outlook.com,newsletter,everyone,true
174159629,2025-09-26T03:05:15.448Z,gabriella.daher@free.fr,newsletter,everyone,true
174159629,2025-09-26T03:05:15.518Z,laetitiadebard64@gmail.com,newsletter,everyone,true
174159629,2025-09-26T03:05:15.569Z,achard.luc@wanadoo.fr,newsletter,everyone,true
174159629,2025-09-26T03:05:15.769Z,lucreceamigues@gmail.com,newsletter,everyone,true
174159629,2025-09-26T03:05:15.798Z,somialvi@gmail.com,newsletter,everyone,true
174159629,2025-09-26T03:05:15.858Z,edy.custine@orange.fr,newsletter,everyone,true
174159629,2025-09-26T03:05:16.129Z,madx93320@gmail.com,newsletter,everyone,true
174159629,2025-09-26T03:05:16.158Z,lea.tipi@gmail.com,newsletter,everyone,true
174159629,2025-09-26T03:05:16.227Z,duhaldebordebernadette@orange.fr,newsletter,everyone,true
174159629,2025-09-26T03:05:16.267Z,agnes.lagrolet@orange.fr,newsletter,everyone,true
174159629,2025-09-26T03:05:16.310Z,mfranc@csm.fr,newsletter,everyone,true
174159629,2025-09-26T03:05:16.401Z,fabasphil@yahoo.fr,newsletter,everyone,true
174159629,2025-09-26T03:05:16.465Z,raad.brazil@gmail.com,newsletter,everyone,true
174159629,2025-09-26T03:05:17.109Z,marieperrenot@yahoo.fr,newsletter,everyone,true
174159629,2025-09-26T03:07:47.429Z,marie-helene.soulier0705@orange.fr,newsletter,everyone,true
