post_id,timestamp,email,post_type,post_audience,active_subscription
174100852,2025-09-24T03:05:41.886Z,sandunad1958@gmail.com,newsletter,everyone,true
174100852,2025-09-24T03:05:42.656Z,geraldine_hafkemeijer@hotmail.com,newsletter,everyone,true
174100852,2025-09-24T03:05:43.944Z,france.pittoresque@gmail.com,newsletter,everyone,true
174100852,2025-09-24T03:05:44.167Z,chris3005chp@gmail.com,newsletter,everyone,true
174100852,2025-09-24T03:05:44.445Z,keraudrenp.501@gmail.com,newsletter,everyone,true
174100852,2025-09-24T03:05:44.541Z,virginie.blazy@gmail.com,newsletter,everyone,true
174100852,2025-09-24T03:05:44.669Z,sauzeatboris@gmail.com,newsletter,everyone,true
174100852,2025-09-24T03:05:44.846Z,prof.georges.raad@gmail.com,newsletter,everyone,true
174100852,2025-09-24T03:05:45.609Z,raad.brazil@gmail.com,newsletter,everyone,true
174100852,2025-09-24T03:05:45.672Z,sidonie.cieutat@yahoo.fr,newsletter,everyone,true
174100852,2025-09-24T03:05:45.705Z,somialvi@gmail.com,newsletter,everyone,true
174100852,2025-09-24T03:05:45.854Z,edy.custine@orange.fr,newsletter,everyone,true
174100852,2025-09-24T03:05:45.883Z,lucilesarda38@gmail.com,newsletter,everyone,true
174100852,2025-09-24T03:05:45.985Z,bakaybea@gmail.com,newsletter,everyone,true
174100852,2025-09-24T03:05:46.016Z,vincent.breban@gmail.com,newsletter,everyone,true
174100852,2025-09-24T03:05:46.070Z,jules.es@hotmail.fr,newsletter,everyone,true
174100852,2025-09-24T03:05:46.150Z,lea.tipi@gmail.com,newsletter,everyone,true
174100852,2025-09-24T03:05:46.150Z,laetitiadebard64@gmail.com,newsletter,everyone,true
174100852,2025-09-24T03:05:46.204Z,fabienne.bastien1234@gmail.com,newsletter,everyone,true
174100852,2025-09-24T03:05:46.214Z,gabriella.daher@free.fr,newsletter,everyone,true
174100852,2025-09-24T03:05:46.231Z,keraudrenp501@gmail.com,newsletter,everyone,true
174100852,2025-09-24T03:05:46.260Z,lorine.basquebouvier@gmail.com,newsletter,everyone,true
174100852,2025-09-24T03:05:46.307Z,duhaldebordebernadette@orange.fr,newsletter,everyone,true
174100852,2025-09-24T03:05:46.528Z,caroldebruyn@hotmail.fr,newsletter,everyone,true
174100852,2025-09-24T03:05:46.622Z,madx93320@gmail.com,newsletter,everyone,true
174100852,2025-09-24T03:05:46.649Z,lucreceamigues@gmail.com,newsletter,everyone,true
174100852,2025-09-24T03:05:46.675Z,aamayon@gmail.com,newsletter,everyone,true
174100852,2025-09-24T03:05:47.175Z,karinba7@gmail.com,newsletter,everyone,true
174100852,2025-09-24T03:05:47.206Z,hiriartclement@gmail.com,newsletter,everyone,true
174100852,2025-09-24T03:05:47.214Z,fabasphil@yahoo.fr,newsletter,everyone,true
174100852,2025-09-24T03:05:47.468Z,alethdefonscolombe@gmail.com,newsletter,everyone,true
174100852,2025-09-24T03:05:47.563Z,guillaumesrz65@gmail.com,newsletter,everyone,true
174100852,2025-09-24T03:05:47.920Z,marieperrenot@yahoo.fr,newsletter,everyone,true
174100852,2025-09-24T03:05:48.384Z,cpnioche@outlook.com,newsletter,everyone,true
174100852,2025-09-24T03:05:48.501Z,mfranc@csm.fr,newsletter,everyone,true
174100852,2025-09-24T03:06:49.882Z,marie-helene.soulier0705@orange.fr,newsletter,everyone,true
174100852,2025-09-24T03:06:57.332Z,achard.luc@wanadoo.fr,newsletter,everyone,true
174100852,2025-09-24T03:07:16.946Z,agnes.lagrolet@orange.fr,newsletter,everyone,true
