post_id,timestamp,email,post_type,post_audience,active_subscription
174466498,2025-09-27T03:04:22.824Z,sandunad1958@gmail.com,newsletter,everyone,true
174466498,2025-09-27T03:04:23.332Z,france.pittoresque@gmail.com,newsletter,everyone,true
174466498,2025-09-27T03:04:23.434Z,keraudrenp.501@gmail.com,newsletter,everyone,true
174466498,2025-09-27T03:04:23.519Z,prof.georges.raad@gmail.com,newsletter,everyone,true
174466498,2025-09-27T03:04:23.739Z,virginie.blazy@gmail.com,newsletter,everyone,true
174466498,2025-09-27T03:04:24.196Z,alethdefonscolombe@gmail.com,newsletter,everyone,true
174466498,2025-09-27T03:04:24.324Z,geraldine_hafkemeijer@hotmail.com,newsletter,everyone,true
174466498,2025-09-27T03:04:24.425Z,lorine.basquebouvier@gmail.com,newsletter,everyone,true
174466498,2025-09-27T03:04:24.426Z,karinba7@gmail.com,newsletter,everyone,true
174466498,2025-09-27T03:04:24.436Z,lucreceamigues@gmail.com,newsletter,everyone,true
174466498,2025-09-27T03:04:24.471Z,guillaumesrz65@gmail.com,newsletter,everyone,true
174466498,2025-09-27T03:04:24.477Z,chris3005chp@gmail.com,newsletter,everyone,true
174466498,2025-09-27T03:04:24.494Z,lea.tipi@gmail.com,newsletter,everyone,true
174466498,2025-09-27T03:04:24.510Z,bakaybea@gmail.com,newsletter,everyone,true
174466498,2025-09-27T03:04:24.514Z,madx93320@gmail.com,newsletter,everyone,true
174466498,2025-09-27T03:04:24.597Z,raad.brazil@gmail.com,newsletter,everyone,true
174466498,2025-09-27T03:04:24.674Z,laetitiadebard64@gmail.com,newsletter,everyone,true
174466498,2025-09-27T03:04:24.791Z,keraudrenp501@gmail.com,newsletter,everyone,true
174466498,2025-09-27T03:04:24.809Z,lucilesarda38@gmail.com,newsletter,everyone,true
174466498,2025-09-27T03:04:24.886Z,sidonie.cieutat@yahoo.fr,newsletter,everyone,true
174466498,2025-09-27T03:04:24.943Z,sauzeatboris@gmail.com,newsletter,everyone,true
174466498,2025-09-27T03:04:25.130Z,somialvi@gmail.com,newsletter,everyone,true
174466498,2025-09-27T03:04:25.299Z,vincent.breban@gmail.com,newsletter,everyone,true
174466498,2025-09-27T03:04:25.436Z,marieperrenot@yahoo.fr,newsletter,everyone,true
174466498,2025-09-27T03:04:25.493Z,cpnioche@outlook.com,newsletter,everyone,true
174466498,2025-09-27T03:04:25.549Z,fabienne.bastien1234@gmail.com,newsletter,everyone,true
174466498,2025-09-27T03:04:25.571Z,aamayon@gmail.com,newsletter,everyone,true
174466498,2025-09-27T03:04:25.603Z,achard.luc@wanadoo.fr,newsletter,everyone,true
174466498,2025-09-27T03:04:25.633Z,caroldebruyn@hotmail.fr,newsletter,everyone,true
174466498,2025-09-27T03:04:25.788Z,hiriartclement@gmail.com,newsletter,everyone,true
174466498,2025-09-27T03:04:25.837Z,edy.custine@orange.fr,newsletter,everyone,true
174466498,2025-09-27T03:04:25.868Z,gabriella.daher@free.fr,newsletter,everyone,true
174466498,2025-09-27T03:04:26.130Z,marie-helene.soulier0705@orange.fr,newsletter,everyone,true
174466498,2025-09-27T03:04:26.157Z,jules.es@hotmail.fr,newsletter,everyone,true
174466498,2025-09-27T03:04:26.366Z,agnes.lagrolet@orange.fr,newsletter,everyone,true
174466498,2025-09-27T03:04:26.374Z,mfranc@csm.fr,newsletter,everyone,true
174466498,2025-09-27T03:04:26.542Z,duhaldebordebernadette@orange.fr,newsletter,everyone,true
174466498,2025-09-27T03:04:26.582Z,fabasphil@yahoo.fr,newsletter,everyone,true
