post_id,timestamp,email,post_type,post_audience,active_subscription
174614881,2025-10-17T03:05:25.948Z,psycorbo@gmail.com,newsletter,everyone,true
174614881,2025-10-17T03:05:26.299Z,marie-helene.soulier0705@orange.fr,newsletter,everyone,true
174614881,2025-10-17T03:05:26.660Z,prof.georges.raad@gmail.com,newsletter,everyone,true
174614881,2025-10-17T03:05:26.676Z,keraudrenp.501@gmail.com,newsletter,everyone,true
174614881,2025-10-17T03:05:26.736Z,sandunad1958@gmail.com,newsletter,everyone,true
174614881,2025-10-17T03:05:26.738Z,keraudrenp501@gmail.com,newsletter,everyone,true
174614881,2025-10-17T03:05:26.760Z,france.pittoresque@gmail.com,newsletter,everyone,true
174614881,2025-10-17T03:05:26.832Z,chris3005chp@gmail.com,newsletter,everyone,true
174614881,2025-10-17T03:05:26.859Z,etienne.roussin@gmail.com,newsletter,everyone,true
174614881,2025-10-17T03:05:27.192Z,sauzeatboris@gmail.com,newsletter,everyone,true
174614881,2025-10-17T03:05:27.265Z,virginie.blazy@gmail.com,newsletter,everyone,true
174614881,2025-10-17T03:05:27.974Z,alethdefonscolombe@gmail.com,newsletter,everyone,true
174614881,2025-10-17T03:05:28.005Z,carrulla.william@orange.fr,newsletter,everyone,true
174614881,2025-10-17T03:05:28.069Z,laetitiadebard64@gmail.com,newsletter,everyone,true
174614881,2025-10-17T03:05:28.094Z,flomaps@gmail.com,newsletter,everyone,true
174614881,2025-10-17T03:05:28.137Z,raad.brazil@gmail.com,newsletter,everyone,true
174614881,2025-10-17T03:05:28.149Z,lucilesarda38@gmail.com,newsletter,everyone,true
174614881,2025-10-17T03:05:28.191Z,lea.tipi@gmail.com,newsletter,everyone,true
174614881,2025-10-17T03:05:28.222Z,hiriartclement@gmail.com,newsletter,everyone,true
174614881,2025-10-17T03:05:28.230Z,guillaumesrz65@gmail.com,newsletter,everyone,true
174614881,2025-10-17T03:05:28.266Z,jules.es@hotmail.fr,newsletter,everyone,true
174614881,2025-10-17T03:05:28.267Z,somialvi@gmail.com,newsletter,everyone,true
174614881,2025-10-17T03:05:28.283Z,karinba7@gmail.com,newsletter,everyone,true
174614881,2025-10-17T03:05:28.294Z,lorine.basquebouvier@gmail.com,newsletter,everyone,true
174614881,2025-10-17T03:05:28.331Z,fabienne.bastien1234@gmail.com,newsletter,everyone,true
174614881,2025-10-17T03:05:28.352Z,Larousse44@orange.fr,newsletter,everyone,true
174614881,2025-10-17T03:05:28.360Z,edy.custine@orange.fr,newsletter,everyone,true
174614881,2025-10-17T03:05:28.380Z,madx93320@gmail.com,newsletter,everyone,true
174614881,2025-10-17T03:05:28.405Z,c.carrulla@orange.fr,newsletter,everyone,true
174614881,2025-10-17T03:05:28.431Z,sidonie.cieutat@yahoo.fr,newsletter,everyone,true
174614881,2025-10-17T03:05:28.448Z,agnes.lagrolet@orange.fr,newsletter,everyone,true
174614881,2025-10-17T03:05:28.727Z,edouardhusson022@protonmail.com,newsletter,everyone,true
174614881,2025-10-17T03:05:29.001Z,bakaybea@gmail.com,newsletter,everyone,true
174614881,2025-10-17T03:05:29.125Z,lucreceamigues@gmail.com,newsletter,everyone,true
174614881,2025-10-17T03:05:29.195Z,gabriella.daher@free.fr,newsletter,everyone,true
174614881,2025-10-17T03:05:29.454Z,fabasphil@yahoo.fr,newsletter,everyone,true
174614881,2025-10-17T03:05:29.557Z,mfranc@csm.fr,newsletter,everyone,true
174614881,2025-10-17T03:05:29.938Z,aamayon@gmail.com,newsletter,everyone,true
174614881,2025-10-17T03:05:29.975Z,cpnioche@outlook.com,newsletter,everyone,true
174614881,2025-10-17T03:05:30.351Z,marieperrenot@yahoo.fr,newsletter,everyone,true
174614881,2025-10-17T03:05:31.956Z,duhaldebordebernadette@orange.fr,newsletter,everyone,true
174614881,2025-10-17T03:05:32.179Z,achard.luc@wanadoo.fr,newsletter,everyone,true
