post_id,timestamp,email,post_type,post_audience,active_subscription
174677708,2025-09-28T03:03:28.338Z,sandunad1958@gmail.com,newsletter,everyone,true
174677708,2025-09-28T03:03:28.823Z,keraudrenp501@gmail.com,newsletter,everyone,true
174677708,2025-09-28T03:03:29.041Z,prof.georges.raad@gmail.com,newsletter,everyone,true
174677708,2025-09-28T03:03:29.250Z,chris3005chp@gmail.com,newsletter,everyone,true
174677708,2025-09-28T03:03:29.661Z,sauzeatboris@gmail.com,newsletter,everyone,true
174677708,2025-09-28T03:03:29.958Z,karinba7@gmail.com,newsletter,everyone,true
174677708,2025-09-28T03:03:30.158Z,geraldine_hafkemeijer@hotmail.com,newsletter,everyone,true
174677708,2025-09-28T03:03:30.282Z,virginie.blazy@gmail.com,newsletter,everyone,true
174677708,2025-09-28T03:03:30.379Z,vincent.breban@gmail.com,newsletter,everyone,true
174677708,2025-09-28T03:03:30.556Z,laetitiadebard64@gmail.com,newsletter,everyone,true
174677708,2025-09-28T03:03:30.569Z,keraudrenp.501@gmail.com,newsletter,everyone,true
174677708,2025-09-28T03:03:30.608Z,somialvi@gmail.com,newsletter,everyone,true
174677708,2025-09-28T03:03:30.619Z,fabienne.bastien1234@gmail.com,newsletter,everyone,true
174677708,2025-09-28T03:03:30.627Z,france.pittoresque@gmail.com,newsletter,everyone,true
174677708,2025-09-28T03:03:30.837Z,lucreceamigues@gmail.com,newsletter,everyone,true
174677708,2025-09-28T03:03:30.858Z,lucilesarda38@gmail.com,newsletter,everyone,true
174677708,2025-09-28T03:03:30.900Z,lorine.basquebouvier@gmail.com,newsletter,everyone,true
174677708,2025-09-28T03:03:30.932Z,sidonie.cieutat@yahoo.fr,newsletter,everyone,true
174677708,2025-09-28T03:03:30.958Z,raad.brazil@gmail.com,newsletter,everyone,true
174677708,2025-09-28T03:03:30.959Z,cpnioche@outlook.com,newsletter,everyone,true
174677708,2025-09-28T03:03:30.969Z,lea.tipi@gmail.com,newsletter,everyone,true
174677708,2025-09-28T03:03:31.127Z,caroldebruyn@hotmail.fr,newsletter,everyone,true
174677708,2025-09-28T03:03:31.219Z,marie-helene.soulier0705@orange.fr,newsletter,everyone,true
174677708,2025-09-28T03:03:31.352Z,hiriartclement@gmail.com,newsletter,everyone,true
174677708,2025-09-28T03:03:31.540Z,bakaybea@gmail.com,newsletter,everyone,true
174677708,2025-09-28T03:03:31.619Z,madx93320@gmail.com,newsletter,everyone,true
174677708,2025-09-28T03:03:31.771Z,alethdefonscolombe@gmail.com,newsletter,everyone,true
174677708,2025-09-28T03:03:31.785Z,edy.custine@orange.fr,newsletter,everyone,true
174677708,2025-09-28T03:03:31.786Z,aamayon@gmail.com,newsletter,everyone,true
174677708,2025-09-28T03:03:31.988Z,duhaldebordebernadette@orange.fr,newsletter,everyone,true
174677708,2025-09-28T03:03:32.140Z,marieperrenot@yahoo.fr,newsletter,everyone,true
174677708,2025-09-28T03:03:32.152Z,fabasphil@yahoo.fr,newsletter,everyone,true
174677708,2025-09-28T03:03:32.153Z,jules.es@hotmail.fr,newsletter,everyone,true
174677708,2025-09-28T03:03:32.379Z,gabriella.daher@free.fr,newsletter,everyone,true
174677708,2025-09-28T03:03:32.422Z,achard.luc@wanadoo.fr,newsletter,everyone,true
174677708,2025-09-28T03:03:32.492Z,guillaumesrz65@gmail.com,newsletter,everyone,true
174677708,2025-09-28T03:03:32.908Z,mfranc@csm.fr,newsletter,everyone,true
174677708,2025-09-28T03:03:32.938Z,agnes.lagrolet@orange.fr,newsletter,everyone,true
