post_id,timestamp,email,post_type,post_audience,active_subscription,country,city,region,device_type,client_os,client_type,user_agent
174614881,2025-10-17T03:06:52.993Z,alethdefonscolombe@gmail.com,newsletter,everyone,true,US,,,,,,Mozilla/5.0 (Windows NT 5.1; rv:11.0) Gecko Firefox/11.0 (via ggpht.com GoogleImageProxy)
174614881,2025-10-17T03:08:09.766Z,lorine.basquebouvier@gmail.com,newsletter,everyone,true,US,,,,,,Mozilla/5.0
174614881,2025-10-17T03:14:22.246Z,etienne.roussin@gmail.com,newsletter,everyone,true,US,,,,,,Mozilla/5.0 (Windows NT 5.1; rv:11.0) Gecko Firefox/11.0 (via ggpht.com GoogleImageProxy)
174614881,2025-10-17T03:15:42.658Z,mfranc@csm.fr,newsletter,everyone,true,US,,,,,,Mozilla/5.0
174614881,2025-10-17T03:19:01.510Z,sidonie.cieutat@yahoo.fr,newsletter,everyone,true,FR,,,,,,Mozilla/5.0
174614881,2025-10-17T04:00:31.246Z,hiriartclement@gmail.com,newsletter,everyone,true,CA,,,,,,Mozilla/5.0
174614881,2025-10-17T04:48:21.866Z,c.carrulla@orange.fr,newsletter,everyone,true,US,,,,,,Mozilla/5.0
174614881,2025-10-17T05:37:27.480Z,madx93320@gmail.com,newsletter,everyone,true,US,,,,,,Mozilla/5.0 (Windows NT 5.1; rv:11.0) Gecko Firefox/11.0 (via ggpht.com GoogleImageProxy)
174614881,2025-10-17T05:49:35.281Z,flomaps@gmail.com,newsletter,everyone,true,US,,,,,,Mozilla/5.0 (Windows NT 5.1; rv:11.0) Gecko Firefox/11.0 (via ggpht.com GoogleImageProxy)
174614881,2025-10-17T06:16:58.306Z,lucreceamigues@gmail.com,newsletter,everyone,true,US,,,,,,Mozilla/5.0 (Windows NT 5.1; rv:11.0) Gecko Firefox/11.0 (via ggpht.com GoogleImageProxy)
174614881,2025-10-17T07:37:51.784Z,virginie.blazy@gmail.com,newsletter,everyone,true,US,,,,,,Mozilla/5.0 (Windows NT 5.1; rv:11.0) Gecko Firefox/11.0 (via ggpht.com GoogleImageProxy)
174614881,2025-10-17T07:38:26.011Z,achard.luc@wanadoo.fr,newsletter,everyone,true,US,,,,,,Mozilla/5.0
174614881,2025-10-17T07:43:20.859Z,laetitiadebard64@gmail.com,newsletter,everyone,true,US,,,,,,Mozilla/5.0 (Windows NT 5.1; rv:11.0) Gecko Firefox/11.0 (via ggpht.com GoogleImageProxy)
174614881,2025-10-17T08:15:25.045Z,fabasphil@yahoo.fr,newsletter,everyone,true,NL,,,,,,YahooMailProxy; https://help.yahoo.com/kb/yahoo-mail-proxy-SLN28749.html
174614881,2025-10-17T09:39:36.929Z,carrulla.william@orange.fr,newsletter,everyone,true,US,,,,,,Mozilla/5.0
174614881,2025-10-17T09:57:29.375Z,bakaybea@gmail.com,newsletter,everyone,true,US,,,,,,Mozilla/5.0 (Windows NT 5.1; rv:11.0) Gecko Firefox/11.0 (via ggpht.com GoogleImageProxy)
174614881,2025-10-17T10:56:57.084Z,gabriella.daher@free.fr,newsletter,everyone,true,FR,,,,,,Mozilla/5.0
174614881,2025-10-17T12:06:04.795Z,marieperrenot@yahoo.fr,newsletter,everyone,true,IE,,,,,,YahooMailProxy; https://help.yahoo.com/kb/yahoo-mail-proxy-SLN28749.html
174614881,2025-10-17T12:13:08.412Z,etienne.roussin@gmail.com,newsletter,everyone,true,US,,,,,,Mozilla/5.0 (Windows NT 5.1; rv:11.0) Gecko Firefox/11.0 (via ggpht.com GoogleImageProxy)
174614881,2025-10-17T12:18:29.000Z,marieperrenot@yahoo.fr,newsletter,everyone,true,NL,,,,,,YahooMailProxy; https://help.yahoo.com/kb/yahoo-mail-proxy-SLN28749.html
174614881,2025-10-17T12:19:13.247Z,marieperrenot@yahoo.fr,newsletter,everyone,true,NL,,,,,,YahooMailProxy; https://help.yahoo.com/kb/yahoo-mail-proxy-SLN28749.html
174614881,2025-10-17T12:53:05.926Z,bakaybea@gmail.com,newsletter,everyone,true,US,,,,,,Mozilla/5.0 (Windows NT 5.1; rv:11.0) Gecko Firefox/11.0 (via ggpht.com GoogleImageProxy)
174614881,2025-10-17T13:13:24.318Z,c.carrulla@orange.fr,newsletter,everyone,true,US,,,,,,Mozilla/5.0
174614881,2025-10-17T17:04:05.414Z,france.pittoresque@gmail.com,newsletter,everyone,true,FR,,,,,,Mozilla/5.0 (Windows NT 10.0; Win64; x64; rv:140.0) Gecko/20100101 Thunderbird/140.3.1
174614881,2025-10-17T17:04:08.027Z,france.pittoresque@gmail.com,newsletter,everyone,true,FR,,,,,,Mozilla/5.0 (Windows NT 10.0; Win64; x64; rv:140.0) Gecko/20100101 Thunderbird/140.3.1
174614881,2025-10-17T17:04:26.108Z,france.pittoresque@gmail.com,newsletter,everyone,true,FR,,,,,,Mozilla/5.0 (Windows NT 10.0; Win64; x64; rv:140.0) Gecko/20100101 Thunderbird/140.3.1
174614881,2025-10-17T17:04:31.913Z,france.pittoresque@gmail.com,newsletter,everyone,true,FR,,,,,,Mozilla/5.0 (Windows NT 10.0; Win64; x64; rv:140.0) Gecko/20100101 Thunderbird/140.3.1
174614881,2025-10-17T17:04:49.989Z,france.pittoresque@gmail.com,newsletter,everyone,true,FR,,,,,,Mozilla/5.0 (Windows NT 10.0; Win64; x64; rv:140.0) Gecko/20100101 Thunderbird/140.3.1
174614881,2025-10-17T17:39:19.697Z,achard.luc@wanadoo.fr,newsletter,everyone,true,FR,,,,,,Mozilla/5.0
174614881,2025-10-17T19:09:06.910Z,mfranc@csm.fr,newsletter,everyone,true,US,,,,,,Mozilla/5.0
174614881,2025-10-17T20:09:35.339Z,lucreceamigues@gmail.com,newsletter,everyone,true,US,,,,,,Mozilla/5.0 (Windows NT 5.1; rv:11.0) Gecko Firefox/11.0 (via ggpht.com GoogleImageProxy)
174614881,2025-10-17T20:18:08.478Z,laetitiadebard64@gmail.com,newsletter,everyone,true,US,,,,,,Mozilla/5.0 (Windows NT 5.1; rv:11.0) Gecko Firefox/11.0 (via ggpht.com GoogleImageProxy)
174614881,2025-10-17T20:20:53.902Z,laetitiadebard64@gmail.com,newsletter,everyone,true,US,,,,,,Mozilla/5.0 (Windows NT 5.1; rv:11.0) Gecko Firefox/11.0 (via ggpht.com GoogleImageProxy)
174614881,2025-10-17T20:21:01.642Z,laetitiadebard64@gmail.com,newsletter,everyone,true,US,,,,,,Mozilla/5.0 (Windows NT 5.1; rv:11.0) Gecko Firefox/11.0 (via ggpht.com GoogleImageProxy)
174614881,2025-10-17T20:21:09.460Z,laetitiadebard64@gmail.com,newsletter,everyone,true,US,,,,,,Mozilla/5.0 (Windows NT 5.1; rv:11.0) Gecko Firefox/11.0 (via ggpht.com GoogleImageProxy)
174614881,2025-10-17T21:48:41.338Z,somialvi@gmail.com,newsletter,everyone,true,US,,,,,,Mozilla/5.0 (Windows NT 5.1; rv:11.0) Gecko Firefox/11.0 (via ggpht.com GoogleImageProxy)
174614881,2025-10-18T04:59:17.529Z,lucilesarda38@gmail.com,newsletter,everyone,true,US,,,,,,Mozilla/5.0 (Windows NT 5.1; rv:11.0) Gecko Firefox/11.0 (via ggpht.com GoogleImageProxy)
174614881,2025-10-18T07:48:50.014Z,flomaps@gmail.com,newsletter,everyone,true,US,,,,,,Mozilla/5.0 (Windows NT 5.1; rv:11.0) Gecko Firefox/11.0 (via ggpht.com GoogleImageProxy)
174614881,2025-10-18T07:48:54.514Z,flomaps@gmail.com,newsletter,everyone,true,US,,,,,,Mozilla/5.0 (Windows NT 5.1; rv:11.0) Gecko Firefox/11.0 (via ggpht.com GoogleImageProxy)
174614881,2025-10-18T08:24:33.402Z,chris3005chp@gmail.com,newsletter,everyone,true,BD,,,,,,Mozilla/5.0
174614881,2025-10-19T18:47:21.692Z,lorine.basquebouvier@gmail.com,newsletter,everyone,true,FR,,,,,,Mozilla/5.0
174614881,2025-10-20T20:04:44.434Z,gabriella.daher@free.fr,newsletter,everyone,true,US,,,,,,Mozilla/5.0
174614881,2025-10-23T13:38:32.445Z,somialvi@gmail.com,newsletter,everyone,true,FR,,,,,,Mozilla/5.0 (Windows NT 10.0; Win64; x64; rv:144.0) Gecko/20100101 Thunderbird/144.0.1
174614881,2025-10-28T22:52:23.575Z,sidonie.cieutat@yahoo.fr,newsletter,everyone,true,US,,,,,,Mozilla/5.0
174614881,2025-11-03T07:16:54.743Z,carrulla.william@orange.fr,newsletter,everyone,true,FR,,,,,,Mozilla/5.0
174614881,2025-11-03T13:45:43.049Z,etienne.roussin@gmail.com,newsletter,everyone,true,CA,,,,,,Mozilla/5.0
