post_id,timestamp,email,post_type,post_audience,active_subscription
174750094,2025-09-29T03:05:29.361Z,jelouis34@gmail.com,newsletter,everyone,true
174750094,2025-09-29T03:05:29.369Z,sandunad1958@gmail.com,newsletter,everyone,true
174750094,2025-09-29T03:05:29.719Z,chris3005chp@gmail.com,newsletter,everyone,true
174750094,2025-09-29T03:05:29.727Z,prof.georges.raad@gmail.com,newsletter,everyone,true
174750094,2025-09-29T03:05:29.806Z,france.pittoresque@gmail.com,newsletter,everyone,true
174750094,2025-09-29T03:05:29.832Z,sauzeatboris@gmail.com,newsletter,everyone,true
174750094,2025-09-29T03:05:29.854Z,virginie.blazy@gmail.com,newsletter,everyone,true
174750094,2025-09-29T03:05:30.016Z,keraudrenp.501@gmail.com,newsletter,everyone,true
174750094,2025-09-29T03:05:30.342Z,laetitiadebard64@gmail.com,newsletter,everyone,true
174750094,2025-09-29T03:05:30.373Z,lorine.basquebouvier@gmail.com,newsletter,everyone,true
174750094,2025-09-29T03:05:30.401Z,hiriartclement@gmail.com,newsletter,everyone,true
174750094,2025-09-29T03:05:30.452Z,keraudrenp501@gmail.com,newsletter,everyone,true
174750094,2025-09-29T03:05:30.555Z,bakaybea@gmail.com,newsletter,everyone,true
174750094,2025-09-29T03:05:30.567Z,madx93320@gmail.com,newsletter,everyone,true
174750094,2025-09-29T03:05:30.597Z,lea.tipi@gmail.com,newsletter,everyone,true
174750094,2025-09-29T03:05:30.624Z,duhaldebordebernadette@orange.fr,newsletter,everyone,true
174750094,2025-09-29T03:05:30.755Z,agnes.lagrolet@orange.fr,newsletter,everyone,true
174750094,2025-09-29T03:05:30.821Z,sidonie.cieutat@yahoo.fr,newsletter,everyone,true
174750094,2025-09-29T03:05:30.861Z,karinba7@gmail.com,newsletter,everyone,true
174750094,2025-09-29T03:05:30.990Z,edy.custine@orange.fr,newsletter,everyone,true
174750094,2025-09-29T03:05:31.054Z,lucilesarda38@gmail.com,newsletter,everyone,true
174750094,2025-09-29T03:05:31.085Z,fabienne.bastien1234@gmail.com,newsletter,everyone,true
174750094,2025-09-29T03:05:31.131Z,somialvi@gmail.com,newsletter,everyone,true
174750094,2025-09-29T03:05:31.142Z,vincent.breban@gmail.com,newsletter,everyone,true
174750094,2025-09-29T03:05:31.299Z,alethdefonscolombe@gmail.com,newsletter,everyone,true
174750094,2025-09-29T03:05:31.300Z,gabriella.daher@free.fr,newsletter,everyone,true
174750094,2025-09-29T03:05:31.315Z,raad.brazil@gmail.com,newsletter,everyone,true
174750094,2025-09-29T03:05:31.368Z,jules.es@hotmail.fr,newsletter,everyone,true
174750094,2025-09-29T03:05:31.403Z,caroldebruyn@hotmail.fr,newsletter,everyone,true
174750094,2025-09-29T03:05:31.460Z,guillaumesrz65@gmail.com,newsletter,everyone,true
174750094,2025-09-29T03:05:31.493Z,marieperrenot@yahoo.fr,newsletter,everyone,true
174750094,2025-09-29T03:05:31.583Z,fabasphil@yahoo.fr,newsletter,everyone,true
174750094,2025-09-29T03:05:31.709Z,aamayon@gmail.com,newsletter,everyone,true
174750094,2025-09-29T03:05:31.737Z,geraldine_hafkemeijer@hotmail.com,newsletter,everyone,true
174750094,2025-09-29T03:05:31.795Z,lucreceamigues@gmail.com,newsletter,everyone,true
174750094,2025-09-29T03:05:32.511Z,mfranc@csm.fr,newsletter,everyone,true
174750094,2025-09-29T03:05:32.915Z,cpnioche@outlook.com,newsletter,everyone,true
174750094,2025-09-29T03:05:33.072Z,edouardhusson022@protonmail.com,newsletter,everyone,true
174750094,2025-09-29T03:06:52.580Z,marie-helene.soulier0705@orange.fr,newsletter,everyone,true
174750094,2025-09-29T03:07:21.168Z,achard.luc@wanadoo.fr,newsletter,everyone,true
