post_id,timestamp,email,post_type,post_audience,active_subscription
174823517,2025-09-30T03:05:01.606Z,jelouis34@gmail.com,newsletter,everyone,true
174823517,2025-09-30T03:05:02.163Z,marie-helene.soulier0705@orange.fr,newsletter,everyone,true
174823517,2025-09-30T03:05:02.368Z,chris3005chp@gmail.com,newsletter,everyone,true
174823517,2025-09-30T03:05:02.425Z,prof.georges.raad@gmail.com,newsletter,everyone,true
174823517,2025-09-30T03:05:02.549Z,keraudrenp.501@gmail.com,newsletter,everyone,true
174823517,2025-09-30T03:05:02.760Z,keraudrenp501@gmail.com,newsletter,everyone,true
174823517,2025-09-30T03:05:02.806Z,france.pittoresque@gmail.com,newsletter,everyone,true
174823517,2025-09-30T03:05:03.154Z,sauzeatboris@gmail.com,newsletter,everyone,true
174823517,2025-09-30T03:05:03.255Z,vincent.breban@gmail.com,newsletter,everyone,true
174823517,2025-09-30T03:05:03.312Z,alethdefonscolombe@gmail.com,newsletter,everyone,true
174823517,2025-09-30T03:05:03.366Z,sandunad1958@gmail.com,newsletter,everyone,true
174823517,2025-09-30T03:05:03.589Z,virginie.blazy@gmail.com,newsletter,everyone,true
174823517,2025-09-30T03:05:03.601Z,fabienne.bastien1234@gmail.com,newsletter,everyone,true
174823517,2025-09-30T03:05:03.608Z,laetitiadebard64@gmail.com,newsletter,everyone,true
174823517,2025-09-30T03:05:03.648Z,somialvi@gmail.com,newsletter,everyone,true
174823517,2025-09-30T03:05:03.666Z,jules.es@hotmail.fr,newsletter,everyone,true
174823517,2025-09-30T03:05:03.698Z,geraldine_hafkemeijer@hotmail.com,newsletter,everyone,true
174823517,2025-09-30T03:05:03.720Z,edy.custine@orange.fr,newsletter,everyone,true
174823517,2025-09-30T03:05:03.778Z,raad.brazil@gmail.com,newsletter,everyone,true
174823517,2025-09-30T03:05:03.895Z,hiriartclement@gmail.com,newsletter,everyone,true
174823517,2025-09-30T03:05:03.940Z,lea.tipi@gmail.com,newsletter,everyone,true
174823517,2025-09-30T03:05:04.085Z,karinba7@gmail.com,newsletter,everyone,true
174823517,2025-09-30T03:05:04.086Z,sidonie.cieutat@yahoo.fr,newsletter,everyone,true
174823517,2025-09-30T03:05:04.107Z,duhaldebordebernadette@orange.fr,newsletter,everyone,true
174823517,2025-09-30T03:05:04.141Z,agnes.lagrolet@orange.fr,newsletter,everyone,true
174823517,2025-09-30T03:05:04.152Z,gabriella.daher@free.fr,newsletter,everyone,true
174823517,2025-09-30T03:05:04.200Z,cpnioche@outlook.com,newsletter,everyone,true
174823517,2025-09-30T03:05:04.232Z,caroldebruyn@hotmail.fr,newsletter,everyone,true
174823517,2025-09-30T03:05:04.249Z,achard.luc@wanadoo.fr,newsletter,everyone,true
174823517,2025-09-30T03:05:04.354Z,lucilesarda38@gmail.com,newsletter,everyone,true
174823517,2025-09-30T03:05:04.363Z,marieperrenot@yahoo.fr,newsletter,everyone,true
174823517,2025-09-30T03:05:04.534Z,aamayon@gmail.com,newsletter,everyone,true
174823517,2025-09-30T03:05:04.559Z,lucreceamigues@gmail.com,newsletter,everyone,true
174823517,2025-09-30T03:05:04.580Z,fabasphil@yahoo.fr,newsletter,everyone,true
174823517,2025-09-30T03:05:04.632Z,lorine.basquebouvier@gmail.com,newsletter,everyone,true
174823517,2025-09-30T03:05:04.710Z,bakaybea@gmail.com,newsletter,everyone,true
174823517,2025-09-30T03:05:04.885Z,edouardhusson022@protonmail.com,newsletter,everyone,true
174823517,2025-09-30T03:05:05.360Z,madx93320@gmail.com,newsletter,everyone,true
174823517,2025-09-30T03:05:05.464Z,mfranc@csm.fr,newsletter,everyone,true
174823517,2025-09-30T03:05:05.510Z,guillaumesrz65@gmail.com,newsletter,everyone,true
