post_id,timestamp,email,post_type,post_audience,active_subscription
174917404,2025-10-01T03:05:26.983Z,sandunad1958@gmail.com,newsletter,everyone,true
174917404,2025-10-01T03:05:27.350Z,chris3005chp@gmail.com,newsletter,everyone,true
174917404,2025-10-01T03:05:27.451Z,france.pittoresque@gmail.com,newsletter,everyone,true
174917404,2025-10-01T03:05:27.648Z,keraudrenp.501@gmail.com,newsletter,everyone,true
174917404,2025-10-01T03:05:27.667Z,marie-helene.soulier0705@orange.fr,newsletter,everyone,true
174917404,2025-10-01T03:05:27.701Z,jelouis34@gmail.com,newsletter,everyone,true
174917404,2025-10-01T03:05:27.765Z,keraudrenp501@gmail.com,newsletter,everyone,true
174917404,2025-10-01T03:05:27.768Z,prof.georges.raad@gmail.com,newsletter,everyone,true
174917404,2025-10-01T03:05:28.022Z,sauzeatboris@gmail.com,newsletter,everyone,true
174917404,2025-10-01T03:05:28.414Z,alethdefonscolombe@gmail.com,newsletter,everyone,true
174917404,2025-10-01T03:05:28.480Z,madx93320@gmail.com,newsletter,everyone,true
174917404,2025-10-01T03:05:28.498Z,lucilesarda38@gmail.com,newsletter,everyone,true
174917404,2025-10-01T03:05:28.515Z,lucreceamigues@gmail.com,newsletter,everyone,true
174917404,2025-10-01T03:05:28.517Z,aamayon@gmail.com,newsletter,everyone,true
174917404,2025-10-01T03:05:28.517Z,bakaybea@gmail.com,newsletter,everyone,true
174917404,2025-10-01T03:05:28.603Z,somialvi@gmail.com,newsletter,everyone,true
174917404,2025-10-01T03:05:28.644Z,cpnioche@outlook.com,newsletter,everyone,true
174917404,2025-10-01T03:05:28.738Z,agnes.lagrolet@orange.fr,newsletter,everyone,true
174917404,2025-10-01T03:05:28.741Z,karinba7@gmail.com,newsletter,everyone,true
174917404,2025-10-01T03:05:28.747Z,achard.luc@wanadoo.fr,newsletter,everyone,true
174917404,2025-10-01T03:05:28.755Z,raad.brazil@gmail.com,newsletter,everyone,true
174917404,2025-10-01T03:05:28.795Z,edy.custine@orange.fr,newsletter,everyone,true
174917404,2025-10-01T03:05:28.824Z,lea.tipi@gmail.com,newsletter,everyone,true
174917404,2025-10-01T03:05:28.904Z,jules.es@hotmail.fr,newsletter,everyone,true
174917404,2025-10-01T03:05:28.908Z,fabienne.bastien1234@gmail.com,newsletter,everyone,true
174917404,2025-10-01T03:05:28.935Z,vincent.breban@gmail.com,newsletter,everyone,true
174917404,2025-10-01T03:05:29.035Z,virginie.blazy@gmail.com,newsletter,everyone,true
174917404,2025-10-01T03:05:29.070Z,sidonie.cieutat@yahoo.fr,newsletter,everyone,true
174917404,2025-10-01T03:05:29.317Z,lorine.basquebouvier@gmail.com,newsletter,everyone,true
174917404,2025-10-01T03:05:29.407Z,laetitiadebard64@gmail.com,newsletter,everyone,true
174917404,2025-10-01T03:05:29.471Z,fabasphil@yahoo.fr,newsletter,everyone,true
174917404,2025-10-01T03:05:29.826Z,hiriartclement@gmail.com,newsletter,everyone,true
174917404,2025-10-01T03:05:29.867Z,gabriella.daher@free.fr,newsletter,everyone,true
174917404,2025-10-01T03:05:29.874Z,guillaumesrz65@gmail.com,newsletter,everyone,true
174917404,2025-10-01T03:05:29.978Z,mfranc@csm.fr,newsletter,everyone,true
174917404,2025-10-01T03:05:30.288Z,edouardhusson022@protonmail.com,newsletter,everyone,true
174917404,2025-10-01T03:05:30.580Z,marieperrenot@yahoo.fr,newsletter,everyone,true
174917404,2025-10-01T03:05:31.386Z,caroldebruyn@hotmail.fr,newsletter,everyone,true
174917404,2025-10-01T03:06:52.451Z,duhaldebordebernadette@orange.fr,newsletter,everyone,true
174917404,2025-10-01T03:30:32.812Z,geraldine_hafkemeijer@hotmail.com,newsletter,everyone,true
