post_id,timestamp,email,post_type,post_audience,active_subscription
175096807,2025-10-03T03:04:26.876Z,jelouis34@gmail.com,newsletter,everyone,true
175096807,2025-10-03T03:04:27.331Z,marie-helene.soulier0705@orange.fr,newsletter,everyone,true
175096807,2025-10-03T03:04:27.815Z,sandunad1958@gmail.com,newsletter,everyone,true
175096807,2025-10-03T03:04:28.991Z,geraldine_hafkemeijer@hotmail.com,newsletter,everyone,true
175096807,2025-10-03T03:04:29.455Z,prof.georges.raad@gmail.com,newsletter,everyone,true
175096807,2025-10-03T03:04:29.458Z,edouardhusson022@protonmail.com,newsletter,everyone,true
175096807,2025-10-03T03:04:29.553Z,keraudrenp.501@gmail.com,newsletter,everyone,true
175096807,2025-10-03T03:04:29.582Z,chris3005chp@gmail.com,newsletter,everyone,true
175096807,2025-10-03T03:04:29.942Z,sauzeatboris@gmail.com,newsletter,everyone,true
175096807,2025-10-03T03:04:29.959Z,virginie.blazy@gmail.com,newsletter,everyone,true
175096807,2025-10-03T03:04:30.169Z,france.pittoresque@gmail.com,newsletter,everyone,true
175096807,2025-10-03T03:04:30.191Z,vincent.breban@gmail.com,newsletter,everyone,true
175096807,2025-10-03T03:04:30.313Z,alethdefonscolombe@gmail.com,newsletter,everyone,true
175096807,2025-10-03T03:04:30.328Z,karinba7@gmail.com,newsletter,everyone,true
175096807,2025-10-03T03:04:30.355Z,raad.brazil@gmail.com,newsletter,everyone,true
175096807,2025-10-03T03:04:30.404Z,lucilesarda38@gmail.com,newsletter,everyone,true
175096807,2025-10-03T03:04:30.422Z,bakaybea@gmail.com,newsletter,everyone,true
175096807,2025-10-03T03:04:30.462Z,lea.tipi@gmail.com,newsletter,everyone,true
175096807,2025-10-03T03:04:30.473Z,lucreceamigues@gmail.com,newsletter,everyone,true
175096807,2025-10-03T03:04:30.475Z,somialvi@gmail.com,newsletter,everyone,true
175096807,2025-10-03T03:04:30.478Z,aamayon@gmail.com,newsletter,everyone,true
175096807,2025-10-03T03:04:30.483Z,fabienne.bastien1234@gmail.com,newsletter,everyone,true
175096807,2025-10-03T03:04:30.493Z,madx93320@gmail.com,newsletter,everyone,true
175096807,2025-10-03T03:04:30.540Z,lorine.basquebouvier@gmail.com,newsletter,everyone,true
175096807,2025-10-03T03:04:30.637Z,hiriartclement@gmail.com,newsletter,everyone,true
175096807,2025-10-03T03:04:30.673Z,caroldebruyn@hotmail.fr,newsletter,everyone,true
175096807,2025-10-03T03:04:30.745Z,gabriella.daher@free.fr,newsletter,everyone,true
175096807,2025-10-03T03:04:30.916Z,jules.es@hotmail.fr,newsletter,everyone,true
175096807,2025-10-03T03:04:30.932Z,agnes.lagrolet@orange.fr,newsletter,everyone,true
175096807,2025-10-03T03:04:31.074Z,sidonie.cieutat@yahoo.fr,newsletter,everyone,true
175096807,2025-10-03T03:04:31.239Z,guillaumesrz65@gmail.com,newsletter,everyone,true
175096807,2025-10-03T03:04:31.319Z,keraudrenp501@gmail.com,newsletter,everyone,true
175096807,2025-10-03T03:04:31.493Z,fabasphil@yahoo.fr,newsletter,everyone,true
175096807,2025-10-03T03:04:32.045Z,cpnioche@outlook.com,newsletter,everyone,true
175096807,2025-10-03T03:04:32.521Z,marieperrenot@yahoo.fr,newsletter,everyone,true
175096807,2025-10-03T03:04:32.565Z,mfranc@csm.fr,newsletter,everyone,true
175096807,2025-10-03T03:04:41.354Z,laetitiadebard64@gmail.com,newsletter,everyone,true
175096807,2025-10-03T03:05:45.610Z,edy.custine@orange.fr,newsletter,everyone,true
175096807,2025-10-03T03:05:48.712Z,duhaldebordebernadette@orange.fr,newsletter,everyone,true
175096807,2025-10-03T03:05:54.544Z,achard.luc@wanadoo.fr,newsletter,everyone,true
175096807,2025-10-03T03:06:28.514Z,Larousse44@orange.fr,newsletter,everyone,true
