post_id,timestamp,email,post_type,post_audience,active_subscription
175015640,2025-10-02T03:35:54.542Z,sandunad1958@gmail.com,newsletter,everyone,true
175015640,2025-10-02T03:35:54.707Z,jelouis34@gmail.com,newsletter,everyone,true
175015640,2025-10-02T03:35:54.933Z,marie-helene.soulier0705@orange.fr,newsletter,everyone,true
175015640,2025-10-02T03:35:55.288Z,france.pittoresque@gmail.com,newsletter,everyone,true
175015640,2025-10-02T03:35:55.294Z,keraudrenp.501@gmail.com,newsletter,everyone,true
175015640,2025-10-02T03:35:55.464Z,prof.georges.raad@gmail.com,newsletter,everyone,true
175015640,2025-10-02T03:35:55.992Z,virginie.blazy@gmail.com,newsletter,everyone,true
175015640,2025-10-02T03:35:56.137Z,keraudrenp501@gmail.com,newsletter,everyone,true
175015640,2025-10-02T03:35:56.153Z,sidonie.cieutat@yahoo.fr,newsletter,everyone,true
175015640,2025-10-02T03:35:56.314Z,Larousse44@orange.fr,newsletter,everyone,true
175015640,2025-10-02T03:35:56.360Z,alethdefonscolombe@gmail.com,newsletter,everyone,true
175015640,2025-10-02T03:35:56.484Z,karinba7@gmail.com,newsletter,everyone,true
175015640,2025-10-02T03:35:56.740Z,lucilesarda38@gmail.com,newsletter,everyone,true
175015640,2025-10-02T03:35:56.746Z,vincent.breban@gmail.com,newsletter,everyone,true
175015640,2025-10-02T03:35:56.818Z,aamayon@gmail.com,newsletter,everyone,true
175015640,2025-10-02T03:35:56.842Z,somialvi@gmail.com,newsletter,everyone,true
175015640,2025-10-02T03:35:56.856Z,edy.custine@orange.fr,newsletter,everyone,true
175015640,2025-10-02T03:35:56.867Z,lucreceamigues@gmail.com,newsletter,everyone,true
175015640,2025-10-02T03:35:56.882Z,raad.brazil@gmail.com,newsletter,everyone,true
175015640,2025-10-02T03:35:56.899Z,lea.tipi@gmail.com,newsletter,everyone,true
175015640,2025-10-02T03:35:56.929Z,guillaumesrz65@gmail.com,newsletter,everyone,true
175015640,2025-10-02T03:35:56.951Z,fabienne.bastien1234@gmail.com,newsletter,everyone,true
175015640,2025-10-02T03:35:57.019Z,madx93320@gmail.com,newsletter,everyone,true
175015640,2025-10-02T03:35:57.259Z,fabasphil@yahoo.fr,newsletter,everyone,true
175015640,2025-10-02T03:35:57.284Z,marieperrenot@yahoo.fr,newsletter,everyone,true
175015640,2025-10-02T03:35:57.361Z,sauzeatboris@gmail.com,newsletter,everyone,true
175015640,2025-10-02T03:35:57.425Z,laetitiadebard64@gmail.com,newsletter,everyone,true
175015640,2025-10-02T03:35:57.448Z,chris3005chp@gmail.com,newsletter,everyone,true
175015640,2025-10-02T03:35:57.450Z,lorine.basquebouvier@gmail.com,newsletter,everyone,true
175015640,2025-10-02T03:35:57.464Z,geraldine_hafkemeijer@hotmail.com,newsletter,everyone,true
175015640,2025-10-02T03:35:57.655Z,caroldebruyn@hotmail.fr,newsletter,everyone,true
175015640,2025-10-02T03:35:57.671Z,jules.es@hotmail.fr,newsletter,everyone,true
175015640,2025-10-02T03:35:57.746Z,hiriartclement@gmail.com,newsletter,everyone,true
175015640,2025-10-02T03:35:57.825Z,achard.luc@wanadoo.fr,newsletter,everyone,true
175015640,2025-10-02T03:35:57.857Z,bakaybea@gmail.com,newsletter,everyone,true
175015640,2025-10-02T03:35:58.008Z,cpnioche@outlook.com,newsletter,everyone,true
175015640,2025-10-02T03:35:58.108Z,gabriella.daher@free.fr,newsletter,everyone,true
175015640,2025-10-02T03:35:58.295Z,agnes.lagrolet@orange.fr,newsletter,everyone,true
175015640,2025-10-02T03:35:58.445Z,edouardhusson022@protonmail.com,newsletter,everyone,true
175015640,2025-10-02T03:35:58.493Z,duhaldebordebernadette@orange.fr,newsletter,everyone,true
175015640,2025-10-02T03:35:58.523Z,mfranc@csm.fr,newsletter,everyone,true
