post_id,timestamp,email,post_type,post_audience,active_subscription
175184208,2025-10-04T03:05:22.959Z,sandunad1958@gmail.com,newsletter,everyone,true
175184208,2025-10-04T03:05:23.187Z,jelouis34@gmail.com,newsletter,everyone,true
175184208,2025-10-04T03:05:23.587Z,chris3005chp@gmail.com,newsletter,everyone,true
175184208,2025-10-04T03:05:23.694Z,keraudrenp501@gmail.com,newsletter,everyone,true
175184208,2025-10-04T03:05:23.955Z,marie-helene.soulier0705@orange.fr,newsletter,everyone,true
175184208,2025-10-04T03:05:24.040Z,sauzeatboris@gmail.com,newsletter,everyone,true
175184208,2025-10-04T03:05:24.200Z,virginie.blazy@gmail.com,newsletter,everyone,true
175184208,2025-10-04T03:05:24.250Z,france.pittoresque@gmail.com,newsletter,everyone,true
175184208,2025-10-04T03:05:24.498Z,prof.georges.raad@gmail.com,newsletter,everyone,true
175184208,2025-10-04T03:05:24.559Z,alethdefonscolombe@gmail.com,newsletter,everyone,true
175184208,2025-10-04T03:05:24.589Z,keraudrenp.501@gmail.com,newsletter,everyone,true
175184208,2025-10-04T03:05:24.928Z,karinba7@gmail.com,newsletter,everyone,true
175184208,2025-10-04T03:05:25.231Z,sidonie.cieutat@yahoo.fr,newsletter,everyone,true
175184208,2025-10-04T03:05:25.283Z,somialvi@gmail.com,newsletter,everyone,true
175184208,2025-10-04T03:05:25.290Z,lucilesarda38@gmail.com,newsletter,everyone,true
175184208,2025-10-04T03:05:25.425Z,aamayon@gmail.com,newsletter,everyone,true
175184208,2025-10-04T03:05:25.462Z,lucreceamigues@gmail.com,newsletter,everyone,true
175184208,2025-10-04T03:05:25.473Z,fabienne.bastien1234@gmail.com,newsletter,everyone,true
175184208,2025-10-04T03:05:25.498Z,lorine.basquebouvier@gmail.com,newsletter,everyone,true
175184208,2025-10-04T03:05:25.553Z,edouardhusson022@protonmail.com,newsletter,everyone,true
175184208,2025-10-04T03:05:25.649Z,raad.brazil@gmail.com,newsletter,everyone,true
175184208,2025-10-04T03:05:25.714Z,jules.es@hotmail.fr,newsletter,everyone,true
175184208,2025-10-04T03:05:25.725Z,guillaumesrz65@gmail.com,newsletter,everyone,true
175184208,2025-10-04T03:05:25.748Z,hiriartclement@gmail.com,newsletter,everyone,true
175184208,2025-10-04T03:05:25.774Z,laetitiadebard64@gmail.com,newsletter,everyone,true
175184208,2025-10-04T03:05:25.798Z,lea.tipi@gmail.com,newsletter,everyone,true
175184208,2025-10-04T03:05:25.901Z,geraldine_hafkemeijer@hotmail.com,newsletter,everyone,true
175184208,2025-10-04T03:05:26.251Z,madx93320@gmail.com,newsletter,everyone,true
175184208,2025-10-04T03:05:26.381Z,Larousse44@orange.fr,newsletter,everyone,true
175184208,2025-10-04T03:05:26.389Z,agnes.lagrolet@orange.fr,newsletter,everyone,true
175184208,2025-10-04T03:05:26.516Z,gabriella.daher@free.fr,newsletter,everyone,true
175184208,2025-10-04T03:05:26.578Z,marieperrenot@yahoo.fr,newsletter,everyone,true
175184208,2025-10-04T03:05:26.642Z,edy.custine@orange.fr,newsletter,everyone,true
175184208,2025-10-04T03:05:26.652Z,mfranc@csm.fr,newsletter,everyone,true
175184208,2025-10-04T03:05:26.899Z,duhaldebordebernadette@orange.fr,newsletter,everyone,true
175184208,2025-10-04T03:05:26.900Z,cpnioche@outlook.com,newsletter,everyone,true
175184208,2025-10-04T03:05:26.913Z,achard.luc@wanadoo.fr,newsletter,everyone,true
175184208,2025-10-04T03:05:26.924Z,bakaybea@gmail.com,newsletter,everyone,true
175184208,2025-10-04T03:05:27.206Z,fabasphil@yahoo.fr,newsletter,everyone,true
