post_id,timestamp,email,post_type,post_audience,active_subscription
175203272,2025-10-05T03:05:26.912Z,sandunad1958@gmail.com,newsletter,everyone,true
175203272,2025-10-05T03:05:27.561Z,jelouis34@gmail.com,newsletter,everyone,true
175203272,2025-10-05T03:05:27.869Z,france.pittoresque@gmail.com,newsletter,everyone,true
175203272,2025-10-05T03:05:27.871Z,prof.georges.raad@gmail.com,newsletter,everyone,true
175203272,2025-10-05T03:05:28.146Z,virginie.blazy@gmail.com,newsletter,everyone,true
175203272,2025-10-05T03:05:28.158Z,chris3005chp@gmail.com,newsletter,everyone,true
175203272,2025-10-05T03:05:28.261Z,keraudrenp.501@gmail.com,newsletter,everyone,true
175203272,2025-10-05T03:05:28.433Z,keraudrenp501@gmail.com,newsletter,everyone,true
175203272,2025-10-05T03:05:28.750Z,alethdefonscolombe@gmail.com,newsletter,everyone,true
175203272,2025-10-05T03:05:28.756Z,geraldine_hafkemeijer@hotmail.com,newsletter,everyone,true
175203272,2025-10-05T03:05:28.916Z,laetitiadebard64@gmail.com,newsletter,everyone,true
175203272,2025-10-05T03:05:29.021Z,karinba7@gmail.com,newsletter,everyone,true
175203272,2025-10-05T03:05:29.026Z,somialvi@gmail.com,newsletter,everyone,true
175203272,2025-10-05T03:05:29.211Z,fabienne.bastien1234@gmail.com,newsletter,everyone,true
175203272,2025-10-05T03:05:29.276Z,marie-helene.soulier0705@orange.fr,newsletter,everyone,true
175203272,2025-10-05T03:05:29.309Z,raad.brazil@gmail.com,newsletter,everyone,true
175203272,2025-10-05T03:05:29.335Z,lorine.basquebouvier@gmail.com,newsletter,everyone,true
175203272,2025-10-05T03:05:29.350Z,lucilesarda38@gmail.com,newsletter,everyone,true
175203272,2025-10-05T03:05:29.390Z,lucreceamigues@gmail.com,newsletter,everyone,true
175203272,2025-10-05T03:05:29.523Z,lea.tipi@gmail.com,newsletter,everyone,true
175203272,2025-10-05T03:05:29.524Z,guillaumesrz65@gmail.com,newsletter,everyone,true
175203272,2025-10-05T03:05:29.582Z,jules.es@hotmail.fr,newsletter,everyone,true
175203272,2025-10-05T03:05:29.731Z,hiriartclement@gmail.com,newsletter,everyone,true
175203272,2025-10-05T03:05:29.798Z,madx93320@gmail.com,newsletter,everyone,true
175203272,2025-10-05T03:05:29.825Z,edy.custine@orange.fr,newsletter,everyone,true
175203272,2025-10-05T03:05:29.881Z,sauzeatboris@gmail.com,newsletter,everyone,true
175203272,2025-10-05T03:05:30.044Z,edouardhusson022@protonmail.com,newsletter,everyone,true
175203272,2025-10-05T03:05:30.075Z,sidonie.cieutat@yahoo.fr,newsletter,everyone,true
175203272,2025-10-05T03:05:30.108Z,carrulla.william@orange.fr,newsletter,everyone,true
175203272,2025-10-05T03:05:30.242Z,aamayon@gmail.com,newsletter,everyone,true
175203272,2025-10-05T03:05:30.425Z,gabriella.daher@free.fr,newsletter,everyone,true
175203272,2025-10-05T03:05:30.547Z,achard.luc@wanadoo.fr,newsletter,everyone,true
175203272,2025-10-05T03:05:30.600Z,fabasphil@yahoo.fr,newsletter,everyone,true
175203272,2025-10-05T03:05:30.997Z,bakaybea@gmail.com,newsletter,everyone,true
175203272,2025-10-05T03:05:31.050Z,duhaldebordebernadette@orange.fr,newsletter,everyone,true
175203272,2025-10-05T03:05:31.222Z,marieperrenot@yahoo.fr,newsletter,everyone,true
175203272,2025-10-05T03:05:31.243Z,cpnioche@outlook.com,newsletter,everyone,true
175203272,2025-10-05T03:05:31.401Z,Larousse44@orange.fr,newsletter,everyone,true
175203272,2025-10-05T03:05:32.208Z,mfranc@csm.fr,newsletter,everyone,true
175203272,2025-10-05T03:06:33.056Z,agnes.lagrolet@orange.fr,newsletter,everyone,true
