post_id,timestamp,email,post_type,post_audience,active_subscription
175341126,2025-10-06T03:05:02.816Z,sandunad1958@gmail.com,newsletter,everyone,true
175341126,2025-10-06T03:05:03.081Z,etienne.roussin@gmail.com,newsletter,everyone,true
175341126,2025-10-06T03:05:03.459Z,raad.brazil@gmail.com,newsletter,everyone,true
175341126,2025-10-06T03:05:03.515Z,prof.georges.raad@gmail.com,newsletter,everyone,true
175341126,2025-10-06T03:05:03.545Z,france.pittoresque@gmail.com,newsletter,everyone,true
175341126,2025-10-06T03:05:03.548Z,somialvi@gmail.com,newsletter,everyone,true
175341126,2025-10-06T03:05:03.552Z,edy.custine@orange.fr,newsletter,everyone,true
175341126,2025-10-06T03:05:03.687Z,fabienne.bastien1234@gmail.com,newsletter,everyone,true
175341126,2025-10-06T03:05:03.747Z,keraudrenp.501@gmail.com,newsletter,everyone,true
175341126,2025-10-06T03:05:03.759Z,lea.tipi@gmail.com,newsletter,everyone,true
175341126,2025-10-06T03:05:03.810Z,hiriartclement@gmail.com,newsletter,everyone,true
175341126,2025-10-06T03:05:03.838Z,laetitiadebard64@gmail.com,newsletter,everyone,true
175341126,2025-10-06T03:05:03.888Z,bakaybea@gmail.com,newsletter,everyone,true
175341126,2025-10-06T03:05:03.909Z,madx93320@gmail.com,newsletter,everyone,true
175341126,2025-10-06T03:05:03.952Z,gabriella.daher@free.fr,newsletter,everyone,true
175341126,2025-10-06T03:05:03.987Z,flomaps@gmail.com,newsletter,everyone,true
175341126,2025-10-06T03:05:04.114Z,alethdefonscolombe@gmail.com,newsletter,everyone,true
175341126,2025-10-06T03:05:04.187Z,duhaldebordebernadette@orange.fr,newsletter,everyone,true
175341126,2025-10-06T03:05:04.200Z,lorine.basquebouvier@gmail.com,newsletter,everyone,true
175341126,2025-10-06T03:05:04.205Z,keraudrenp501@gmail.com,newsletter,everyone,true
175341126,2025-10-06T03:05:04.330Z,jelouis34@gmail.com,newsletter,everyone,true
175341126,2025-10-06T03:05:04.403Z,marieperrenot@yahoo.fr,newsletter,everyone,true
175341126,2025-10-06T03:05:04.529Z,fabasphil@yahoo.fr,newsletter,everyone,true
175341126,2025-10-06T03:05:04.685Z,jules.es@hotmail.fr,newsletter,everyone,true
175341126,2025-10-06T03:05:04.742Z,chris3005chp@gmail.com,newsletter,everyone,true
175341126,2025-10-06T03:05:04.872Z,guillaumesrz65@gmail.com,newsletter,everyone,true
175341126,2025-10-06T03:05:04.922Z,karinba7@gmail.com,newsletter,everyone,true
175341126,2025-10-06T03:05:05.134Z,lucilesarda38@gmail.com,newsletter,everyone,true
175341126,2025-10-06T03:05:05.172Z,geraldine_hafkemeijer@hotmail.com,newsletter,everyone,true
175341126,2025-10-06T03:05:05.177Z,aamayon@gmail.com,newsletter,everyone,true
175341126,2025-10-06T03:05:05.198Z,lucreceamigues@gmail.com,newsletter,everyone,true
175341126,2025-10-06T03:05:05.442Z,virginie.blazy@gmail.com,newsletter,everyone,true
175341126,2025-10-06T03:05:05.966Z,Larousse44@orange.fr,newsletter,everyone,true
175341126,2025-10-06T03:05:06.008Z,carrulla.william@orange.fr,newsletter,everyone,true
175341126,2025-10-06T03:05:06.190Z,mfranc@csm.fr,newsletter,everyone,true
175341126,2025-10-06T03:05:06.411Z,cpnioche@outlook.com,newsletter,everyone,true
175341126,2025-10-06T03:05:06.512Z,sidonie.cieutat@yahoo.fr,newsletter,everyone,true
175341126,2025-10-06T03:05:06.775Z,edouardhusson022@protonmail.com,newsletter,everyone,true
175341126,2025-10-06T03:05:06.947Z,sauzeatboris@gmail.com,newsletter,everyone,true
175341126,2025-10-06T03:06:26.422Z,agnes.lagrolet@orange.fr,newsletter,everyone,true
175341126,2025-10-06T03:06:51.416Z,achard.luc@wanadoo.fr,newsletter,everyone,true
175341126,2025-10-06T03:07:00.471Z,marie-helene.soulier0705@orange.fr,newsletter,everyone,true
