post_id,timestamp,email,post_type,post_audience,active_subscription,country,city,region,device_type,client_os,client_type,user_agent
175418115,2025-10-07T03:06:40.316Z,madx93320@gmail.com,newsletter,everyone,true,US,,,,,,Mozilla/5.0 (Windows NT 5.1; rv:11.0) Gecko Firefox/11.0 (via ggpht.com GoogleImageProxy)
175418115,2025-10-07T03:10:23.432Z,duhaldebordebernadette@orange.fr,newsletter,everyone,true,US,,,,,,Mozilla/5.0
175418115,2025-10-07T03:23:20.032Z,lorine.basquebouvier@gmail.com,newsletter,everyone,true,FR,,,,,,Mozilla/5.0
175418115,2025-10-07T03:41:44.991Z,sidonie.cieutat@yahoo.fr,newsletter,everyone,true,FR,,,,,,Mozilla/5.0
175418115,2025-10-07T05:50:29.574Z,mfranc@csm.fr,newsletter,everyone,true,US,,,,,,Mozilla/5.0
175418115,2025-10-07T06:24:54.157Z,etienne.roussin@gmail.com,newsletter,everyone,true,US,,,,,,Mozilla/5.0 (Windows NT 5.1; rv:11.0) Gecko Firefox/11.0 (via ggpht.com GoogleImageProxy)
175418115,2025-10-07T06:57:46.177Z,marieperrenot@yahoo.fr,newsletter,everyone,true,NL,,,,,,YahooMailProxy; https://help.yahoo.com/kb/yahoo-mail-proxy-SLN28749.html
175418115,2025-10-07T07:01:18.233Z,marieperrenot@yahoo.fr,newsletter,everyone,true,IE,,,,,,YahooMailProxy; https://help.yahoo.com/kb/yahoo-mail-proxy-SLN28749.html
175418115,2025-10-07T07:09:27.307Z,somialvi@gmail.com,newsletter,everyone,true,US,,,,,,Mozilla/5.0 (Windows NT 5.1; rv:11.0) Gecko Firefox/11.0 (via ggpht.com GoogleImageProxy)
175418115,2025-10-07T07:45:57.389Z,carrulla.william@orange.fr,newsletter,everyone,true,FR,,,,,,Mozilla/5.0
175418115,2025-10-07T07:53:22.670Z,gabriella.daher@free.fr,newsletter,everyone,true,FR,,,,,,Mozilla/5.0
175418115,2025-10-07T07:53:51.965Z,agnes.lagrolet@orange.fr,newsletter,everyone,true,FR,,,,,,"Mozilla/5.0 (Linux; Android 12; SM-A415F Build/SP1A.210812.016; wv) AppleWebKit/537.36 (KHTML, like Gecko) Version/4.0 Chrome/141.0.7390.43 Mobile Safari/537.36"
175418115,2025-10-07T08:02:37.976Z,marieperrenot@yahoo.fr,newsletter,everyone,true,NL,,,,,,YahooMailProxy; https://help.yahoo.com/kb/yahoo-mail-proxy-SLN28749.html
175418115,2025-10-07T09:44:37.363Z,fabasphil@yahoo.fr,newsletter,everyone,true,GB,,,,,,YahooMailProxy; https://help.yahoo.com/kb/yahoo-mail-proxy-SLN28749.html
175418115,2025-10-07T09:57:31.499Z,flomaps@gmail.com,newsletter,everyone,true,US,,,,,,Mozilla/5.0 (Windows NT 5.1; rv:11.0) Gecko Firefox/11.0 (via ggpht.com GoogleImageProxy)
175418115,2025-10-07T12:57:03.179Z,somialvi@gmail.com,newsletter,everyone,true,FR,,,,,,Mozilla/5.0 (Windows NT 10.0; Win64; x64; rv:143.0) Gecko/20100101 Thunderbird/143.0.1
175418115,2025-10-07T16:18:00.742Z,chris3005chp@gmail.com,newsletter,everyone,true,BD,,,,,,Mozilla/5.0
175418115,2025-10-07T17:18:13.641Z,gabriella.daher@free.fr,newsletter,everyone,true,US,,,,,,Mozilla/5.0
175418115,2025-10-07T18:50:52.270Z,achard.luc@wanadoo.fr,newsletter,everyone,true,FR,,,,,,Mozilla/5.0
175418115,2025-10-07T20:04:59.143Z,lucreceamigues@gmail.com,newsletter,everyone,true,US,,,,,,Mozilla/5.0 (Windows NT 5.1; rv:11.0) Gecko Firefox/11.0 (via ggpht.com GoogleImageProxy)
175418115,2025-10-07T20:20:15.472Z,madx93320@gmail.com,newsletter,everyone,true,US,,,,,,Mozilla/5.0 (Windows NT 5.1; rv:11.0) Gecko Firefox/11.0 (via ggpht.com GoogleImageProxy)
175418115,2025-10-07T20:20:46.606Z,madx93320@gmail.com,newsletter,everyone,true,US,,,,,,Mozilla/5.0 (Windows NT 5.1; rv:11.0) Gecko Firefox/11.0 (via ggpht.com GoogleImageProxy)
175418115,2025-10-07T22:05:09.698Z,hiriartclement@gmail.com,newsletter,everyone,true,FR,,,,,,Mozilla/5.0
175418115,2025-10-07T23:20:43.178Z,lucreceamigues@gmail.com,newsletter,everyone,true,US,,,,,,Mozilla/5.0 (Windows NT 5.1; rv:11.0) Gecko Firefox/11.0 (via ggpht.com GoogleImageProxy)
175418115,2025-10-07T23:21:41.139Z,lucreceamigues@gmail.com,newsletter,everyone,true,US,,,,,,Mozilla/5.0 (Windows NT 5.1; rv:11.0) Gecko Firefox/11.0 (via ggpht.com GoogleImageProxy)
175418115,2025-10-07T23:22:20.555Z,lucreceamigues@gmail.com,newsletter,everyone,true,US,,,,,,Mozilla/5.0 (Windows NT 5.1; rv:11.0) Gecko Firefox/11.0 (via ggpht.com GoogleImageProxy)
175418115,2025-10-07T23:30:24.563Z,lucreceamigues@gmail.com,newsletter,everyone,true,US,,,,,,Mozilla/5.0 (Windows NT 5.1; rv:11.0) Gecko Firefox/11.0 (via ggpht.com GoogleImageProxy)
175418115,2025-10-07T23:33:25.142Z,lucreceamigues@gmail.com,newsletter,everyone,true,US,,,,,,Mozilla/5.0 (Windows NT 5.1; rv:11.0) Gecko Firefox/11.0 (via ggpht.com GoogleImageProxy)
175418115,2025-10-07T23:33:25.877Z,lucreceamigues@gmail.com,newsletter,everyone,true,US,,,,,,Mozilla/5.0 (Windows NT 5.1; rv:11.0) Gecko Firefox/11.0 (via ggpht.com GoogleImageProxy)
175418115,2025-10-07T23:33:26.566Z,lucreceamigues@gmail.com,newsletter,everyone,true,US,,,,,,Mozilla/5.0 (Windows NT 5.1; rv:11.0) Gecko Firefox/11.0 (via ggpht.com GoogleImageProxy)
175418115,2025-10-07T23:33:27.097Z,lucreceamigues@gmail.com,newsletter,everyone,true,US,,,,,,Mozilla/5.0 (Windows NT 5.1; rv:11.0) Gecko Firefox/11.0 (via ggpht.com GoogleImageProxy)
175418115,2025-10-08T05:11:11.041Z,geraldine_hafkemeijer@hotmail.com,newsletter,everyone,true,NL,,,,,,Mozilla/5.0
175418115,2025-10-08T06:41:27.329Z,lucreceamigues@gmail.com,newsletter,everyone,true,FR,,,,,,"Mozilla/5.0 (Linux; Android 14; RKY-LX1 Build/HONORRKY-L31; wv) AppleWebKit/537.36 (KHTML, like Gecko) Version/4.0 Chrome/140.0.7339.207 Mobile Safari/537.36"
175418115,2025-10-08T06:43:17.281Z,lucreceamigues@gmail.com,newsletter,everyone,true,FR,,,,,,"Mozilla/5.0 (Linux; Android 14; RKY-LX1 Build/HONORRKY-L31; wv) AppleWebKit/537.36 (KHTML, like Gecko) Version/4.0 Chrome/140.0.7339.207 Mobile Safari/537.36"
175418115,2025-10-08T06:43:22.760Z,lucreceamigues@gmail.com,newsletter,everyone,true,FR,,,,,,"Mozilla/5.0 (Linux; Android 14; RKY-LX1 Build/HONORRKY-L31; wv) AppleWebKit/537.36 (KHTML, like Gecko) Version/4.0 Chrome/140.0.7339.207 Mobile Safari/537.36"
175418115,2025-10-08T06:44:49.655Z,lucreceamigues@gmail.com,newsletter,everyone,true,FR,,,,,,"Mozilla/5.0 (Linux; Android 14; RKY-LX1 Build/HONORRKY-L31; wv) AppleWebKit/537.36 (KHTML, like Gecko) Version/4.0 Chrome/140.0.7339.207 Mobile Safari/537.36"
175418115,2025-10-08T07:07:43.528Z,lucreceamigues@gmail.com,newsletter,everyone,true,FR,,,,,,"Mozilla/5.0 (Linux; Android 14; RKY-LX1 Build/HONORRKY-L31; wv) AppleWebKit/537.36 (KHTML, like Gecko) Version/4.0 Chrome/140.0.7339.207 Mobile Safari/537.36"
175418115,2025-10-08T07:11:34.716Z,lucreceamigues@gmail.com,newsletter,everyone,true,FR,,,,,,"Mozilla/5.0 (Linux; Android 14; RKY-LX1 Build/HONORRKY-L31; wv) AppleWebKit/537.36 (KHTML, like Gecko) Version/4.0 Chrome/140.0.7339.207 Mobile Safari/537.36"
175418115,2025-10-08T07:19:09.123Z,lucreceamigues@gmail.com,newsletter,everyone,true,FR,,,,,,"Mozilla/5.0 (Linux; Android 14; RKY-LX1 Build/HONORRKY-L31; wv) AppleWebKit/537.36 (KHTML, like Gecko) Version/4.0 Chrome/140.0.7339.207 Mobile Safari/537.36"
175418115,2025-10-08T07:19:15.789Z,lucreceamigues@gmail.com,newsletter,everyone,true,FR,,,,,,"Mozilla/5.0 (Linux; Android 14; RKY-LX1 Build/HONORRKY-L31; wv) AppleWebKit/537.36 (KHTML, like Gecko) Version/4.0 Chrome/140.0.7339.207 Mobile Safari/537.36"
175418115,2025-10-08T09:41:02.306Z,lucreceamigues@gmail.com,newsletter,everyone,true,FR,,,,,,"Mozilla/5.0 (Linux; Android 14; RKY-LX1 Build/HONORRKY-L31; wv) AppleWebKit/537.36 (KHTML, like Gecko) Version/4.0 Chrome/140.0.7339.207 Mobile Safari/537.36"
175418115,2025-10-08T10:09:42.600Z,carrulla.william@orange.fr,newsletter,everyone,true,FR,,,,,,Mozilla/5.0
175418115,2025-10-08T13:21:40.620Z,bakaybea@gmail.com,newsletter,everyone,true,US,,,,,,Mozilla/5.0 (Windows NT 5.1; rv:11.0) Gecko Firefox/11.0 (via ggpht.com GoogleImageProxy)
175418115,2025-10-08T13:45:26.192Z,lucreceamigues@gmail.com,newsletter,everyone,true,FR,,,,,,"Mozilla/5.0 (Linux; Android 14; RKY-LX1 Build/HONORRKY-L31; wv) AppleWebKit/537.36 (KHTML, like Gecko) Version/4.0 Chrome/140.0.7339.207 Mobile Safari/537.36"
175418115,2025-10-08T14:28:08.201Z,somialvi@gmail.com,newsletter,everyone,true,FR,,,,,,Mozilla/5.0 (Windows NT 10.0; Win64; x64; rv:143.0) Gecko/20100101 Thunderbird/143.0.1
175418115,2025-10-08T17:49:47.702Z,lucreceamigues@gmail.com,newsletter,everyone,true,FR,,,,,,"Mozilla/5.0 (Linux; Android 14; RKY-LX1 Build/HONORRKY-L31; wv) AppleWebKit/537.36 (KHTML, like Gecko) Version/4.0 Chrome/140.0.7339.207 Mobile Safari/537.36"
175418115,2025-10-08T21:53:36.979Z,france.pittoresque@gmail.com,newsletter,everyone,true,FR,,,,,,Mozilla/5.0 (Windows NT 10.0; Win64; x64; rv:140.0) Gecko/20100101 Thunderbird/140.3.1
175418115,2025-10-09T03:23:01.306Z,madx93320@gmail.com,newsletter,everyone,true,US,,,,,,Mozilla/5.0 (Windows NT 5.1; rv:11.0) Gecko Firefox/11.0 (via ggpht.com GoogleImageProxy)
175418115,2025-10-09T06:03:13.435Z,lucreceamigues@gmail.com,newsletter,everyone,true,FR,,,,,,"Mozilla/5.0 (Linux; Android 14; RKY-LX1 Build/HONORRKY-L31; wv) AppleWebKit/537.36 (KHTML, like Gecko) Version/4.0 Chrome/140.0.7339.207 Mobile Safari/537.36"
175418115,2025-10-09T14:48:41.180Z,achard.luc@wanadoo.fr,newsletter,everyone,true,FR,,,,,,Mozilla/5.0
175418115,2025-10-11T05:00:59.891Z,madx93320@gmail.com,newsletter,everyone,true,US,,,,,,Mozilla/5.0 (Windows NT 5.1; rv:11.0) Gecko Firefox/11.0 (via ggpht.com GoogleImageProxy)
175418115,2025-10-12T14:51:50.955Z,hiriartclement@gmail.com,newsletter,everyone,true,US,,,,,,Mozilla/5.0 (Windows NT 5.1; rv:11.0) Gecko Firefox/11.0 (via ggpht.com GoogleImageProxy)
175418115,2025-10-19T18:47:21.689Z,lorine.basquebouvier@gmail.com,newsletter,everyone,true,FR,,,,,,Mozilla/5.0
175418115,2025-10-23T22:55:44.205Z,lorine.basquebouvier@gmail.com,newsletter,everyone,true,US,,,,,,Mozilla/5.0
175418115,2025-10-27T09:47:26.497Z,sidonie.cieutat@yahoo.fr,newsletter,everyone,true,FR,,,,,,Mozilla/5.0
175418115,2025-10-27T09:54:18.852Z,sidonie.cieutat@yahoo.fr,newsletter,everyone,true,FR,,,,,,Mozilla/5.0
175418115,2025-11-03T07:16:54.737Z,carrulla.william@orange.fr,newsletter,everyone,true,FR,,,,,,Mozilla/5.0
175418115,2025-11-03T14:12:43.112Z,etienne.roussin@gmail.com,newsletter,everyone,true,CA,,,,,,Mozilla/5.0
