post_id,timestamp,email,post_type,post_audience,active_subscription
175418115,2025-10-07T03:05:24.311Z,sandunad1958@gmail.com,newsletter,everyone,true
175418115,2025-10-07T03:05:24.787Z,marie-helene.soulier0705@orange.fr,newsletter,everyone,true
175418115,2025-10-07T03:05:26.172Z,chris3005chp@gmail.com,newsletter,everyone,true
175418115,2025-10-07T03:05:26.239Z,etienne.roussin@gmail.com,newsletter,everyone,true
175418115,2025-10-07T03:05:26.260Z,prof.georges.raad@gmail.com,newsletter,everyone,true
175418115,2025-10-07T03:05:26.512Z,keraudrenp.501@gmail.com,newsletter,everyone,true
175418115,2025-10-07T03:05:26.628Z,virginie.blazy@gmail.com,newsletter,everyone,true
175418115,2025-10-07T03:05:26.757Z,alethdefonscolombe@gmail.com,newsletter,everyone,true
175418115,2025-10-07T03:05:26.789Z,aamayon@gmail.com,newsletter,everyone,true
175418115,2025-10-07T03:05:26.812Z,laetitiadebard64@gmail.com,newsletter,everyone,true
175418115,2025-10-07T03:05:26.857Z,lucilesarda38@gmail.com,newsletter,everyone,true
175418115,2025-10-07T03:05:26.889Z,geraldine_hafkemeijer@hotmail.com,newsletter,everyone,true
175418115,2025-10-07T03:05:27.033Z,fabienne.bastien1234@gmail.com,newsletter,everyone,true
175418115,2025-10-07T03:05:27.054Z,madx93320@gmail.com,newsletter,everyone,true
175418115,2025-10-07T03:05:27.081Z,karinba7@gmail.com,newsletter,everyone,true
175418115,2025-10-07T03:05:27.130Z,somialvi@gmail.com,newsletter,everyone,true
175418115,2025-10-07T03:05:27.193Z,agnes.lagrolet@orange.fr,newsletter,everyone,true
175418115,2025-10-07T03:05:27.239Z,gabriella.daher@free.fr,newsletter,everyone,true
175418115,2025-10-07T03:05:27.243Z,lea.tipi@gmail.com,newsletter,everyone,true
175418115,2025-10-07T03:05:27.264Z,edy.custine@orange.fr,newsletter,everyone,true
175418115,2025-10-07T03:05:27.318Z,Larousse44@orange.fr,newsletter,everyone,true
175418115,2025-10-07T03:05:27.339Z,flomaps@gmail.com,newsletter,everyone,true
175418115,2025-10-07T03:05:27.364Z,sauzeatboris@gmail.com,newsletter,everyone,true
175418115,2025-10-07T03:05:27.634Z,carrulla.william@orange.fr,newsletter,everyone,true
175418115,2025-10-07T03:05:27.707Z,france.pittoresque@gmail.com,newsletter,everyone,true
175418115,2025-10-07T03:05:27.741Z,edouardhusson022@protonmail.com,newsletter,everyone,true
175418115,2025-10-07T03:05:27.755Z,hiriartclement@gmail.com,newsletter,everyone,true
175418115,2025-10-07T03:05:27.759Z,achard.luc@wanadoo.fr,newsletter,everyone,true
175418115,2025-10-07T03:05:27.817Z,mfranc@csm.fr,newsletter,everyone,true
175418115,2025-10-07T03:05:27.831Z,bakaybea@gmail.com,newsletter,everyone,true
175418115,2025-10-07T03:05:27.895Z,sidonie.cieutat@yahoo.fr,newsletter,everyone,true
175418115,2025-10-07T03:05:27.938Z,keraudrenp501@gmail.com,newsletter,everyone,true
175418115,2025-10-07T03:05:27.971Z,raad.brazil@gmail.com,newsletter,everyone,true
175418115,2025-10-07T03:05:28.036Z,guillaumesrz65@gmail.com,newsletter,everyone,true
175418115,2025-10-07T03:05:28.127Z,marieperrenot@yahoo.fr,newsletter,everyone,true
175418115,2025-10-07T03:05:28.178Z,cpnioche@outlook.com,newsletter,everyone,true
175418115,2025-10-07T03:05:28.250Z,duhaldebordebernadette@orange.fr,newsletter,everyone,true
175418115,2025-10-07T03:05:28.671Z,lorine.basquebouvier@gmail.com,newsletter,everyone,true
175418115,2025-10-07T03:05:28.785Z,lucreceamigues@gmail.com,newsletter,everyone,true
175418115,2025-10-07T03:05:28.920Z,jules.es@hotmail.fr,newsletter,everyone,true
175418115,2025-10-07T03:05:29.012Z,fabasphil@yahoo.fr,newsletter,everyone,true
