post_id,timestamp,email,post_type,post_audience,active_subscription,country,city,region,device_type,client_os,client_type,user_agent
175509887,2025-10-08T05:00:22.719Z,alethdefonscolombe@gmail.com,newsletter,everyone,true,US,,,,,,Mozilla/5.0 (Windows NT 5.1; rv:11.0) Gecko Firefox/11.0 (via ggpht.com GoogleImageProxy)
175509887,2025-10-08T05:10:32.145Z,laetitiadebard64@gmail.com,newsletter,everyone,true,US,,,,,,Mozilla/5.0 (Windows NT 5.1; rv:11.0) Gecko Firefox/11.0 (via ggpht.com GoogleImageProxy)
175509887,2025-10-08T05:10:35.378Z,laetitiadebard64@gmail.com,newsletter,everyone,true,US,,,,,,Mozilla/5.0 (Windows NT 5.1; rv:11.0) Gecko Firefox/11.0 (via ggpht.com GoogleImageProxy)
175509887,2025-10-08T05:28:00.812Z,sidonie.cieutat@yahoo.fr,newsletter,everyone,true,FR,,,,,,Mozilla/5.0
175509887,2025-10-08T05:40:34.348Z,lorine.basquebouvier@gmail.com,newsletter,everyone,true,US,,,,,,Mozilla/5.0
175509887,2025-10-08T05:46:02.313Z,dufour.jx@gmail.com,newsletter,everyone,true,US,,,,,,Mozilla/5.0 (Windows NT 5.1; rv:11.0) Gecko Firefox/11.0 (via ggpht.com GoogleImageProxy)
175509887,2025-10-08T05:48:19.417Z,carrulla.william@orange.fr,newsletter,everyone,true,FR,,,,,,Mozilla/5.0
175509887,2025-10-08T06:45:08.986Z,achard.luc@wanadoo.fr,newsletter,everyone,true,FR,,,,,,Mozilla/5.0
175509887,2025-10-08T06:46:24.752Z,etienne.roussin@gmail.com,newsletter,everyone,true,US,,,,,,Mozilla/5.0 (Windows NT 5.1; rv:11.0) Gecko Firefox/11.0 (via ggpht.com GoogleImageProxy)
175509887,2025-10-08T06:53:01.040Z,mfranc@csm.fr,newsletter,everyone,true,US,,,,,,Mozilla/5.0
175509887,2025-10-08T06:55:38.220Z,france.pittoresque@gmail.com,newsletter,everyone,true,FR,,,,,,Mozilla/5.0 (Windows NT 10.0; Win64; x64; rv:140.0) Gecko/20100101 Thunderbird/140.3.1
175509887,2025-10-08T06:56:33.029Z,france.pittoresque@gmail.com,newsletter,everyone,true,FR,,,,,,Mozilla/5.0 (Windows NT 10.0; Win64; x64; rv:140.0) Gecko/20100101 Thunderbird/140.3.1
175509887,2025-10-08T07:10:12.930Z,fabasphil@yahoo.fr,newsletter,everyone,true,US,,,,,,Mozilla/5.0
175509887,2025-10-08T07:16:42.839Z,aamayon@gmail.com,newsletter,everyone,true,US,,,,,,Mozilla/5.0 (Windows NT 5.1; rv:11.0) Gecko Firefox/11.0 (via ggpht.com GoogleImageProxy)
175509887,2025-10-08T08:34:49.620Z,somialvi@gmail.com,newsletter,everyone,true,FR,,,,,,Mozilla/5.0 (Windows NT 10.0; Win64; x64; rv:143.0) Gecko/20100101 Thunderbird/143.0.1
175509887,2025-10-08T08:34:59.847Z,somialvi@gmail.com,newsletter,everyone,true,FR,,,,,,Mozilla/5.0 (Windows NT 10.0; Win64; x64; rv:143.0) Gecko/20100101 Thunderbird/143.0.1
175509887,2025-10-08T08:35:13.422Z,somialvi@gmail.com,newsletter,everyone,true,FR,,,,,,Mozilla/5.0 (Windows NT 10.0; Win64; x64; rv:143.0) Gecko/20100101 Thunderbird/143.0.1
175509887,2025-10-08T08:46:55.834Z,chris3005chp@gmail.com,newsletter,everyone,true,US,,,,,,Mozilla/5.0 (Windows NT 5.1; rv:11.0) Gecko Firefox/11.0 (via ggpht.com GoogleImageProxy)
175509887,2025-10-08T08:58:12.520Z,lucreceamigues@gmail.com,newsletter,everyone,true,US,,,,,,Mozilla/5.0 (Windows NT 5.1; rv:11.0) Gecko Firefox/11.0 (via ggpht.com GoogleImageProxy)
175509887,2025-10-08T08:59:57.114Z,marieperrenot@yahoo.fr,newsletter,everyone,true,IE,,,,,,YahooMailProxy; https://help.yahoo.com/kb/yahoo-mail-proxy-SLN28749.html
175509887,2025-10-08T10:02:32.902Z,bakaybea@gmail.com,newsletter,everyone,true,US,,,,,,Mozilla/5.0 (Windows NT 5.1; rv:11.0) Gecko Firefox/11.0 (via ggpht.com GoogleImageProxy)
175509887,2025-10-08T10:37:56.447Z,carrulla.william@orange.fr,newsletter,everyone,true,FR,,,,,,Mozilla/5.0
175509887,2025-10-08T10:51:48.816Z,somialvi@gmail.com,newsletter,everyone,true,US,,,,,,Mozilla/5.0 (Windows NT 5.1; rv:11.0) Gecko Firefox/11.0 (via ggpht.com GoogleImageProxy)
175509887,2025-10-08T12:26:47.873Z,laetitiadebard64@gmail.com,newsletter,everyone,true,US,,,,,,Mozilla/5.0 (Windows NT 5.1; rv:11.0) Gecko Firefox/11.0 (via ggpht.com GoogleImageProxy)
175509887,2025-10-08T12:27:31.948Z,laetitiadebard64@gmail.com,newsletter,everyone,true,US,,,,,,Mozilla/5.0 (Windows NT 5.1; rv:11.0) Gecko Firefox/11.0 (via ggpht.com GoogleImageProxy)
175509887,2025-10-08T13:15:18.237Z,marieperrenot@yahoo.fr,newsletter,everyone,true,NL,,,,,,YahooMailProxy; https://help.yahoo.com/kb/yahoo-mail-proxy-SLN28749.html
175509887,2025-10-08T13:20:29.954Z,bakaybea@gmail.com,newsletter,everyone,true,US,,,,,,Mozilla/5.0 (Windows NT 5.1; rv:11.0) Gecko Firefox/11.0 (via ggpht.com GoogleImageProxy)
175509887,2025-10-08T13:39:52.339Z,geraldine_hafkemeijer@hotmail.com,newsletter,everyone,true,NL,,,,,,Mozilla/5.0
175509887,2025-10-08T13:46:53.808Z,marieperrenot@yahoo.fr,newsletter,everyone,true,IE,,,,,,YahooMailProxy; https://help.yahoo.com/kb/yahoo-mail-proxy-SLN28749.html
175509887,2025-10-08T13:46:59.155Z,marieperrenot@yahoo.fr,newsletter,everyone,true,IE,,,,,,YahooMailProxy; https://help.yahoo.com/kb/yahoo-mail-proxy-SLN28749.html
175509887,2025-10-08T13:47:02.459Z,marieperrenot@yahoo.fr,newsletter,everyone,true,IE,,,,,,YahooMailProxy; https://help.yahoo.com/kb/yahoo-mail-proxy-SLN28749.html
175509887,2025-10-08T13:58:39.755Z,marieperrenot@yahoo.fr,newsletter,everyone,true,NL,,,,,,YahooMailProxy; https://help.yahoo.com/kb/yahoo-mail-proxy-SLN28749.html
175509887,2025-10-08T14:28:16.227Z,somialvi@gmail.com,newsletter,everyone,true,FR,,,,,,Mozilla/5.0 (Windows NT 10.0; Win64; x64; rv:143.0) Gecko/20100101 Thunderbird/143.0.1
175509887,2025-10-08T14:28:27.495Z,somialvi@gmail.com,newsletter,everyone,true,FR,,,,,,Mozilla/5.0 (Windows NT 10.0; Win64; x64; rv:143.0) Gecko/20100101 Thunderbird/143.0.1
175509887,2025-10-08T14:28:34.633Z,somialvi@gmail.com,newsletter,everyone,true,FR,,,,,,Mozilla/5.0 (Windows NT 10.0; Win64; x64; rv:143.0) Gecko/20100101 Thunderbird/143.0.1
175509887,2025-10-08T14:29:10.608Z,somialvi@gmail.com,newsletter,everyone,true,FR,,,,,,Mozilla/5.0 (Windows NT 10.0; Win64; x64; rv:143.0) Gecko/20100101 Thunderbird/143.0.1
175509887,2025-10-08T15:37:33.157Z,gabriella.daher@free.fr,newsletter,everyone,true,FR,,,,,,Mozilla/5.0
175509887,2025-10-08T15:50:31.927Z,gabriella.daher@free.fr,newsletter,everyone,true,FR,,,,,,Mozilla/5.0
175509887,2025-10-08T16:04:29.484Z,karinba7@gmail.com,newsletter,everyone,true,US,,,,,,Mozilla/5.0 (Windows NT 5.1; rv:11.0) Gecko Firefox/11.0 (via ggpht.com GoogleImageProxy)
175509887,2025-10-08T21:14:23.851Z,duhaldebordebernadette@orange.fr,newsletter,everyone,true,FR,,,,,,Mozilla/5.0
175509887,2025-10-08T21:40:36.551Z,hiriartclement@gmail.com,newsletter,everyone,true,US,,,,,,Mozilla/5.0
175509887,2025-10-08T21:53:09.052Z,france.pittoresque@gmail.com,newsletter,everyone,true,FR,,,,,,Mozilla/5.0 (Windows NT 10.0; Win64; x64; rv:140.0) Gecko/20100101 Thunderbird/140.3.1
175509887,2025-10-09T03:35:26.166Z,madx93320@gmail.com,newsletter,everyone,true,US,,,,,,Mozilla/5.0 (Windows NT 5.1; rv:11.0) Gecko Firefox/11.0 (via ggpht.com GoogleImageProxy)
175509887,2025-10-09T03:40:18.172Z,lucilesarda38@gmail.com,newsletter,everyone,true,US,,,,,,Mozilla/5.0 (Windows NT 5.1; rv:11.0) Gecko Firefox/11.0 (via ggpht.com GoogleImageProxy)
175509887,2025-10-09T05:54:46.348Z,flomaps@gmail.com,newsletter,everyone,true,US,,,,,,Mozilla/5.0 (Windows NT 5.1; rv:11.0) Gecko Firefox/11.0 (via ggpht.com GoogleImageProxy)
175509887,2025-10-09T08:35:45.489Z,lucreceamigues@gmail.com,newsletter,everyone,true,US,,,,,,Mozilla/5.0 (Windows NT 5.1; rv:11.0) Gecko Firefox/11.0 (via ggpht.com GoogleImageProxy)
175509887,2025-10-09T17:47:31.004Z,achard.luc@wanadoo.fr,newsletter,everyone,true,US,,,,,,Mozilla/5.0
175509887,2025-10-09T18:10:54.726Z,chris3005chp@gmail.com,newsletter,everyone,true,BD,,,,,,Mozilla/5.0
175509887,2025-10-10T03:24:50.202Z,lucilesarda38@gmail.com,newsletter,everyone,true,US,,,,,,Mozilla/5.0 (Windows NT 5.1; rv:11.0) Gecko Firefox/11.0 (via ggpht.com GoogleImageProxy)
175509887,2025-10-10T10:29:03.168Z,france.pittoresque@gmail.com,newsletter,everyone,true,FR,,,,,,Mozilla/5.0 (Windows NT 10.0; Win64; x64; rv:140.0) Gecko/20100101 Thunderbird/140.3.1
175509887,2025-10-10T17:55:26.252Z,lorine.basquebouvier@gmail.com,newsletter,everyone,true,FR,,,,,,Mozilla/5.0
175509887,2025-10-11T05:01:10.397Z,madx93320@gmail.com,newsletter,everyone,true,US,,,,,,Mozilla/5.0 (Windows NT 5.1; rv:11.0) Gecko Firefox/11.0 (via ggpht.com GoogleImageProxy)
175509887,2025-10-12T14:51:45.518Z,hiriartclement@gmail.com,newsletter,everyone,true,US,,,,,,Mozilla/5.0 (Windows NT 5.1; rv:11.0) Gecko Firefox/11.0 (via ggpht.com GoogleImageProxy)
175509887,2025-10-26T00:52:18.125Z,lorine.basquebouvier@gmail.com,newsletter,everyone,true,US,,,,,,Mozilla/5.0
175509887,2025-10-27T09:26:07.351Z,sidonie.cieutat@yahoo.fr,newsletter,everyone,true,US,,,,,,Mozilla/5.0
175509887,2025-11-03T14:06:15.969Z,etienne.roussin@gmail.com,newsletter,everyone,true,CA,,,,,,Mozilla/5.0
