post_id,timestamp,email,post_type,post_audience,active_subscription
175509887,2025-10-08T04:55:16.260Z,virginie.blazy@gmail.com,newsletter,everyone,true
175509887,2025-10-08T04:55:16.455Z,prof.georges.raad@gmail.com,newsletter,everyone,true
175509887,2025-10-08T04:55:16.886Z,karinba7@gmail.com,newsletter,everyone,true
175509887,2025-10-08T04:55:16.969Z,alethdefonscolombe@gmail.com,newsletter,everyone,true
175509887,2025-10-08T04:55:17.009Z,france.pittoresque@gmail.com,newsletter,everyone,true
175509887,2025-10-08T04:55:17.032Z,geraldine_hafkemeijer@hotmail.com,newsletter,everyone,true
175509887,2025-10-08T04:55:17.106Z,keraudrenp501@gmail.com,newsletter,everyone,true
175509887,2025-10-08T04:55:17.117Z,dufour.jx@gmail.com,newsletter,everyone,true
175509887,2025-10-08T04:55:17.118Z,chris3005chp@gmail.com,newsletter,everyone,true
175509887,2025-10-08T04:55:17.248Z,sauzeatboris@gmail.com,newsletter,everyone,true
175509887,2025-10-08T04:55:17.267Z,etienne.roussin@gmail.com,newsletter,everyone,true
175509887,2025-10-08T04:55:17.346Z,flomaps@gmail.com,newsletter,everyone,true
175509887,2025-10-08T04:55:17.561Z,raad.brazil@gmail.com,newsletter,everyone,true
175509887,2025-10-08T04:55:17.576Z,somialvi@gmail.com,newsletter,everyone,true
175509887,2025-10-08T04:55:17.578Z,bakaybea@gmail.com,newsletter,everyone,true
175509887,2025-10-08T04:55:17.638Z,lea.tipi@gmail.com,newsletter,everyone,true
175509887,2025-10-08T04:55:17.670Z,keraudrenp.501@gmail.com,newsletter,everyone,true
175509887,2025-10-08T04:55:17.712Z,guillaumesrz65@gmail.com,newsletter,everyone,true
175509887,2025-10-08T04:55:17.746Z,lorine.basquebouvier@gmail.com,newsletter,everyone,true
175509887,2025-10-08T04:55:17.753Z,madx93320@gmail.com,newsletter,everyone,true
175509887,2025-10-08T04:55:17.786Z,sidonie.cieutat@yahoo.fr,newsletter,everyone,true
175509887,2025-10-08T04:55:17.798Z,lucreceamigues@gmail.com,newsletter,everyone,true
175509887,2025-10-08T04:55:17.878Z,hiriartclement@gmail.com,newsletter,everyone,true
175509887,2025-10-08T04:55:17.911Z,jules.es@hotmail.fr,newsletter,everyone,true
175509887,2025-10-08T04:55:18.057Z,fabienne.bastien1234@gmail.com,newsletter,everyone,true
175509887,2025-10-08T04:55:18.127Z,carrulla.william@orange.fr,newsletter,everyone,true
175509887,2025-10-08T04:55:18.223Z,lucilesarda38@gmail.com,newsletter,everyone,true
175509887,2025-10-08T04:55:18.232Z,laetitiadebard64@gmail.com,newsletter,everyone,true
175509887,2025-10-08T04:55:18.301Z,edy.custine@orange.fr,newsletter,everyone,true
175509887,2025-10-08T04:55:18.601Z,marieperrenot@yahoo.fr,newsletter,everyone,true
175509887,2025-10-08T04:55:18.619Z,Larousse44@orange.fr,newsletter,everyone,true
175509887,2025-10-08T04:55:18.658Z,marie-helene.soulier0705@orange.fr,newsletter,everyone,true
175509887,2025-10-08T04:55:18.827Z,fabasphil@yahoo.fr,newsletter,everyone,true
175509887,2025-10-08T04:55:19.034Z,aamayon@gmail.com,newsletter,everyone,true
175509887,2025-10-08T04:55:19.203Z,agnes.lagrolet@orange.fr,newsletter,everyone,true
175509887,2025-10-08T04:55:19.228Z,cpnioche@outlook.com,newsletter,everyone,true
175509887,2025-10-08T04:55:19.450Z,mfranc@csm.fr,newsletter,everyone,true
175509887,2025-10-08T04:55:19.648Z,duhaldebordebernadette@orange.fr,newsletter,everyone,true
175509887,2025-10-08T04:55:19.784Z,achard.luc@wanadoo.fr,newsletter,everyone,true
175509887,2025-10-08T04:55:19.895Z,gabriella.daher@free.fr,newsletter,everyone,true
175509887,2025-10-08T04:55:20.160Z,edouardhusson022@protonmail.com,newsletter,everyone,true
175509887,2025-10-08T04:55:30.369Z,sandunad1958@gmail.com,newsletter,everyone,true
