post_id,timestamp,email,post_type,post_audience,active_subscription
175613227,2025-10-09T03:05:31.064Z,sandunad1958@gmail.com,newsletter,everyone,true
175613227,2025-10-09T03:05:31.582Z,chris3005chp@gmail.com,newsletter,everyone,true
175613227,2025-10-09T03:05:31.653Z,dufour.jx@gmail.com,newsletter,everyone,true
175613227,2025-10-09T03:05:31.718Z,geraldine_hafkemeijer@hotmail.com,newsletter,everyone,true
175613227,2025-10-09T03:05:31.735Z,prof.georges.raad@gmail.com,newsletter,everyone,true
175613227,2025-10-09T03:05:31.754Z,france.pittoresque@gmail.com,newsletter,everyone,true
175613227,2025-10-09T03:05:31.845Z,keraudrenp.501@gmail.com,newsletter,everyone,true
175613227,2025-10-09T03:05:32.202Z,keraudrenp501@gmail.com,newsletter,everyone,true
175613227,2025-10-09T03:05:32.408Z,virginie.blazy@gmail.com,newsletter,everyone,true
175613227,2025-10-09T03:05:32.468Z,etienne.roussin@gmail.com,newsletter,everyone,true
175613227,2025-10-09T03:05:32.534Z,sauzeatboris@gmail.com,newsletter,everyone,true
175613227,2025-10-09T03:05:32.753Z,alethdefonscolombe@gmail.com,newsletter,everyone,true
175613227,2025-10-09T03:05:32.805Z,karinba7@gmail.com,newsletter,everyone,true
175613227,2025-10-09T03:05:32.977Z,Larousse44@orange.fr,newsletter,everyone,true
175613227,2025-10-09T03:05:33.114Z,raad.brazil@gmail.com,newsletter,everyone,true
175613227,2025-10-09T03:05:33.175Z,edy.custine@orange.fr,newsletter,everyone,true
175613227,2025-10-09T03:05:33.183Z,fabienne.bastien1234@gmail.com,newsletter,everyone,true
175613227,2025-10-09T03:05:33.419Z,lucilesarda38@gmail.com,newsletter,everyone,true
175613227,2025-10-09T03:05:33.433Z,hiriartclement@gmail.com,newsletter,everyone,true
175613227,2025-10-09T03:05:33.474Z,madx93320@gmail.com,newsletter,everyone,true
175613227,2025-10-09T03:05:33.514Z,aamayon@gmail.com,newsletter,everyone,true
175613227,2025-10-09T03:05:33.527Z,lucreceamigues@gmail.com,newsletter,everyone,true
175613227,2025-10-09T03:05:33.529Z,bakaybea@gmail.com,newsletter,everyone,true
175613227,2025-10-09T03:05:33.589Z,sidonie.cieutat@yahoo.fr,newsletter,everyone,true
175613227,2025-10-09T03:05:33.596Z,guillaumesrz65@gmail.com,newsletter,everyone,true
175613227,2025-10-09T03:05:33.620Z,jules.es@hotmail.fr,newsletter,everyone,true
175613227,2025-10-09T03:05:33.694Z,lorine.basquebouvier@gmail.com,newsletter,everyone,true
175613227,2025-10-09T03:05:33.701Z,laetitiadebard64@gmail.com,newsletter,everyone,true
175613227,2025-10-09T03:05:33.835Z,flomaps@gmail.com,newsletter,everyone,true
175613227,2025-10-09T03:05:33.958Z,somialvi@gmail.com,newsletter,everyone,true
175613227,2025-10-09T03:05:34.048Z,duhaldebordebernadette@orange.fr,newsletter,everyone,true
175613227,2025-10-09T03:05:34.173Z,lea.tipi@gmail.com,newsletter,everyone,true
175613227,2025-10-09T03:05:34.582Z,fabasphil@yahoo.fr,newsletter,everyone,true
175613227,2025-10-09T03:05:34.816Z,mfranc@csm.fr,newsletter,everyone,true
175613227,2025-10-09T03:05:34.919Z,cpnioche@outlook.com,newsletter,everyone,true
175613227,2025-10-09T03:05:35.247Z,edouardhusson022@protonmail.com,newsletter,everyone,true
175613227,2025-10-09T03:05:36.126Z,gabriella.daher@free.fr,newsletter,everyone,true
175613227,2025-10-09T03:05:36.220Z,carrulla.william@orange.fr,newsletter,everyone,true
175613227,2025-10-09T03:05:38.561Z,marieperrenot@yahoo.fr,newsletter,everyone,true
175613227,2025-10-09T03:06:38.707Z,agnes.lagrolet@orange.fr,newsletter,everyone,true
175613227,2025-10-09T03:07:13.898Z,achard.luc@wanadoo.fr,newsletter,everyone,true
175613227,2025-10-09T03:07:22.630Z,marie-helene.soulier0705@orange.fr,newsletter,everyone,true
