post_id,timestamp,email,post_type,post_audience,active_subscription
175796515,2025-10-11T03:05:21.335Z,sandunad1958@gmail.com,newsletter,everyone,true
175796515,2025-10-11T03:05:21.560Z,keraudrenp.501@gmail.com,newsletter,everyone,true
175796515,2025-10-11T03:05:21.668Z,prof.georges.raad@gmail.com,newsletter,everyone,true
175796515,2025-10-11T03:05:21.677Z,etienne.roussin@gmail.com,newsletter,everyone,true
175796515,2025-10-11T03:05:21.700Z,france.pittoresque@gmail.com,newsletter,everyone,true
175796515,2025-10-11T03:05:21.795Z,chris3005chp@gmail.com,newsletter,everyone,true
175796515,2025-10-11T03:05:22.116Z,keraudrenp501@gmail.com,newsletter,everyone,true
175796515,2025-10-11T03:05:22.357Z,dufour.jx@gmail.com,newsletter,everyone,true
175796515,2025-10-11T03:05:22.363Z,sauzeatboris@gmail.com,newsletter,everyone,true
175796515,2025-10-11T03:05:22.625Z,virginie.blazy@gmail.com,newsletter,everyone,true
175796515,2025-10-11T03:05:23.485Z,sidonie.cieutat@yahoo.fr,newsletter,everyone,true
175796515,2025-10-11T03:05:23.663Z,geraldine_hafkemeijer@hotmail.com,newsletter,everyone,true
175796515,2025-10-11T03:05:23.783Z,carrulla.william@orange.fr,newsletter,everyone,true
175796515,2025-10-11T03:05:23.792Z,Larousse44@orange.fr,newsletter,everyone,true
175796515,2025-10-11T03:05:24.251Z,laetitiadebard64@gmail.com,newsletter,everyone,true
175796515,2025-10-11T03:05:24.338Z,raad.brazil@gmail.com,newsletter,everyone,true
175796515,2025-10-11T03:05:24.362Z,marie-helene.soulier0705@orange.fr,newsletter,everyone,true
175796515,2025-10-11T03:05:24.368Z,aamayon@gmail.com,newsletter,everyone,true
175796515,2025-10-11T03:05:24.369Z,somialvi@gmail.com,newsletter,everyone,true
175796515,2025-10-11T03:05:24.470Z,lucilesarda38@gmail.com,newsletter,everyone,true
175796515,2025-10-11T03:05:24.556Z,lucreceamigues@gmail.com,newsletter,everyone,true
175796515,2025-10-11T03:05:24.601Z,karinba7@gmail.com,newsletter,everyone,true
175796515,2025-10-11T03:05:24.605Z,lorine.basquebouvier@gmail.com,newsletter,everyone,true
175796515,2025-10-11T03:05:24.732Z,hiriartclement@gmail.com,newsletter,everyone,true
175796515,2025-10-11T03:05:24.757Z,flomaps@gmail.com,newsletter,everyone,true
175796515,2025-10-11T03:05:24.805Z,edouardhusson022@protonmail.com,newsletter,everyone,true
175796515,2025-10-11T03:05:25.029Z,guillaumesrz65@gmail.com,newsletter,everyone,true
175796515,2025-10-11T03:05:25.043Z,lea.tipi@gmail.com,newsletter,everyone,true
175796515,2025-10-11T03:05:25.179Z,madx93320@gmail.com,newsletter,everyone,true
175796515,2025-10-11T03:05:25.281Z,jules.es@hotmail.fr,newsletter,everyone,true
175796515,2025-10-11T03:05:25.465Z,gabriella.daher@free.fr,newsletter,everyone,true
175796515,2025-10-11T03:05:25.504Z,bakaybea@gmail.com,newsletter,everyone,true
175796515,2025-10-11T03:05:25.667Z,fabasphil@yahoo.fr,newsletter,everyone,true
175796515,2025-10-11T03:05:25.772Z,achard.luc@wanadoo.fr,newsletter,everyone,true
175796515,2025-10-11T03:05:25.784Z,edy.custine@orange.fr,newsletter,everyone,true
175796515,2025-10-11T03:05:25.791Z,alethdefonscolombe@gmail.com,newsletter,everyone,true
175796515,2025-10-11T03:05:25.817Z,fabienne.bastien1234@gmail.com,newsletter,everyone,true
175796515,2025-10-11T03:05:26.291Z,duhaldebordebernadette@orange.fr,newsletter,everyone,true
175796515,2025-10-11T03:05:26.536Z,mfranc@csm.fr,newsletter,everyone,true
175796515,2025-10-11T03:05:27.781Z,agnes.lagrolet@orange.fr,newsletter,everyone,true
175796515,2025-10-11T03:05:29.650Z,marieperrenot@yahoo.fr,newsletter,everyone,true
175796515,2025-10-11T03:05:31.116Z,cpnioche@outlook.com,newsletter,everyone,true
