post_id,timestamp,email,post_type,post_audience,active_subscription
175700404,2025-10-10T03:05:30.150Z,sandunad1958@gmail.com,newsletter,everyone,true
175700404,2025-10-10T03:05:30.254Z,marie-helene.soulier0705@orange.fr,newsletter,everyone,true
175700404,2025-10-10T03:05:30.384Z,geraldine_hafkemeijer@hotmail.com,newsletter,everyone,true
175700404,2025-10-10T03:05:30.641Z,etienne.roussin@gmail.com,newsletter,everyone,true
175700404,2025-10-10T03:05:30.644Z,prof.georges.raad@gmail.com,newsletter,everyone,true
175700404,2025-10-10T03:05:30.671Z,dufour.jx@gmail.com,newsletter,everyone,true
175700404,2025-10-10T03:05:30.740Z,chris3005chp@gmail.com,newsletter,everyone,true
175700404,2025-10-10T03:05:31.150Z,keraudrenp.501@gmail.com,newsletter,everyone,true
175700404,2025-10-10T03:05:31.348Z,france.pittoresque@gmail.com,newsletter,everyone,true
175700404,2025-10-10T03:05:31.565Z,sauzeatboris@gmail.com,newsletter,everyone,true
175700404,2025-10-10T03:05:31.951Z,carrulla.william@orange.fr,newsletter,everyone,true
175700404,2025-10-10T03:05:32.128Z,Larousse44@orange.fr,newsletter,everyone,true
175700404,2025-10-10T03:05:32.449Z,alethdefonscolombe@gmail.com,newsletter,everyone,true
175700404,2025-10-10T03:05:32.603Z,keraudrenp501@gmail.com,newsletter,everyone,true
175700404,2025-10-10T03:05:32.742Z,somialvi@gmail.com,newsletter,everyone,true
175700404,2025-10-10T03:05:32.760Z,karinba7@gmail.com,newsletter,everyone,true
175700404,2025-10-10T03:05:32.851Z,lucreceamigues@gmail.com,newsletter,everyone,true
175700404,2025-10-10T03:05:32.876Z,lea.tipi@gmail.com,newsletter,everyone,true
175700404,2025-10-10T03:05:32.879Z,flomaps@gmail.com,newsletter,everyone,true
175700404,2025-10-10T03:05:32.896Z,lorine.basquebouvier@gmail.com,newsletter,everyone,true
175700404,2025-10-10T03:05:32.900Z,fabienne.bastien1234@gmail.com,newsletter,everyone,true
175700404,2025-10-10T03:05:32.926Z,bakaybea@gmail.com,newsletter,everyone,true
175700404,2025-10-10T03:05:32.942Z,hiriartclement@gmail.com,newsletter,everyone,true
175700404,2025-10-10T03:05:32.982Z,lucilesarda38@gmail.com,newsletter,everyone,true
175700404,2025-10-10T03:05:33.073Z,aamayon@gmail.com,newsletter,everyone,true
175700404,2025-10-10T03:05:33.089Z,guillaumesrz65@gmail.com,newsletter,everyone,true
175700404,2025-10-10T03:05:33.143Z,duhaldebordebernadette@orange.fr,newsletter,everyone,true
175700404,2025-10-10T03:05:33.161Z,agnes.lagrolet@orange.fr,newsletter,everyone,true
175700404,2025-10-10T03:05:33.187Z,virginie.blazy@gmail.com,newsletter,everyone,true
175700404,2025-10-10T03:05:33.190Z,edy.custine@orange.fr,newsletter,everyone,true
175700404,2025-10-10T03:05:33.332Z,achard.luc@wanadoo.fr,newsletter,everyone,true
175700404,2025-10-10T03:05:33.369Z,sidonie.cieutat@yahoo.fr,newsletter,everyone,true
175700404,2025-10-10T03:05:33.567Z,jules.es@hotmail.fr,newsletter,everyone,true
175700404,2025-10-10T03:05:33.607Z,cpnioche@outlook.com,newsletter,everyone,true
175700404,2025-10-10T03:05:33.691Z,marieperrenot@yahoo.fr,newsletter,everyone,true
175700404,2025-10-10T03:05:33.871Z,mfranc@csm.fr,newsletter,everyone,true
175700404,2025-10-10T03:05:33.887Z,raad.brazil@gmail.com,newsletter,everyone,true
175700404,2025-10-10T03:05:33.920Z,madx93320@gmail.com,newsletter,everyone,true
175700404,2025-10-10T03:05:34.148Z,laetitiadebard64@gmail.com,newsletter,everyone,true
175700404,2025-10-10T03:05:34.796Z,edouardhusson022@protonmail.com,newsletter,everyone,true
175700404,2025-10-10T03:05:35.264Z,fabasphil@yahoo.fr,newsletter,everyone,true
175700404,2025-10-10T03:15:35.277Z,gabriella.daher@free.fr,newsletter,everyone,true
