post_id,timestamp,email,post_type,post_audience,active_subscription
175876244,2025-10-12T03:05:26.180Z,psycorbo@gmail.com,newsletter,everyone,true
175876244,2025-10-12T03:05:27.013Z,sandunad1958@gmail.com,newsletter,everyone,true
175876244,2025-10-12T03:05:27.572Z,dufour.jx@gmail.com,newsletter,everyone,true
175876244,2025-10-12T03:05:27.602Z,chris3005chp@gmail.com,newsletter,everyone,true
175876244,2025-10-12T03:05:27.626Z,etienne.roussin@gmail.com,newsletter,everyone,true
175876244,2025-10-12T03:05:27.720Z,france.pittoresque@gmail.com,newsletter,everyone,true
175876244,2025-10-12T03:05:27.765Z,marie-helene.soulier0705@orange.fr,newsletter,everyone,true
175876244,2025-10-12T03:05:27.768Z,prof.georges.raad@gmail.com,newsletter,everyone,true
175876244,2025-10-12T03:05:27.933Z,keraudrenp501@gmail.com,newsletter,everyone,true
175876244,2025-10-12T03:05:27.938Z,geraldine_hafkemeijer@hotmail.com,newsletter,everyone,true
175876244,2025-10-12T03:05:27.975Z,keraudrenp.501@gmail.com,newsletter,everyone,true
175876244,2025-10-12T03:05:29.810Z,edouardhusson022@protonmail.com,newsletter,everyone,true
175876244,2025-10-12T03:05:30.143Z,sauzeatboris@gmail.com,newsletter,everyone,true
175876244,2025-10-12T03:05:30.330Z,virginie.blazy@gmail.com,newsletter,everyone,true
175876244,2025-10-12T03:05:31.300Z,Larousse44@orange.fr,newsletter,everyone,true
175876244,2025-10-12T03:05:31.420Z,somialvi@gmail.com,newsletter,everyone,true
175876244,2025-10-12T03:05:31.461Z,lorine.basquebouvier@gmail.com,newsletter,everyone,true
175876244,2025-10-12T03:05:31.474Z,alethdefonscolombe@gmail.com,newsletter,everyone,true
175876244,2025-10-12T03:05:31.531Z,lucilesarda38@gmail.com,newsletter,everyone,true
175876244,2025-10-12T03:05:31.532Z,lea.tipi@gmail.com,newsletter,everyone,true
175876244,2025-10-12T03:05:31.620Z,flomaps@gmail.com,newsletter,everyone,true
175876244,2025-10-12T03:05:31.639Z,lucreceamigues@gmail.com,newsletter,everyone,true
175876244,2025-10-12T03:05:31.684Z,guillaumesrz65@gmail.com,newsletter,everyone,true
175876244,2025-10-12T03:05:31.686Z,karinba7@gmail.com,newsletter,everyone,true
175876244,2025-10-12T03:05:31.739Z,raad.brazil@gmail.com,newsletter,everyone,true
175876244,2025-10-12T03:05:32.015Z,carrulla.william@orange.fr,newsletter,everyone,true
175876244,2025-10-12T03:05:32.293Z,jules.es@hotmail.fr,newsletter,everyone,true
175876244,2025-10-12T03:05:32.552Z,agnes.lagrolet@orange.fr,newsletter,everyone,true
175876244,2025-10-12T03:05:32.563Z,sidonie.cieutat@yahoo.fr,newsletter,everyone,true
175876244,2025-10-12T03:05:32.687Z,marieperrenot@yahoo.fr,newsletter,everyone,true
175876244,2025-10-12T03:05:32.726Z,gabriella.daher@free.fr,newsletter,everyone,true
175876244,2025-10-12T03:05:32.770Z,duhaldebordebernadette@orange.fr,newsletter,everyone,true
175876244,2025-10-12T03:05:32.926Z,laetitiadebard64@gmail.com,newsletter,everyone,true
175876244,2025-10-12T03:05:33.002Z,aamayon@gmail.com,newsletter,everyone,true
175876244,2025-10-12T03:05:33.114Z,fabienne.bastien1234@gmail.com,newsletter,everyone,true
175876244,2025-10-12T03:05:33.122Z,bakaybea@gmail.com,newsletter,everyone,true
175876244,2025-10-12T03:05:33.159Z,edy.custine@orange.fr,newsletter,everyone,true
175876244,2025-10-12T03:05:33.214Z,hiriartclement@gmail.com,newsletter,everyone,true
175876244,2025-10-12T03:05:33.249Z,cpnioche@outlook.com,newsletter,everyone,true
175876244,2025-10-12T03:05:33.329Z,madx93320@gmail.com,newsletter,everyone,true
175876244,2025-10-12T03:05:33.558Z,mfranc@csm.fr,newsletter,everyone,true
175876244,2025-10-12T03:05:33.577Z,fabasphil@yahoo.fr,newsletter,everyone,true
175876244,2025-10-12T03:05:34.510Z,achard.luc@wanadoo.fr,newsletter,everyone,true
