post_id,timestamp,email,post_type,post_audience,active_subscription
175962410,2025-10-13T03:04:17.110Z,sandunad1958@gmail.com,newsletter,everyone,true
175962410,2025-10-13T03:04:17.176Z,france.pittoresque@gmail.com,newsletter,everyone,true
175962410,2025-10-13T03:04:17.208Z,psycorbo@gmail.com,newsletter,everyone,true
175962410,2025-10-13T03:04:17.261Z,prof.georges.raad@gmail.com,newsletter,everyone,true
175962410,2025-10-13T03:04:17.280Z,marie-helene.soulier0705@orange.fr,newsletter,everyone,true
175962410,2025-10-13T03:04:17.359Z,etienne.roussin@gmail.com,newsletter,everyone,true
175962410,2025-10-13T03:04:17.423Z,dufour.jx@gmail.com,newsletter,everyone,true
175962410,2025-10-13T03:04:17.490Z,keraudrenp.501@gmail.com,newsletter,everyone,true
175962410,2025-10-13T03:04:17.490Z,keraudrenp501@gmail.com,newsletter,everyone,true
175962410,2025-10-13T03:04:17.515Z,chris3005chp@gmail.com,newsletter,everyone,true
175962410,2025-10-13T03:04:17.626Z,sauzeatboris@gmail.com,newsletter,everyone,true
175962410,2025-10-13T03:04:18.161Z,sidonie.cieutat@yahoo.fr,newsletter,everyone,true
175962410,2025-10-13T03:04:18.440Z,alethdefonscolombe@gmail.com,newsletter,everyone,true
175962410,2025-10-13T03:04:18.583Z,laetitiadebard64@gmail.com,newsletter,everyone,true
175962410,2025-10-13T03:04:18.607Z,raad.brazil@gmail.com,newsletter,everyone,true
175962410,2025-10-13T03:04:18.640Z,edy.custine@orange.fr,newsletter,everyone,true
175962410,2025-10-13T03:04:18.692Z,aamayon@gmail.com,newsletter,everyone,true
175962410,2025-10-13T03:04:18.712Z,somialvi@gmail.com,newsletter,everyone,true
175962410,2025-10-13T03:04:18.771Z,lucreceamigues@gmail.com,newsletter,everyone,true
175962410,2025-10-13T03:04:18.837Z,lucilesarda38@gmail.com,newsletter,everyone,true
175962410,2025-10-13T03:04:18.840Z,lea.tipi@gmail.com,newsletter,everyone,true
175962410,2025-10-13T03:04:18.850Z,guillaumesrz65@gmail.com,newsletter,everyone,true
175962410,2025-10-13T03:04:18.880Z,bakaybea@gmail.com,newsletter,everyone,true
175962410,2025-10-13T03:04:18.904Z,flomaps@gmail.com,newsletter,everyone,true
175962410,2025-10-13T03:04:18.906Z,karinba7@gmail.com,newsletter,everyone,true
175962410,2025-10-13T03:04:18.997Z,madx93320@gmail.com,newsletter,everyone,true
175962410,2025-10-13T03:04:19.044Z,hiriartclement@gmail.com,newsletter,everyone,true
175962410,2025-10-13T03:04:19.089Z,jules.es@hotmail.fr,newsletter,everyone,true
175962410,2025-10-13T03:04:19.094Z,gabriella.daher@free.fr,newsletter,everyone,true
175962410,2025-10-13T03:04:19.201Z,agnes.lagrolet@orange.fr,newsletter,everyone,true
175962410,2025-10-13T03:04:19.249Z,virginie.blazy@gmail.com,newsletter,everyone,true
175962410,2025-10-13T03:04:19.256Z,fabienne.bastien1234@gmail.com,newsletter,everyone,true
175962410,2025-10-13T03:04:19.707Z,lorine.basquebouvier@gmail.com,newsletter,everyone,true
175962410,2025-10-13T03:04:19.884Z,achard.luc@wanadoo.fr,newsletter,everyone,true
175962410,2025-10-13T03:04:19.944Z,fabasphil@yahoo.fr,newsletter,everyone,true
175962410,2025-10-13T03:04:20.084Z,marieperrenot@yahoo.fr,newsletter,everyone,true
175962410,2025-10-13T03:04:20.110Z,cpnioche@outlook.com,newsletter,everyone,true
175962410,2025-10-13T03:04:20.847Z,mfranc@csm.fr,newsletter,everyone,true
175962410,2025-10-13T03:04:20.991Z,edouardhusson022@protonmail.com,newsletter,everyone,true
175962410,2025-10-13T03:05:20.718Z,Larousse44@orange.fr,newsletter,everyone,true
175962410,2025-10-13T03:05:45.593Z,duhaldebordebernadette@orange.fr,newsletter,everyone,true
175962410,2025-10-13T03:06:06.499Z,carrulla.william@orange.fr,newsletter,everyone,true
