post_id,timestamp,email,post_type,post_audience,active_subscription
176024374,2025-10-14T04:04:40.959Z,chris3005chp@gmail.com,newsletter,everyone,true
176024374,2025-10-14T04:04:41.077Z,prof.georges.raad@gmail.com,newsletter,everyone,true
176024374,2025-10-14T04:04:41.200Z,keraudrenp.501@gmail.com,newsletter,everyone,true
176024374,2025-10-14T04:04:41.203Z,france.pittoresque@gmail.com,newsletter,everyone,true
176024374,2025-10-14T04:04:41.340Z,sandunad1958@gmail.com,newsletter,everyone,true
176024374,2025-10-14T04:04:41.429Z,psycorbo@gmail.com,newsletter,everyone,true
176024374,2025-10-14T04:04:41.450Z,keraudrenp501@gmail.com,newsletter,everyone,true
176024374,2025-10-14T04:04:41.519Z,alethdefonscolombe@gmail.com,newsletter,everyone,true
176024374,2025-10-14T04:04:41.644Z,flomaps@gmail.com,newsletter,everyone,true
176024374,2025-10-14T04:04:41.799Z,etienne.roussin@gmail.com,newsletter,everyone,true
176024374,2025-10-14T04:04:41.940Z,lorine.basquebouvier@gmail.com,newsletter,everyone,true
176024374,2025-10-14T04:04:41.970Z,lea.tipi@gmail.com,newsletter,everyone,true
176024374,2025-10-14T04:04:42.036Z,hiriartclement@gmail.com,newsletter,everyone,true
176024374,2025-10-14T04:04:42.048Z,raad.brazil@gmail.com,newsletter,everyone,true
176024374,2025-10-14T04:04:42.050Z,bakaybea@gmail.com,newsletter,everyone,true
176024374,2025-10-14T04:04:42.074Z,lucilesarda38@gmail.com,newsletter,everyone,true
176024374,2025-10-14T04:04:42.078Z,laetitiadebard64@gmail.com,newsletter,everyone,true
176024374,2025-10-14T04:04:42.106Z,aamayon@gmail.com,newsletter,everyone,true
176024374,2025-10-14T04:04:42.114Z,guillaumesrz65@gmail.com,newsletter,everyone,true
176024374,2025-10-14T04:04:42.226Z,somialvi@gmail.com,newsletter,everyone,true
176024374,2025-10-14T04:04:42.253Z,madx93320@gmail.com,newsletter,everyone,true
176024374,2025-10-14T04:04:42.435Z,cpnioche@outlook.com,newsletter,everyone,true
176024374,2025-10-14T04:04:42.650Z,fabienne.bastien1234@gmail.com,newsletter,everyone,true
176024374,2025-10-14T04:04:42.743Z,lucreceamigues@gmail.com,newsletter,everyone,true
176024374,2025-10-14T04:04:42.753Z,fabasphil@yahoo.fr,newsletter,everyone,true
176024374,2025-10-14T04:04:42.916Z,karinba7@gmail.com,newsletter,everyone,true
176024374,2025-10-14T04:04:43.024Z,marieperrenot@yahoo.fr,newsletter,everyone,true
176024374,2025-10-14T04:04:43.092Z,gabriella.daher@free.fr,newsletter,everyone,true
176024374,2025-10-14T04:04:43.108Z,agnes.lagrolet@orange.fr,newsletter,everyone,true
176024374,2025-10-14T04:04:43.122Z,mfranc@csm.fr,newsletter,everyone,true
176024374,2025-10-14T04:04:43.134Z,sauzeatboris@gmail.com,newsletter,everyone,true
176024374,2025-10-14T04:04:43.179Z,virginie.blazy@gmail.com,newsletter,everyone,true
176024374,2025-10-14T04:04:43.371Z,jules.es@hotmail.fr,newsletter,everyone,true
176024374,2025-10-14T04:04:43.575Z,achard.luc@wanadoo.fr,newsletter,everyone,true
176024374,2025-10-14T04:04:43.636Z,carrulla.william@orange.fr,newsletter,everyone,true
176024374,2025-10-14T04:04:43.651Z,sidonie.cieutat@yahoo.fr,newsletter,everyone,true
176024374,2025-10-14T04:04:44.079Z,edouardhusson022@protonmail.com,newsletter,everyone,true
176024374,2025-10-14T04:14:45.880Z,marie-helene.soulier0705@orange.fr,newsletter,everyone,true
176024374,2025-10-14T04:14:47.731Z,edy.custine@orange.fr,newsletter,everyone,true
176024374,2025-10-14T04:29:48.969Z,duhaldebordebernadette@orange.fr,newsletter,everyone,true
176024374,2025-10-14T04:50:54.382Z,Larousse44@orange.fr,newsletter,everyone,true
