post_id,timestamp,email,post_type,post_audience,active_subscription
176133572,2025-10-15T03:08:23.323Z,sandunad1958@gmail.com,newsletter,everyone,true
176133572,2025-10-15T03:08:23.544Z,france.pittoresque@gmail.com,newsletter,everyone,true
176133572,2025-10-15T03:08:23.617Z,psycorbo@gmail.com,newsletter,everyone,true
176133572,2025-10-15T03:08:23.641Z,marie-helene.soulier0705@orange.fr,newsletter,everyone,true
176133572,2025-10-15T03:08:23.732Z,keraudrenp.501@gmail.com,newsletter,everyone,true
176133572,2025-10-15T03:08:23.768Z,keraudrenp501@gmail.com,newsletter,everyone,true
176133572,2025-10-15T03:08:23.812Z,chris3005chp@gmail.com,newsletter,everyone,true
176133572,2025-10-15T03:08:23.862Z,etienne.roussin@gmail.com,newsletter,everyone,true
176133572,2025-10-15T03:08:24.245Z,virginie.blazy@gmail.com,newsletter,everyone,true
176133572,2025-10-15T03:08:24.465Z,prof.georges.raad@gmail.com,newsletter,everyone,true
176133572,2025-10-15T03:08:24.562Z,karinba7@gmail.com,newsletter,everyone,true
176133572,2025-10-15T03:08:24.713Z,somialvi@gmail.com,newsletter,everyone,true
176133572,2025-10-15T03:08:24.794Z,lorine.basquebouvier@gmail.com,newsletter,everyone,true
176133572,2025-10-15T03:08:24.885Z,guillaumesrz65@gmail.com,newsletter,everyone,true
176133572,2025-10-15T03:08:24.904Z,lucilesarda38@gmail.com,newsletter,everyone,true
176133572,2025-10-15T03:08:24.913Z,flomaps@gmail.com,newsletter,everyone,true
176133572,2025-10-15T03:08:24.950Z,aamayon@gmail.com,newsletter,everyone,true
176133572,2025-10-15T03:08:24.967Z,hiriartclement@gmail.com,newsletter,everyone,true
176133572,2025-10-15T03:08:25.006Z,fabienne.bastien1234@gmail.com,newsletter,everyone,true
176133572,2025-10-15T03:08:25.057Z,achard.luc@wanadoo.fr,newsletter,everyone,true
176133572,2025-10-15T03:08:25.112Z,bakaybea@gmail.com,newsletter,everyone,true
176133572,2025-10-15T03:08:25.151Z,madx93320@gmail.com,newsletter,everyone,true
176133572,2025-10-15T03:08:25.248Z,alethdefonscolombe@gmail.com,newsletter,everyone,true
176133572,2025-10-15T03:08:25.252Z,lea.tipi@gmail.com,newsletter,everyone,true
176133572,2025-10-15T03:08:25.443Z,sidonie.cieutat@yahoo.fr,newsletter,everyone,true
176133572,2025-10-15T03:08:25.609Z,lucreceamigues@gmail.com,newsletter,everyone,true
176133572,2025-10-15T03:08:25.692Z,sauzeatboris@gmail.com,newsletter,everyone,true
176133572,2025-10-15T03:08:25.725Z,laetitiadebard64@gmail.com,newsletter,everyone,true
176133572,2025-10-15T03:08:25.734Z,fabasphil@yahoo.fr,newsletter,everyone,true
176133572,2025-10-15T03:08:25.867Z,marieperrenot@yahoo.fr,newsletter,everyone,true
176133572,2025-10-15T03:08:26.089Z,gabriella.daher@free.fr,newsletter,everyone,true
176133572,2025-10-15T03:08:26.121Z,Larousse44@orange.fr,newsletter,everyone,true
176133572,2025-10-15T03:08:26.268Z,edouardhusson022@protonmail.com,newsletter,everyone,true
176133572,2025-10-15T03:08:26.372Z,raad.brazil@gmail.com,newsletter,everyone,true
176133572,2025-10-15T03:08:26.430Z,cpnioche@outlook.com,newsletter,everyone,true
176133572,2025-10-15T03:08:26.434Z,edy.custine@orange.fr,newsletter,everyone,true
176133572,2025-10-15T03:08:26.466Z,agnes.lagrolet@orange.fr,newsletter,everyone,true
176133572,2025-10-15T03:08:26.468Z,jules.es@hotmail.fr,newsletter,everyone,true
176133572,2025-10-15T03:08:26.780Z,mfranc@csm.fr,newsletter,everyone,true
176133572,2025-10-15T03:18:27.941Z,carrulla.william@orange.fr,newsletter,everyone,true
176133572,2025-10-15T03:18:28.794Z,duhaldebordebernadette@orange.fr,newsletter,everyone,true
176133572,2025-10-15T03:42:03.177Z,c.carrulla@orange.fr,newsletter,everyone,true
