post_id,timestamp,email,post_type,post_audience,active_subscription
176237715,2025-10-16T03:05:13.550Z,sandunad1958@gmail.com,newsletter,everyone,true
176237715,2025-10-16T03:05:14.004Z,psycorbo@gmail.com,newsletter,everyone,true
176237715,2025-10-16T03:05:15.293Z,france.pittoresque@gmail.com,newsletter,everyone,true
176237715,2025-10-16T03:05:15.395Z,chris3005chp@gmail.com,newsletter,everyone,true
176237715,2025-10-16T03:05:15.586Z,keraudrenp501@gmail.com,newsletter,everyone,true
176237715,2025-10-16T03:05:15.625Z,keraudrenp.501@gmail.com,newsletter,everyone,true
176237715,2025-10-16T03:05:15.770Z,virginie.blazy@gmail.com,newsletter,everyone,true
176237715,2025-10-16T03:05:15.908Z,etienne.roussin@gmail.com,newsletter,everyone,true
176237715,2025-10-16T03:05:16.174Z,prof.georges.raad@gmail.com,newsletter,everyone,true
176237715,2025-10-16T03:05:16.189Z,Larousse44@orange.fr,newsletter,everyone,true
176237715,2025-10-16T03:05:16.400Z,laetitiadebard64@gmail.com,newsletter,everyone,true
176237715,2025-10-16T03:05:16.446Z,alethdefonscolombe@gmail.com,newsletter,everyone,true
176237715,2025-10-16T03:05:16.509Z,lucilesarda38@gmail.com,newsletter,everyone,true
176237715,2025-10-16T03:05:16.520Z,fabienne.bastien1234@gmail.com,newsletter,everyone,true
176237715,2025-10-16T03:05:16.520Z,aamayon@gmail.com,newsletter,everyone,true
176237715,2025-10-16T03:05:16.552Z,somialvi@gmail.com,newsletter,everyone,true
176237715,2025-10-16T03:05:16.573Z,hiriartclement@gmail.com,newsletter,everyone,true
176237715,2025-10-16T03:05:16.601Z,raad.brazil@gmail.com,newsletter,everyone,true
176237715,2025-10-16T03:05:16.608Z,lucreceamigues@gmail.com,newsletter,everyone,true
176237715,2025-10-16T03:05:16.646Z,flomaps@gmail.com,newsletter,everyone,true
176237715,2025-10-16T03:05:16.712Z,carrulla.william@orange.fr,newsletter,everyone,true
176237715,2025-10-16T03:05:16.727Z,karinba7@gmail.com,newsletter,everyone,true
176237715,2025-10-16T03:05:16.749Z,lea.tipi@gmail.com,newsletter,everyone,true
176237715,2025-10-16T03:05:16.763Z,edy.custine@orange.fr,newsletter,everyone,true
176237715,2025-10-16T03:05:16.838Z,duhaldebordebernadette@orange.fr,newsletter,everyone,true
176237715,2025-10-16T03:05:16.925Z,sidonie.cieutat@yahoo.fr,newsletter,everyone,true
176237715,2025-10-16T03:05:16.955Z,achard.luc@wanadoo.fr,newsletter,everyone,true
176237715,2025-10-16T03:05:17.362Z,jules.es@hotmail.fr,newsletter,everyone,true
176237715,2025-10-16T03:05:17.428Z,gabriella.daher@free.fr,newsletter,everyone,true
176237715,2025-10-16T03:05:17.470Z,lorine.basquebouvier@gmail.com,newsletter,everyone,true
176237715,2025-10-16T03:05:17.492Z,sauzeatboris@gmail.com,newsletter,everyone,true
176237715,2025-10-16T03:05:17.546Z,bakaybea@gmail.com,newsletter,everyone,true
176237715,2025-10-16T03:05:17.646Z,madx93320@gmail.com,newsletter,everyone,true
176237715,2025-10-16T03:05:17.662Z,guillaumesrz65@gmail.com,newsletter,everyone,true
176237715,2025-10-16T03:05:17.693Z,fabasphil@yahoo.fr,newsletter,everyone,true
176237715,2025-10-16T03:05:17.785Z,cpnioche@outlook.com,newsletter,everyone,true
176237715,2025-10-16T03:05:18.360Z,mfranc@csm.fr,newsletter,everyone,true
176237715,2025-10-16T03:05:18.684Z,marieperrenot@yahoo.fr,newsletter,everyone,true
176237715,2025-10-16T03:05:19.126Z,edouardhusson022@protonmail.com,newsletter,everyone,true
176237715,2025-10-16T03:06:18.183Z,marie-helene.soulier0705@orange.fr,newsletter,everyone,true
176237715,2025-10-16T03:06:27.032Z,agnes.lagrolet@orange.fr,newsletter,everyone,true
176237715,2025-10-16T04:09:32.535Z,c.carrulla@orange.fr,newsletter,everyone,true
