post_id,timestamp,email,post_type,post_audience,active_subscription
176402612,2025-10-18T03:04:28.862Z,psycorbo@gmail.com,newsletter,everyone,true
176402612,2025-10-18T03:04:28.876Z,etienne.roussin@gmail.com,newsletter,everyone,true
176402612,2025-10-18T03:04:29.081Z,prof.georges.raad@gmail.com,newsletter,everyone,true
176402612,2025-10-18T03:04:29.237Z,keraudrenp.501@gmail.com,newsletter,everyone,true
176402612,2025-10-18T03:04:29.467Z,keraudrenp501@gmail.com,newsletter,everyone,true
176402612,2025-10-18T03:04:29.551Z,virginie.blazy@gmail.com,newsletter,everyone,true
176402612,2025-10-18T03:04:29.781Z,sandunad1958@gmail.com,newsletter,everyone,true
176402612,2025-10-18T03:04:29.905Z,alethdefonscolombe@gmail.com,newsletter,everyone,true
176402612,2025-10-18T03:04:30.026Z,karinba7@gmail.com,newsletter,everyone,true
176402612,2025-10-18T03:04:30.173Z,france.pittoresque@gmail.com,newsletter,everyone,true
176402612,2025-10-18T03:04:30.183Z,david.tslocation@gmail.com,newsletter,everyone,true
176402612,2025-10-18T03:04:30.296Z,laetitiadebard64@gmail.com,newsletter,everyone,true
176402612,2025-10-18T03:04:30.309Z,lucreceamigues@gmail.com,newsletter,everyone,true
176402612,2025-10-18T03:04:30.318Z,lorine.basquebouvier@gmail.com,newsletter,everyone,true
176402612,2025-10-18T03:04:30.319Z,fabienne.bastien1234@gmail.com,newsletter,everyone,true
176402612,2025-10-18T03:04:30.392Z,raad.brazil@gmail.com,newsletter,everyone,true
176402612,2025-10-18T03:04:30.400Z,lucilesarda38@gmail.com,newsletter,everyone,true
176402612,2025-10-18T03:04:30.445Z,bakaybea@gmail.com,newsletter,everyone,true
176402612,2025-10-18T03:04:30.452Z,jules.es@hotmail.fr,newsletter,everyone,true
176402612,2025-10-18T03:04:30.618Z,aamayon@gmail.com,newsletter,everyone,true
176402612,2025-10-18T03:04:30.733Z,hiriartclement@gmail.com,newsletter,everyone,true
176402612,2025-10-18T03:04:30.812Z,chris3005chp@gmail.com,newsletter,everyone,true
176402612,2025-10-18T03:04:30.816Z,sidonie.cieutat@yahoo.fr,newsletter,everyone,true
176402612,2025-10-18T03:04:30.980Z,guillaumesrz65@gmail.com,newsletter,everyone,true
176402612,2025-10-18T03:04:30.996Z,madx93320@gmail.com,newsletter,everyone,true
176402612,2025-10-18T03:04:31.001Z,lea.tipi@gmail.com,newsletter,everyone,true
176402612,2025-10-18T03:04:31.281Z,sauzeatboris@gmail.com,newsletter,everyone,true
176402612,2025-10-18T03:04:31.405Z,flomaps@gmail.com,newsletter,everyone,true
176402612,2025-10-18T03:04:31.524Z,carrulla.william@orange.fr,newsletter,everyone,true
176402612,2025-10-18T03:04:31.561Z,fabasphil@yahoo.fr,newsletter,everyone,true
176402612,2025-10-18T03:04:31.565Z,mfranc@csm.fr,newsletter,everyone,true
176402612,2025-10-18T03:04:31.728Z,marie-helene.soulier0705@orange.fr,newsletter,everyone,true
176402612,2025-10-18T03:04:31.803Z,c.carrulla@orange.fr,newsletter,everyone,true
176402612,2025-10-18T03:04:31.812Z,somialvi@gmail.com,newsletter,everyone,true
176402612,2025-10-18T03:04:32.221Z,cpnioche@outlook.com,newsletter,everyone,true
176402612,2025-10-18T03:04:32.322Z,achard.luc@wanadoo.fr,newsletter,everyone,true
176402612,2025-10-18T03:04:32.338Z,edy.custine@orange.fr,newsletter,everyone,true
176402612,2025-10-18T03:04:32.355Z,marieperrenot@yahoo.fr,newsletter,everyone,true
176402612,2025-10-18T03:04:32.411Z,gabriella.daher@free.fr,newsletter,everyone,true
176402612,2025-10-18T03:04:32.429Z,agnes.lagrolet@orange.fr,newsletter,everyone,true
176402612,2025-10-18T03:04:32.804Z,Larousse44@orange.fr,newsletter,everyone,true
176402612,2025-10-18T03:04:33.039Z,edouardhusson022@protonmail.com,newsletter,everyone,true
176402612,2025-10-18T03:04:33.650Z,duhaldebordebernadette@orange.fr,newsletter,everyone,true
