post_id,timestamp,email,post_type,post_audience,active_subscription
176486037,2025-10-19T02:05:17.143Z,sandunad1958@gmail.com,newsletter,everyone,true
176486037,2025-10-19T02:05:17.169Z,prof.georges.raad@gmail.com,newsletter,everyone,true
176486037,2025-10-19T02:05:17.249Z,keraudrenp.501@gmail.com,newsletter,everyone,true
176486037,2025-10-19T02:05:17.258Z,keraudrenp501@gmail.com,newsletter,everyone,true
176486037,2025-10-19T02:05:17.298Z,etienne.roussin@gmail.com,newsletter,everyone,true
176486037,2025-10-19T02:05:17.406Z,france.pittoresque@gmail.com,newsletter,everyone,true
176486037,2025-10-19T02:05:17.894Z,sauzeatboris@gmail.com,newsletter,everyone,true
176486037,2025-10-19T02:05:17.938Z,psycorbo@gmail.com,newsletter,everyone,true
176486037,2025-10-19T02:05:17.984Z,chris3005chp@gmail.com,newsletter,everyone,true
176486037,2025-10-19T02:05:18.021Z,virginie.blazy@gmail.com,newsletter,everyone,true
176486037,2025-10-19T02:05:18.146Z,david.tslocation@gmail.com,newsletter,everyone,true
176486037,2025-10-19T02:05:18.269Z,alethdefonscolombe@gmail.com,newsletter,everyone,true
176486037,2025-10-19T02:05:18.311Z,marie-helene.soulier0705@orange.fr,newsletter,everyone,true
176486037,2025-10-19T02:05:18.326Z,karinba7@gmail.com,newsletter,everyone,true
176486037,2025-10-19T02:05:18.476Z,cristinareus007@gmail.com,newsletter,everyone,true
176486037,2025-10-19T02:05:18.585Z,flomaps@gmail.com,newsletter,everyone,true
176486037,2025-10-19T02:05:18.599Z,jules.es@hotmail.fr,newsletter,everyone,true
176486037,2025-10-19T02:05:19.171Z,somialvi@gmail.com,newsletter,everyone,true
176486037,2025-10-19T02:05:19.192Z,lucilesarda38@gmail.com,newsletter,everyone,true
176486037,2025-10-19T02:05:19.211Z,carrulla.william@orange.fr,newsletter,everyone,true
176486037,2025-10-19T02:05:19.245Z,fabienne.bastien1234@gmail.com,newsletter,everyone,true
176486037,2025-10-19T02:05:19.256Z,laetitiadebard64@gmail.com,newsletter,everyone,true
176486037,2025-10-19T02:05:19.329Z,aamayon@gmail.com,newsletter,everyone,true
176486037,2025-10-19T02:05:19.394Z,raad.brazil@gmail.com,newsletter,everyone,true
176486037,2025-10-19T02:05:19.398Z,lea.tipi@gmail.com,newsletter,everyone,true
176486037,2025-10-19T02:05:19.416Z,hiriartclement@gmail.com,newsletter,everyone,true
176486037,2025-10-19T02:05:19.515Z,Larousse44@orange.fr,newsletter,everyone,true
176486037,2025-10-19T02:05:19.572Z,lucreceamigues@gmail.com,newsletter,everyone,true
176486037,2025-10-19T02:05:19.613Z,bakaybea@gmail.com,newsletter,everyone,true
176486037,2025-10-19T02:05:19.699Z,sidonie.cieutat@yahoo.fr,newsletter,everyone,true
176486037,2025-10-19T02:05:19.779Z,madx93320@gmail.com,newsletter,everyone,true
176486037,2025-10-19T02:05:20.091Z,edy.custine@orange.fr,newsletter,everyone,true
176486037,2025-10-19T02:05:20.176Z,guillaumesrz65@gmail.com,newsletter,everyone,true
176486037,2025-10-19T02:05:20.272Z,marieperrenot@yahoo.fr,newsletter,everyone,true
176486037,2025-10-19T02:05:20.386Z,edouardhusson022@protonmail.com,newsletter,everyone,true
176486037,2025-10-19T02:05:20.400Z,gabriella.daher@free.fr,newsletter,everyone,true
176486037,2025-10-19T02:05:20.411Z,c.carrulla@orange.fr,newsletter,everyone,true
176486037,2025-10-19T02:05:20.560Z,fabasphil@yahoo.fr,newsletter,everyone,true
176486037,2025-10-19T02:05:20.636Z,duhaldebordebernadette@orange.fr,newsletter,everyone,true
176486037,2025-10-19T02:05:21.098Z,lorine.basquebouvier@gmail.com,newsletter,everyone,true
176486037,2025-10-19T02:05:21.371Z,achard.luc@wanadoo.fr,newsletter,everyone,true
176486037,2025-10-19T02:05:21.471Z,mfranc@csm.fr,newsletter,everyone,true
176486037,2025-10-19T02:05:21.651Z,cpnioche@outlook.com,newsletter,everyone,true
176486037,2025-10-19T02:05:23.255Z,agnes.lagrolet@orange.fr,newsletter,everyone,true
