post_id,timestamp,email,post_type,post_audience,active_subscription
176561485,2025-10-20T03:55:07.100Z,sandunad1958@gmail.com,newsletter,everyone,true
176561485,2025-10-20T03:55:07.891Z,psycorbo@gmail.com,newsletter,everyone,true
176561485,2025-10-20T03:55:10.695Z,etienne.roussin@gmail.com,newsletter,everyone,true
176561485,2025-10-20T03:55:10.750Z,edouardhusson022@protonmail.com,newsletter,everyone,true
176561485,2025-10-20T03:55:11.180Z,keraudrenp501@gmail.com,newsletter,everyone,true
176561485,2025-10-20T03:55:11.540Z,chris3005chp@gmail.com,newsletter,everyone,true
176561485,2025-10-20T03:55:11.673Z,prof.georges.raad@gmail.com,newsletter,everyone,true
176561485,2025-10-20T03:55:11.832Z,france.pittoresque@gmail.com,newsletter,everyone,true
176561485,2025-10-20T03:55:11.842Z,keraudrenp.501@gmail.com,newsletter,everyone,true
176561485,2025-10-20T03:55:12.467Z,alethdefonscolombe@gmail.com,newsletter,everyone,true
176561485,2025-10-20T03:55:12.612Z,laetitiadebard64@gmail.com,newsletter,everyone,true
176561485,2025-10-20T03:55:12.750Z,lucilesarda38@gmail.com,newsletter,everyone,true
176561485,2025-10-20T03:55:12.769Z,somialvi@gmail.com,newsletter,everyone,true
176561485,2025-10-20T03:55:12.778Z,lorine.basquebouvier@gmail.com,newsletter,everyone,true
176561485,2025-10-20T03:55:12.786Z,fabienne.bastien1234@gmail.com,newsletter,everyone,true
176561485,2025-10-20T03:55:12.831Z,bakaybea@gmail.com,newsletter,everyone,true
176561485,2025-10-20T03:55:12.889Z,lea.tipi@gmail.com,newsletter,everyone,true
176561485,2025-10-20T03:55:12.895Z,raad.brazil@gmail.com,newsletter,everyone,true
176561485,2025-10-20T03:55:12.921Z,david.tslocation@gmail.com,newsletter,everyone,true
176561485,2025-10-20T03:55:12.947Z,cristinareus007@gmail.com,newsletter,everyone,true
176561485,2025-10-20T03:55:13.003Z,aamayon@gmail.com,newsletter,everyone,true
176561485,2025-10-20T03:55:13.090Z,madx93320@gmail.com,newsletter,everyone,true
176561485,2025-10-20T03:55:13.160Z,hiriartclement@gmail.com,newsletter,everyone,true
176561485,2025-10-20T03:55:13.182Z,jules.es@hotmail.fr,newsletter,everyone,true
176561485,2025-10-20T03:55:13.262Z,fabasphil@yahoo.fr,newsletter,everyone,true
176561485,2025-10-20T03:55:13.376Z,karinba7@gmail.com,newsletter,everyone,true
176561485,2025-10-20T03:55:13.424Z,virginie.blazy@gmail.com,newsletter,everyone,true
176561485,2025-10-20T03:55:13.491Z,sauzeatboris@gmail.com,newsletter,everyone,true
176561485,2025-10-20T03:55:13.701Z,lucreceamigues@gmail.com,newsletter,everyone,true
176561485,2025-10-20T03:55:13.807Z,sidonie.cieutat@yahoo.fr,newsletter,everyone,true
176561485,2025-10-20T03:55:13.851Z,duhaldebordebernadette@orange.fr,newsletter,everyone,true
176561485,2025-10-20T03:55:14.065Z,marieperrenot@yahoo.fr,newsletter,everyone,true
176561485,2025-10-20T03:55:14.087Z,edy.custine@orange.fr,newsletter,everyone,true
176561485,2025-10-20T03:55:14.091Z,mfranc@csm.fr,newsletter,everyone,true
176561485,2025-10-20T03:55:14.097Z,flomaps@gmail.com,newsletter,everyone,true
176561485,2025-10-20T03:55:14.128Z,gabriella.daher@free.fr,newsletter,everyone,true
176561485,2025-10-20T03:55:14.473Z,guillaumesrz65@gmail.com,newsletter,everyone,true
176561485,2025-10-20T03:55:14.725Z,c.carrulla@orange.fr,newsletter,everyone,true
176561485,2025-10-20T03:55:15.908Z,cpnioche@outlook.com,newsletter,everyone,true
176561485,2025-10-20T04:05:10.751Z,marie-helene.soulier0705@orange.fr,newsletter,everyone,true
176561485,2025-10-20T04:05:16.006Z,agnes.lagrolet@orange.fr,newsletter,everyone,true
176561485,2025-10-20T04:05:16.478Z,carrulla.william@orange.fr,newsletter,everyone,true
176561485,2025-10-20T04:05:17.494Z,Larousse44@orange.fr,newsletter,everyone,true
176561485,2025-10-20T05:50:26.118Z,achard.luc@wanadoo.fr,newsletter,everyone,true
