post_id,timestamp,email,post_type,post_audience,active_subscription,country,city,region,device_type,client_os,client_type,user_agent
176561485,2025-10-20T04:00:03.546Z,alethdefonscolombe@gmail.com,newsletter,everyone,true,US,,,,,,Mozilla/5.0 (Windows NT 5.1; rv:11.0) Gecko Firefox/11.0 (via ggpht.com GoogleImageProxy)
176561485,2025-10-20T04:10:27.777Z,sidonie.cieutat@yahoo.fr,newsletter,everyone,true,FR,,,,,,Mozilla/5.0
176561485,2025-10-20T04:11:53.690Z,hiriartclement@gmail.com,newsletter,everyone,true,CA,,,,,,Mozilla/5.0
176561485,2025-10-20T04:13:23.823Z,mfranc@csm.fr,newsletter,everyone,true,US,,,,,,Mozilla/5.0
176561485,2025-10-20T04:15:57.182Z,lorine.basquebouvier@gmail.com,newsletter,everyone,true,FR,,,,,,Mozilla/5.0
176561485,2025-10-20T04:18:50.374Z,c.carrulla@orange.fr,newsletter,everyone,true,FR,,,,,,Mozilla/5.0
176561485,2025-10-20T05:13:23.638Z,fabasphil@yahoo.fr,newsletter,everyone,true,US,,,,,,Mozilla/5.0
176561485,2025-10-20T05:51:20.158Z,gabriella.daher@free.fr,newsletter,everyone,true,FR,,,,,,Mozilla/5.0
176561485,2025-10-20T06:16:49.960Z,flomaps@gmail.com,newsletter,everyone,true,US,,,,,,Mozilla/5.0 (Windows NT 5.1; rv:11.0) Gecko Firefox/11.0 (via ggpht.com GoogleImageProxy)
176561485,2025-10-20T07:02:43.662Z,chris3005chp@gmail.com,newsletter,everyone,true,US,,,,,,Mozilla/5.0 (Windows NT 5.1; rv:11.0) Gecko Firefox/11.0 (via ggpht.com GoogleImageProxy)
176561485,2025-10-20T07:27:21.259Z,cpnioche@outlook.com,newsletter,everyone,true,FR,,,,,,"Mozilla/5.0 (Linux; Android 15; ALI-NX1 Build/HONORALI-N21; wv) AppleWebKit/537.36 (KHTML, like Gecko) Version/4.0 Chrome/141.0.7390.43 Mobile Safari/537.36"
176561485,2025-10-20T07:27:21.394Z,cpnioche@outlook.com,newsletter,everyone,true,FR,,,,,,"Mozilla/5.0 (Linux; Android 15; ALI-NX1 Build/HONORALI-N21; wv) AppleWebKit/537.36 (KHTML, like Gecko) Version/4.0 Chrome/141.0.7390.43 Mobile Safari/537.36"
176561485,2025-10-20T07:54:37.251Z,cristinareus007@gmail.com,newsletter,everyone,true,US,,,,,,Mozilla/5.0 (Windows NT 5.1; rv:11.0) Gecko Firefox/11.0 (via ggpht.com GoogleImageProxy)
176561485,2025-10-20T07:54:53.422Z,cristinareus007@gmail.com,newsletter,everyone,true,US,,,,,,Mozilla/5.0 (Windows NT 5.1; rv:11.0) Gecko Firefox/11.0 (via ggpht.com GoogleImageProxy)
176561485,2025-10-20T08:01:08.320Z,laetitiadebard64@gmail.com,newsletter,everyone,true,US,,,,,,Mozilla/5.0 (Windows NT 5.1; rv:11.0) Gecko Firefox/11.0 (via ggpht.com GoogleImageProxy)
176561485,2025-10-20T08:01:14.448Z,laetitiadebard64@gmail.com,newsletter,everyone,true,US,,,,,,Mozilla/5.0 (Windows NT 5.1; rv:11.0) Gecko Firefox/11.0 (via ggpht.com GoogleImageProxy)
176561485,2025-10-20T08:42:18.562Z,madx93320@gmail.com,newsletter,everyone,true,US,,,,,,Mozilla/5.0 (Windows NT 5.1; rv:11.0) Gecko Firefox/11.0 (via ggpht.com GoogleImageProxy)
176561485,2025-10-20T08:55:16.720Z,carrulla.william@orange.fr,newsletter,everyone,true,FR,,,,,,Mozilla/5.0
176561485,2025-10-20T09:09:03.184Z,jules.es@hotmail.fr,newsletter,everyone,true,FR,,,,,,"Mozilla/5.0 (Linux; Android 14; 22101316G Build/UP1A.231005.007; wv) AppleWebKit/537.36 (KHTML, like Gecko) Version/4.0 Chrome/141.0.7390.97 Mobile Safari/537.36"
176561485,2025-10-20T09:38:13.629Z,france.pittoresque@gmail.com,newsletter,everyone,true,FR,,,,,,Mozilla/5.0 (Windows NT 10.0; Win64; x64; rv:140.0) Gecko/20100101 Thunderbird/140.4.0
176561485,2025-10-20T09:39:14.749Z,somialvi@gmail.com,newsletter,everyone,true,US,,,,,,Mozilla/5.0 (Windows NT 5.1; rv:11.0) Gecko Firefox/11.0 (via ggpht.com GoogleImageProxy)
176561485,2025-10-20T09:51:45.868Z,bakaybea@gmail.com,newsletter,everyone,true,US,,,,,,Mozilla/5.0 (Windows NT 5.1; rv:11.0) Gecko Firefox/11.0 (via ggpht.com GoogleImageProxy)
176561485,2025-10-20T13:35:45.285Z,somialvi@gmail.com,newsletter,everyone,true,FR,,,,,,Mozilla/5.0 (Windows NT 10.0; Win64; x64; rv:144.0) Gecko/20100101 Thunderbird/144.0.1
176561485,2025-10-20T13:39:51.409Z,etienne.roussin@gmail.com,newsletter,everyone,true,US,,,,,,Mozilla/5.0 (Windows NT 5.1; rv:11.0) Gecko Firefox/11.0 (via ggpht.com GoogleImageProxy)
176561485,2025-10-20T15:23:53.547Z,lucreceamigues@gmail.com,newsletter,everyone,true,US,,,,,,Mozilla/5.0 (Windows NT 5.1; rv:11.0) Gecko Firefox/11.0 (via ggpht.com GoogleImageProxy)
176561485,2025-10-20T18:47:06.641Z,madx93320@gmail.com,newsletter,everyone,true,US,,,,,,Mozilla/5.0 (Windows NT 5.1; rv:11.0) Gecko Firefox/11.0 (via ggpht.com GoogleImageProxy)
176561485,2025-10-20T19:00:01.846Z,marieperrenot@yahoo.fr,newsletter,everyone,true,NL,,,,,,YahooMailProxy; https://help.yahoo.com/kb/yahoo-mail-proxy-SLN28749.html
176561485,2025-10-20T20:01:58.428Z,fabasphil@yahoo.fr,newsletter,everyone,true,NL,,,,,,YahooMailProxy; https://help.yahoo.com/kb/yahoo-mail-proxy-SLN28749.html
176561485,2025-10-20T20:34:12.835Z,gabriella.daher@free.fr,newsletter,everyone,true,US,,,,,,Mozilla/5.0
176561485,2025-10-20T21:15:49.928Z,duhaldebordebernadette@orange.fr,newsletter,everyone,true,US,,,,,,Mozilla/5.0
176561485,2025-10-21T03:37:20.028Z,lucilesarda38@gmail.com,newsletter,everyone,true,US,,,,,,Mozilla/5.0 (Windows NT 5.1; rv:11.0) Gecko Firefox/11.0 (via ggpht.com GoogleImageProxy)
176561485,2025-10-21T03:37:51.419Z,lucilesarda38@gmail.com,newsletter,everyone,true,US,,,,,,Mozilla/5.0 (Windows NT 5.1; rv:11.0) Gecko Firefox/11.0 (via ggpht.com GoogleImageProxy)
176561485,2025-10-21T06:27:24.660Z,chris3005chp@gmail.com,newsletter,everyone,true,BD,,,,,,Mozilla/5.0
176561485,2025-10-21T06:34:01.662Z,laetitiadebard64@gmail.com,newsletter,everyone,true,US,,,,,,Mozilla/5.0 (Windows NT 5.1; rv:11.0) Gecko Firefox/11.0 (via ggpht.com GoogleImageProxy)
176561485,2025-10-21T07:59:35.611Z,france.pittoresque@gmail.com,newsletter,everyone,true,FR,,,,,,Mozilla/5.0 (Windows NT 10.0; Win64; x64; rv:140.0) Gecko/20100101 Thunderbird/140.4.0
176561485,2025-10-21T13:06:16.103Z,somialvi@gmail.com,newsletter,everyone,true,FR,,,,,,Mozilla/5.0 (Windows NT 10.0; Win64; x64; rv:144.0) Gecko/20100101 Thunderbird/144.0.1
176561485,2025-10-22T12:34:23.564Z,achard.luc@wanadoo.fr,newsletter,everyone,true,US,,,,,,Mozilla/5.0
176561485,2025-10-22T19:16:53.001Z,madx93320@gmail.com,newsletter,everyone,true,US,,,,,,Mozilla/5.0 (Windows NT 5.1; rv:11.0) Gecko Firefox/11.0 (via ggpht.com GoogleImageProxy)
176561485,2025-10-23T13:37:50.269Z,somialvi@gmail.com,newsletter,everyone,true,FR,,,,,,Mozilla/5.0 (Windows NT 10.0; Win64; x64; rv:144.0) Gecko/20100101 Thunderbird/144.0.1
176561485,2025-10-27T07:12:39.390Z,lorine.basquebouvier@gmail.com,newsletter,everyone,true,FR,,,,,,Mozilla/5.0
176561485,2025-10-27T11:42:40.113Z,sidonie.cieutat@yahoo.fr,newsletter,everyone,true,US,,,,,,Mozilla/5.0
176561485,2025-11-01T11:53:28.907Z,madx93320@gmail.com,newsletter,everyone,true,US,,,,,,Mozilla/5.0 (Windows NT 5.1; rv:11.0) Gecko Firefox/11.0 (via ggpht.com GoogleImageProxy)
176561485,2025-11-02T21:52:56.516Z,achard.luc@wanadoo.fr,newsletter,everyone,true,FR,,,,,,Mozilla/5.0
176561485,2025-11-03T07:16:54.742Z,carrulla.william@orange.fr,newsletter,everyone,true,FR,,,,,,Mozilla/5.0
176561485,2025-11-03T13:40:12.932Z,etienne.roussin@gmail.com,newsletter,everyone,true,CA,,,,,,Mozilla/5.0
