post_id,timestamp,email,post_type,post_audience,active_subscription
176630874,2025-10-21T03:05:14.831Z,keraudrenp.501@gmail.com,newsletter,everyone,true
176630874,2025-10-21T03:05:14.936Z,keraudrenp501@gmail.com,newsletter,everyone,true
176630874,2025-10-21T03:05:14.974Z,prof.georges.raad@gmail.com,newsletter,everyone,true
176630874,2025-10-21T03:05:15.383Z,france.pittoresque@gmail.com,newsletter,everyone,true
176630874,2025-10-21T03:05:15.528Z,psycorbo@gmail.com,newsletter,everyone,true
176630874,2025-10-21T03:05:15.603Z,virginie.blazy@gmail.com,newsletter,everyone,true
176630874,2025-10-21T03:05:16.123Z,david.tslocation@gmail.com,newsletter,everyone,true
176630874,2025-10-21T03:05:16.252Z,sandunad1958@gmail.com,newsletter,everyone,true
176630874,2025-10-21T03:05:16.557Z,sauzeatboris@gmail.com,newsletter,everyone,true
176630874,2025-10-21T03:05:16.691Z,sidonie.cieutat@yahoo.fr,newsletter,everyone,true
176630874,2025-10-21T03:05:18.005Z,cristinareus007@gmail.com,newsletter,everyone,true
176630874,2025-10-21T03:05:18.027Z,laetitiadebard64@gmail.com,newsletter,everyone,true
176630874,2025-10-21T03:05:18.029Z,flomaps@gmail.com,newsletter,everyone,true
176630874,2025-10-21T03:05:18.062Z,lorine.basquebouvier@gmail.com,newsletter,everyone,true
176630874,2025-10-21T03:05:18.088Z,fabienne.bastien1234@gmail.com,newsletter,everyone,true
176630874,2025-10-21T03:05:18.120Z,alethdefonscolombe@gmail.com,newsletter,everyone,true
176630874,2025-10-21T03:05:18.122Z,aamayon@gmail.com,newsletter,everyone,true
176630874,2025-10-21T03:05:18.164Z,lucilesarda38@gmail.com,newsletter,everyone,true
176630874,2025-10-21T03:05:18.174Z,raad.brazil@gmail.com,newsletter,everyone,true
176630874,2025-10-21T03:05:18.182Z,madx93320@gmail.com,newsletter,everyone,true
176630874,2025-10-21T03:05:18.258Z,lea.tipi@gmail.com,newsletter,everyone,true
176630874,2025-10-21T03:05:18.260Z,hiriartclement@gmail.com,newsletter,everyone,true
176630874,2025-10-21T03:05:18.275Z,jules.es@hotmail.fr,newsletter,everyone,true
176630874,2025-10-21T03:05:18.318Z,edouardhusson022@protonmail.com,newsletter,everyone,true
176630874,2025-10-21T03:05:18.437Z,gabriella.daher@free.fr,newsletter,everyone,true
176630874,2025-10-21T03:05:18.511Z,guillaumesrz65@gmail.com,newsletter,everyone,true
176630874,2025-10-21T03:05:18.601Z,agnes.lagrolet@orange.fr,newsletter,everyone,true
176630874,2025-10-21T03:05:19.099Z,bakaybea@gmail.com,newsletter,everyone,true
176630874,2025-10-21T03:05:19.117Z,mfranc@csm.fr,newsletter,everyone,true
176630874,2025-10-21T03:05:19.123Z,fabasphil@yahoo.fr,newsletter,everyone,true
176630874,2025-10-21T03:05:19.279Z,marieperrenot@yahoo.fr,newsletter,everyone,true
176630874,2025-10-21T03:05:19.524Z,somialvi@gmail.com,newsletter,everyone,true
176630874,2025-10-21T03:05:19.716Z,lucreceamigues@gmail.com,newsletter,everyone,true
176630874,2025-10-21T03:05:19.762Z,etienne.roussin@gmail.com,newsletter,everyone,true
176630874,2025-10-21T03:05:19.824Z,karinba7@gmail.com,newsletter,everyone,true
176630874,2025-10-21T03:05:20.142Z,cpnioche@outlook.com,newsletter,everyone,true
176630874,2025-10-21T03:05:20.154Z,chris3005chp@gmail.com,newsletter,everyone,true
176630874,2025-10-21T03:06:17.670Z,marie-helene.soulier0705@orange.fr,newsletter,everyone,true
176630874,2025-10-21T03:06:27.733Z,edy.custine@orange.fr,newsletter,everyone,true
176630874,2025-10-21T03:06:52.947Z,duhaldebordebernadette@orange.fr,newsletter,everyone,true
176630874,2025-10-21T03:06:54.887Z,c.carrulla@orange.fr,newsletter,everyone,true
176630874,2025-10-21T03:06:57.452Z,carrulla.william@orange.fr,newsletter,everyone,true
176630874,2025-10-21T03:07:17.190Z,achard.luc@wanadoo.fr,newsletter,everyone,true
176630874,2025-10-21T03:07:58.489Z,Larousse44@orange.fr,newsletter,everyone,true
