post_id,timestamp,email,post_type,post_audience,active_subscription
176730806,2025-10-22T03:05:31.094Z,sandunad1958@gmail.com,newsletter,everyone,true
176730806,2025-10-22T03:05:31.304Z,marie-helene.soulier0705@orange.fr,newsletter,everyone,true
176730806,2025-10-22T03:05:31.386Z,prof.georges.raad@gmail.com,newsletter,everyone,true
176730806,2025-10-22T03:05:31.403Z,keraudrenp.501@gmail.com,newsletter,everyone,true
176730806,2025-10-22T03:05:31.411Z,france.pittoresque@gmail.com,newsletter,everyone,true
176730806,2025-10-22T03:05:31.728Z,psycorbo@gmail.com,newsletter,everyone,true
176730806,2025-10-22T03:05:32.156Z,chris3005chp@gmail.com,newsletter,everyone,true
176730806,2025-10-22T03:05:32.191Z,etienne.roussin@gmail.com,newsletter,everyone,true
176730806,2025-10-22T03:05:32.596Z,keraudrenp501@gmail.com,newsletter,everyone,true
176730806,2025-10-22T03:05:33.442Z,sauzeatboris@gmail.com,newsletter,everyone,true
176730806,2025-10-22T03:05:33.453Z,david.tslocation@gmail.com,newsletter,everyone,true
176730806,2025-10-22T03:05:33.488Z,karinba7@gmail.com,newsletter,everyone,true
176730806,2025-10-22T03:05:33.683Z,lucilesarda38@gmail.com,newsletter,everyone,true
176730806,2025-10-22T03:05:33.684Z,edouardhusson022@protonmail.com,newsletter,everyone,true
176730806,2025-10-22T03:05:33.685Z,hiriartclement@gmail.com,newsletter,everyone,true
176730806,2025-10-22T03:05:33.686Z,fabienne.bastien1234@gmail.com,newsletter,everyone,true
176730806,2025-10-22T03:05:33.702Z,aamayon@gmail.com,newsletter,everyone,true
176730806,2025-10-22T03:05:33.704Z,virginie.blazy@gmail.com,newsletter,everyone,true
176730806,2025-10-22T03:05:33.706Z,cristinareus007@gmail.com,newsletter,everyone,true
176730806,2025-10-22T03:05:33.709Z,madx93320@gmail.com,newsletter,everyone,true
176730806,2025-10-22T03:05:33.732Z,bakaybea@gmail.com,newsletter,everyone,true
176730806,2025-10-22T03:05:33.733Z,alethdefonscolombe@gmail.com,newsletter,everyone,true
176730806,2025-10-22T03:05:33.772Z,lorine.basquebouvier@gmail.com,newsletter,everyone,true
176730806,2025-10-22T03:05:33.778Z,lea.tipi@gmail.com,newsletter,everyone,true
176730806,2025-10-22T03:05:33.928Z,somialvi@gmail.com,newsletter,everyone,true
176730806,2025-10-22T03:05:33.939Z,agnes.lagrolet@orange.fr,newsletter,everyone,true
176730806,2025-10-22T03:05:33.949Z,raad.brazil@gmail.com,newsletter,everyone,true
176730806,2025-10-22T03:05:33.951Z,c.carrulla@orange.fr,newsletter,everyone,true
176730806,2025-10-22T03:05:33.999Z,carrulla.william@orange.fr,newsletter,everyone,true
176730806,2025-10-22T03:05:34.086Z,guillaumesrz65@gmail.com,newsletter,everyone,true
176730806,2025-10-22T03:05:34.178Z,laetitiadebard64@gmail.com,newsletter,everyone,true
176730806,2025-10-22T03:05:34.197Z,Larousse44@orange.fr,newsletter,everyone,true
176730806,2025-10-22T03:05:34.461Z,duhaldebordebernadette@orange.fr,newsletter,everyone,true
176730806,2025-10-22T03:05:34.475Z,edy.custine@orange.fr,newsletter,everyone,true
176730806,2025-10-22T03:05:34.486Z,lucreceamigues@gmail.com,newsletter,everyone,true
176730806,2025-10-22T03:05:34.537Z,sidonie.cieutat@yahoo.fr,newsletter,everyone,true
176730806,2025-10-22T03:05:34.629Z,jules.es@hotmail.fr,newsletter,everyone,true
176730806,2025-10-22T03:05:34.729Z,achard.luc@wanadoo.fr,newsletter,everyone,true
176730806,2025-10-22T03:05:34.741Z,flomaps@gmail.com,newsletter,everyone,true
176730806,2025-10-22T03:05:34.852Z,fabasphil@yahoo.fr,newsletter,everyone,true
176730806,2025-10-22T03:05:34.917Z,marieperrenot@yahoo.fr,newsletter,everyone,true
176730806,2025-10-22T03:05:35.083Z,mfranc@csm.fr,newsletter,everyone,true
176730806,2025-10-22T03:05:35.330Z,cpnioche@outlook.com,newsletter,everyone,true
176730806,2025-10-22T03:15:35.958Z,gabriella.daher@free.fr,newsletter,everyone,true
