post_id,timestamp,email,post_type,post_audience,active_subscription
176835379,2025-10-23T03:05:39.957Z,sandunad1958@gmail.com,newsletter,everyone,true
176835379,2025-10-23T03:05:40.184Z,marie-helene.soulier0705@orange.fr,newsletter,everyone,true
176835379,2025-10-23T03:05:41.206Z,psycorbo@gmail.com,newsletter,everyone,true
176835379,2025-10-23T03:05:41.359Z,france.pittoresque@gmail.com,newsletter,everyone,true
176835379,2025-10-23T03:05:41.447Z,prof.georges.raad@gmail.com,newsletter,everyone,true
176835379,2025-10-23T03:05:41.942Z,chris3005chp@gmail.com,newsletter,everyone,true
176835379,2025-10-23T03:05:42.124Z,karinba7@gmail.com,newsletter,everyone,true
176835379,2025-10-23T03:05:42.158Z,etienne.roussin@gmail.com,newsletter,everyone,true
176835379,2025-10-23T03:05:42.293Z,keraudrenp501@gmail.com,newsletter,everyone,true
176835379,2025-10-23T03:05:42.369Z,keraudrenp.501@gmail.com,newsletter,everyone,true
176835379,2025-10-23T03:05:42.751Z,sauzeatboris@gmail.com,newsletter,everyone,true
176835379,2025-10-23T03:05:42.810Z,david.tslocation@gmail.com,newsletter,everyone,true
176835379,2025-10-23T03:05:43.133Z,carrulla.william@orange.fr,newsletter,everyone,true
176835379,2025-10-23T03:05:43.404Z,cristinareus007@gmail.com,newsletter,everyone,true
176835379,2025-10-23T03:05:43.424Z,flomaps@gmail.com,newsletter,everyone,true
176835379,2025-10-23T03:05:43.486Z,lorine.basquebouvier@gmail.com,newsletter,everyone,true
176835379,2025-10-23T03:05:43.540Z,fabienne.bastien1234@gmail.com,newsletter,everyone,true
176835379,2025-10-23T03:05:43.542Z,aamayon@gmail.com,newsletter,everyone,true
176835379,2025-10-23T03:05:43.560Z,madx93320@gmail.com,newsletter,everyone,true
176835379,2025-10-23T03:05:43.582Z,lucilesarda38@gmail.com,newsletter,everyone,true
176835379,2025-10-23T03:05:43.588Z,somialvi@gmail.com,newsletter,everyone,true
176835379,2025-10-23T03:05:43.628Z,lea.tipi@gmail.com,newsletter,everyone,true
176835379,2025-10-23T03:05:43.628Z,laetitiadebard64@gmail.com,newsletter,everyone,true
176835379,2025-10-23T03:05:43.669Z,lucreceamigues@gmail.com,newsletter,everyone,true
176835379,2025-10-23T03:05:43.801Z,c.carrulla@orange.fr,newsletter,everyone,true
176835379,2025-10-23T03:05:43.810Z,hiriartclement@gmail.com,newsletter,everyone,true
176835379,2025-10-23T03:05:43.823Z,sidonie.cieutat@yahoo.fr,newsletter,everyone,true
176835379,2025-10-23T03:05:43.849Z,agnes.lagrolet@orange.fr,newsletter,everyone,true
176835379,2025-10-23T03:05:43.975Z,gabriella.daher@free.fr,newsletter,everyone,true
176835379,2025-10-23T03:05:44.037Z,raad.brazil@gmail.com,newsletter,everyone,true
176835379,2025-10-23T03:05:44.080Z,jules.es@hotmail.fr,newsletter,everyone,true
176835379,2025-10-23T03:05:44.092Z,bakaybea@gmail.com,newsletter,everyone,true
176835379,2025-10-23T03:05:44.110Z,alethdefonscolombe@gmail.com,newsletter,everyone,true
176835379,2025-10-23T03:05:44.159Z,achard.luc@wanadoo.fr,newsletter,everyone,true
176835379,2025-10-23T03:05:44.278Z,virginie.blazy@gmail.com,newsletter,everyone,true
176835379,2025-10-23T03:05:44.648Z,guillaumesrz65@gmail.com,newsletter,everyone,true
176835379,2025-10-23T03:05:44.721Z,marieperrenot@yahoo.fr,newsletter,everyone,true
176835379,2025-10-23T03:05:45.442Z,fabasphil@yahoo.fr,newsletter,everyone,true
176835379,2025-10-23T03:05:45.831Z,mfranc@csm.fr,newsletter,everyone,true
176835379,2025-10-23T03:05:46.418Z,cpnioche@outlook.com,newsletter,everyone,true
176835379,2025-10-23T03:05:48.039Z,edouardhusson022@protonmail.com,newsletter,everyone,true
176835379,2025-10-23T03:07:00.384Z,duhaldebordebernadette@orange.fr,newsletter,everyone,true
176835379,2025-10-23T03:07:07.409Z,Larousse44@orange.fr,newsletter,everyone,true
176835379,2025-10-23T03:07:33.821Z,edy.custine@orange.fr,newsletter,everyone,true
