post_id,timestamp,email,post_type,post_audience,active_subscription
176863786,2025-10-24T03:05:39.649Z,etienne.roussin@gmail.com,newsletter,everyone,true
176863786,2025-10-24T03:05:39.704Z,karinba7@gmail.com,newsletter,everyone,true
176863786,2025-10-24T03:05:39.861Z,chris3005chp@gmail.com,newsletter,everyone,true
176863786,2025-10-24T03:05:40.158Z,psycorbo@gmail.com,newsletter,everyone,true
176863786,2025-10-24T03:05:40.273Z,virginie.blazy@gmail.com,newsletter,everyone,true
176863786,2025-10-24T03:05:40.304Z,france.pittoresque@gmail.com,newsletter,everyone,true
176863786,2025-10-24T03:05:40.363Z,marie-helene.soulier0705@orange.fr,newsletter,everyone,true
176863786,2025-10-24T03:05:40.520Z,keraudrenp501@gmail.com,newsletter,everyone,true
176863786,2025-10-24T03:05:40.564Z,sandunad1958@gmail.com,newsletter,everyone,true
176863786,2025-10-24T03:05:41.025Z,lucreceamigues@gmail.com,newsletter,everyone,true
176863786,2025-10-24T03:05:41.040Z,carrulla.william@orange.fr,newsletter,everyone,true
176863786,2025-10-24T03:05:41.085Z,nani3864@gmail.com,newsletter,everyone,true
176863786,2025-10-24T03:05:41.097Z,lorine.basquebouvier@gmail.com,newsletter,everyone,true
176863786,2025-10-24T03:05:41.130Z,lucilesarda38@gmail.com,newsletter,everyone,true
176863786,2025-10-24T03:05:41.141Z,sauzeatboris@gmail.com,newsletter,everyone,true
176863786,2025-10-24T03:05:41.153Z,cristinareus007@gmail.com,newsletter,everyone,true
176863786,2025-10-24T03:05:41.213Z,david.tslocation@gmail.com,newsletter,everyone,true
176863786,2025-10-24T03:05:41.233Z,prof.georges.raad@gmail.com,newsletter,everyone,true
176863786,2025-10-24T03:05:41.256Z,keraudrenp.501@gmail.com,newsletter,everyone,true
176863786,2025-10-24T03:05:41.267Z,edy.custine@orange.fr,newsletter,everyone,true
176863786,2025-10-24T03:05:41.291Z,hiriartclement@gmail.com,newsletter,everyone,true
176863786,2025-10-24T03:05:41.406Z,achard.luc@wanadoo.fr,newsletter,everyone,true
176863786,2025-10-24T03:05:41.477Z,gabriella.daher@free.fr,newsletter,everyone,true
176863786,2025-10-24T03:05:41.486Z,agnes.lagrolet@orange.fr,newsletter,everyone,true
176863786,2025-10-24T03:05:41.631Z,madx93320@gmail.com,newsletter,everyone,true
176863786,2025-10-24T03:05:41.679Z,alethdefonscolombe@gmail.com,newsletter,everyone,true
176863786,2025-10-24T03:05:41.768Z,c.carrulla@orange.fr,newsletter,everyone,true
176863786,2025-10-24T03:05:41.783Z,jules.es@hotmail.fr,newsletter,everyone,true
176863786,2025-10-24T03:05:41.884Z,aamayon@gmail.com,newsletter,everyone,true
176863786,2025-10-24T03:05:41.918Z,laetitiadebard64@gmail.com,newsletter,everyone,true
176863786,2025-10-24T03:05:41.946Z,flomaps@gmail.com,newsletter,everyone,true
176863786,2025-10-24T03:05:41.987Z,raad.brazil@gmail.com,newsletter,everyone,true
176863786,2025-10-24T03:05:42.009Z,guillaumesrz65@gmail.com,newsletter,everyone,true
176863786,2025-10-24T03:05:42.083Z,lea.tipi@gmail.com,newsletter,everyone,true
176863786,2025-10-24T03:05:42.212Z,fabasphil@yahoo.fr,newsletter,everyone,true
176863786,2025-10-24T03:05:42.222Z,bakaybea@gmail.com,newsletter,everyone,true
176863786,2025-10-24T03:05:42.363Z,marieperrenot@yahoo.fr,newsletter,everyone,true
176863786,2025-10-24T03:05:42.476Z,fabienne.bastien1234@gmail.com,newsletter,everyone,true
176863786,2025-10-24T03:05:42.762Z,cpnioche@outlook.com,newsletter,everyone,true
176863786,2025-10-24T03:05:42.796Z,sidonie.cieutat@yahoo.fr,newsletter,everyone,true
176863786,2025-10-24T03:05:43.449Z,mfranc@csm.fr,newsletter,everyone,true
176863786,2025-10-24T03:05:48.833Z,edouardhusson022@protonmail.com,newsletter,everyone,true
176863786,2025-10-24T03:05:51.743Z,somialvi@gmail.com,newsletter,everyone,true
176863786,2025-10-24T03:07:08.171Z,Larousse44@orange.fr,newsletter,everyone,true
176863786,2025-10-24T03:07:31.187Z,duhaldebordebernadette@orange.fr,newsletter,everyone,true
