post_id,timestamp,email,post_type,post_audience,active_subscription
176995414,2025-10-25T04:05:23.162Z,sandunad1958@gmail.com,newsletter,everyone,true
176995414,2025-10-25T04:05:24.305Z,chris3005chp@gmail.com,newsletter,everyone,true
176995414,2025-10-25T04:05:24.361Z,karinba7@gmail.com,newsletter,everyone,true
176995414,2025-10-25T04:05:24.474Z,france.pittoresque@gmail.com,newsletter,everyone,true
176995414,2025-10-25T04:05:24.479Z,keraudrenp.501@gmail.com,newsletter,everyone,true
176995414,2025-10-25T04:05:24.739Z,prof.georges.raad@gmail.com,newsletter,everyone,true
176995414,2025-10-25T04:05:24.829Z,keraudrenp501@gmail.com,newsletter,everyone,true
176995414,2025-10-25T04:05:24.866Z,marie-helene.soulier0705@orange.fr,newsletter,everyone,true
176995414,2025-10-25T04:05:25.000Z,etienne.roussin@gmail.com,newsletter,everyone,true
176995414,2025-10-25T04:05:25.198Z,david.tslocation@gmail.com,newsletter,everyone,true
176995414,2025-10-25T04:05:25.413Z,sauzeatboris@gmail.com,newsletter,everyone,true
176995414,2025-10-25T04:05:25.510Z,virginie.blazy@gmail.com,newsletter,everyone,true
176995414,2025-10-25T04:05:25.629Z,cristinareus007@gmail.com,newsletter,everyone,true
176995414,2025-10-25T04:05:25.664Z,Larousse44@orange.fr,newsletter,everyone,true
176995414,2025-10-25T04:05:26.077Z,sidonie.cieutat@yahoo.fr,newsletter,everyone,true
176995414,2025-10-25T04:05:26.344Z,edouardhusson022@protonmail.com,newsletter,everyone,true
176995414,2025-10-25T04:05:26.663Z,carrulla.william@orange.fr,newsletter,everyone,true
176995414,2025-10-25T04:05:27.647Z,laetitiadebard64@gmail.com,newsletter,everyone,true
176995414,2025-10-25T04:05:27.693Z,flomaps@gmail.com,newsletter,everyone,true
176995414,2025-10-25T04:05:27.858Z,raad.brazil@gmail.com,newsletter,everyone,true
176995414,2025-10-25T04:05:27.866Z,fabienne.bastien1234@gmail.com,newsletter,everyone,true
176995414,2025-10-25T04:05:27.961Z,aamayon@gmail.com,newsletter,everyone,true
176995414,2025-10-25T04:05:27.995Z,lucilesarda38@gmail.com,newsletter,everyone,true
176995414,2025-10-25T04:05:28.022Z,edy.custine@orange.fr,newsletter,everyone,true
176995414,2025-10-25T04:05:28.047Z,lucreceamigues@gmail.com,newsletter,everyone,true
176995414,2025-10-25T04:05:28.049Z,hiriartclement@gmail.com,newsletter,everyone,true
176995414,2025-10-25T04:05:28.123Z,lea.tipi@gmail.com,newsletter,everyone,true
176995414,2025-10-25T04:05:28.196Z,alethdefonscolombe@gmail.com,newsletter,everyone,true
176995414,2025-10-25T04:05:28.249Z,bakaybea@gmail.com,newsletter,everyone,true
176995414,2025-10-25T04:05:28.272Z,madx93320@gmail.com,newsletter,everyone,true
176995414,2025-10-25T04:05:28.329Z,somialvi@gmail.com,newsletter,everyone,true
176995414,2025-10-25T04:05:28.431Z,guillaumesrz65@gmail.com,newsletter,everyone,true
176995414,2025-10-25T04:05:28.566Z,nani3864@gmail.com,newsletter,everyone,true
176995414,2025-10-25T04:05:28.668Z,fabasphil@yahoo.fr,newsletter,everyone,true
176995414,2025-10-25T04:05:28.798Z,lorine.basquebouvier@gmail.com,newsletter,everyone,true
176995414,2025-10-25T04:05:28.858Z,jules.es@hotmail.fr,newsletter,everyone,true
176995414,2025-10-25T04:05:29.119Z,gabriella.daher@free.fr,newsletter,everyone,true
176995414,2025-10-25T04:05:29.159Z,marieperrenot@yahoo.fr,newsletter,everyone,true
176995414,2025-10-25T04:05:29.192Z,mfranc@csm.fr,newsletter,everyone,true
176995414,2025-10-25T04:05:29.394Z,duhaldebordebernadette@orange.fr,newsletter,everyone,true
176995414,2025-10-25T04:05:29.563Z,c.carrulla@orange.fr,newsletter,everyone,true
176995414,2025-10-25T04:05:29.891Z,cpnioche@outlook.com,newsletter,everyone,true
176995414,2025-10-25T04:05:31.060Z,agnes.lagrolet@orange.fr,newsletter,everyone,true
176995414,2025-10-25T04:05:31.215Z,achard.luc@wanadoo.fr,newsletter,everyone,true
