post_id,timestamp,email,post_type,post_audience,active_subscription
177083288,2025-10-26T04:06:06.016Z,etienne.roussin@gmail.com,newsletter,everyone,true
177083288,2025-10-26T04:06:06.288Z,karinba7@gmail.com,newsletter,everyone,true
177083288,2025-10-26T04:06:06.348Z,france.pittoresque@gmail.com,newsletter,everyone,true
177083288,2025-10-26T04:06:06.466Z,prof.georges.raad@gmail.com,newsletter,everyone,true
177083288,2025-10-26T04:06:06.566Z,sandunad1958@gmail.com,newsletter,everyone,true
177083288,2025-10-26T04:06:06.768Z,keraudrenp.501@gmail.com,newsletter,everyone,true
177083288,2025-10-26T04:06:06.878Z,sauzeatboris@gmail.com,newsletter,everyone,true
177083288,2025-10-26T04:06:06.879Z,virginie.blazy@gmail.com,newsletter,everyone,true
177083288,2025-10-26T04:06:06.895Z,lucilesarda38@gmail.com,newsletter,everyone,true
177083288,2025-10-26T04:06:06.918Z,lorine.basquebouvier@gmail.com,newsletter,everyone,true
177083288,2025-10-26T04:06:06.950Z,lucreceamigues@gmail.com,newsletter,everyone,true
177083288,2025-10-26T04:06:06.977Z,chris3005chp@gmail.com,newsletter,everyone,true
177083288,2025-10-26T04:06:07.016Z,somialvi@gmail.com,newsletter,everyone,true
177083288,2025-10-26T04:06:07.030Z,laetitiadebard64@gmail.com,newsletter,everyone,true
177083288,2025-10-26T04:06:07.088Z,fabienne.bastien1234@gmail.com,newsletter,everyone,true
177083288,2025-10-26T04:06:07.093Z,raad.brazil@gmail.com,newsletter,everyone,true
177083288,2025-10-26T04:06:07.096Z,aamayon@gmail.com,newsletter,everyone,true
177083288,2025-10-26T04:06:07.104Z,bakaybea@gmail.com,newsletter,everyone,true
177083288,2025-10-26T04:06:07.147Z,lea.tipi@gmail.com,newsletter,everyone,true
177083288,2025-10-26T04:06:07.178Z,david.tslocation@gmail.com,newsletter,everyone,true
177083288,2025-10-26T04:06:07.191Z,madx93320@gmail.com,newsletter,everyone,true
177083288,2025-10-26T04:06:07.336Z,agnes.lagrolet@orange.fr,newsletter,everyone,true
177083288,2025-10-26T04:06:07.353Z,alethdefonscolombe@gmail.com,newsletter,everyone,true
177083288,2025-10-26T04:06:07.405Z,guillaumesrz65@gmail.com,newsletter,everyone,true
177083288,2025-10-26T04:06:07.405Z,hiriartclement@gmail.com,newsletter,everyone,true
177083288,2025-10-26T04:06:07.470Z,carrulla.william@orange.fr,newsletter,everyone,true
177083288,2025-10-26T04:06:07.540Z,keraudrenp501@gmail.com,newsletter,everyone,true
177083288,2025-10-26T04:06:07.700Z,nani3864@gmail.com,newsletter,everyone,true
177083288,2025-10-26T04:06:07.765Z,edy.custine@orange.fr,newsletter,everyone,true
177083288,2025-10-26T04:06:07.808Z,cristinareus007@gmail.com,newsletter,everyone,true
177083288,2025-10-26T04:06:07.987Z,mfranc@csm.fr,newsletter,everyone,true
177083288,2025-10-26T04:06:08.001Z,sidonie.cieutat@yahoo.fr,newsletter,everyone,true
177083288,2025-10-26T04:06:08.105Z,gabriella.daher@free.fr,newsletter,everyone,true
177083288,2025-10-26T04:06:08.315Z,flomaps@gmail.com,newsletter,everyone,true
177083288,2025-10-26T04:06:08.593Z,cpnioche@outlook.com,newsletter,everyone,true
177083288,2025-10-26T04:06:08.849Z,marie-helene.soulier0705@orange.fr,newsletter,everyone,true
177083288,2025-10-26T04:06:08.899Z,jules.es@hotmail.fr,newsletter,everyone,true
177083288,2025-10-26T04:06:09.038Z,duhaldebordebernadette@orange.fr,newsletter,everyone,true
177083288,2025-10-26T04:06:09.054Z,fabasphil@yahoo.fr,newsletter,everyone,true
177083288,2025-10-26T04:06:09.205Z,marieperrenot@yahoo.fr,newsletter,everyone,true
177083288,2025-10-26T04:06:09.322Z,edouardhusson022@protonmail.com,newsletter,everyone,true
177083288,2025-10-26T04:06:09.434Z,c.carrulla@orange.fr,newsletter,everyone,true
177083288,2025-10-26T04:06:09.868Z,achard.luc@wanadoo.fr,newsletter,everyone,true
177083288,2025-10-26T04:06:11.424Z,Larousse44@orange.fr,newsletter,everyone,true
