post_id,timestamp,email,post_type,post_audience,active_subscription
177177735,2025-10-27T04:06:02.597Z,sandunad1958@gmail.com,newsletter,everyone,true
177177735,2025-10-27T04:06:02.735Z,marie-helene.soulier0705@orange.fr,newsletter,everyone,true
177177735,2025-10-27T04:06:02.975Z,prof.georges.raad@gmail.com,newsletter,everyone,true
177177735,2025-10-27T04:06:02.999Z,etienne.roussin@gmail.com,newsletter,everyone,true
177177735,2025-10-27T04:06:03.034Z,france.pittoresque@gmail.com,newsletter,everyone,true
177177735,2025-10-27T04:06:03.082Z,keraudrenp.501@gmail.com,newsletter,everyone,true
177177735,2025-10-27T04:06:03.139Z,chris3005chp@gmail.com,newsletter,everyone,true
177177735,2025-10-27T04:06:03.327Z,keraudrenp501@gmail.com,newsletter,everyone,true
177177735,2025-10-27T04:06:03.625Z,karinba7@gmail.com,newsletter,everyone,true
177177735,2025-10-27T04:06:03.853Z,virginie.blazy@gmail.com,newsletter,everyone,true
177177735,2025-10-27T04:06:03.997Z,sauzeatboris@gmail.com,newsletter,everyone,true
177177735,2025-10-27T04:06:04.445Z,edouardhusson022@protonmail.com,newsletter,everyone,true
177177735,2025-10-27T04:06:04.524Z,david.tslocation@gmail.com,newsletter,everyone,true
177177735,2025-10-27T04:06:04.583Z,Larousse44@orange.fr,newsletter,everyone,true
177177735,2025-10-27T04:06:04.991Z,cristinareus007@gmail.com,newsletter,everyone,true
177177735,2025-10-27T04:06:04.992Z,alethdefonscolombe@gmail.com,newsletter,everyone,true
177177735,2025-10-27T04:06:05.113Z,flomaps@gmail.com,newsletter,everyone,true
177177735,2025-10-27T04:06:05.131Z,sidonie.cieutat@yahoo.fr,newsletter,everyone,true
177177735,2025-10-27T04:06:05.331Z,nani3864@gmail.com,newsletter,everyone,true
177177735,2025-10-27T04:06:05.592Z,fabienne.bastien1234@gmail.com,newsletter,everyone,true
177177735,2025-10-27T04:06:05.606Z,lucilesarda38@gmail.com,newsletter,everyone,true
177177735,2025-10-27T04:06:05.642Z,laetitiadebard64@gmail.com,newsletter,everyone,true
177177735,2025-10-27T04:06:05.702Z,aamayon@gmail.com,newsletter,everyone,true
177177735,2025-10-27T04:06:05.742Z,madx93320@gmail.com,newsletter,everyone,true
177177735,2025-10-27T04:06:05.784Z,bakaybea@gmail.com,newsletter,everyone,true
177177735,2025-10-27T04:06:05.865Z,guillaumesrz65@gmail.com,newsletter,everyone,true
177177735,2025-10-27T04:06:05.931Z,gabriella.daher@free.fr,newsletter,everyone,true
177177735,2025-10-27T04:06:05.953Z,raad.brazil@gmail.com,newsletter,everyone,true
177177735,2025-10-27T04:06:05.960Z,somialvi@gmail.com,newsletter,everyone,true
177177735,2025-10-27T04:06:06.017Z,lea.tipi@gmail.com,newsletter,everyone,true
177177735,2025-10-27T04:06:06.085Z,lorine.basquebouvier@gmail.com,newsletter,everyone,true
177177735,2025-10-27T04:06:06.117Z,edy.custine@orange.fr,newsletter,everyone,true
177177735,2025-10-27T04:06:06.243Z,jules.es@hotmail.fr,newsletter,everyone,true
177177735,2025-10-27T04:06:06.435Z,lucreceamigues@gmail.com,newsletter,everyone,true
177177735,2025-10-27T04:06:06.584Z,hiriartclement@gmail.com,newsletter,everyone,true
177177735,2025-10-27T04:06:06.836Z,fabasphil@yahoo.fr,newsletter,everyone,true
177177735,2025-10-27T04:06:06.883Z,achard.luc@wanadoo.fr,newsletter,everyone,true
177177735,2025-10-27T04:06:07.080Z,c.carrulla@orange.fr,newsletter,everyone,true
177177735,2025-10-27T04:06:07.719Z,cpnioche@outlook.com,newsletter,everyone,true
177177735,2025-10-27T04:06:07.765Z,mfranc@csm.fr,newsletter,everyone,true
177177735,2025-10-27T04:06:12.379Z,marieperrenot@yahoo.fr,newsletter,everyone,true
177177735,2025-10-27T04:07:40.099Z,duhaldebordebernadette@orange.fr,newsletter,everyone,true
177177735,2025-10-27T04:07:52.639Z,agnes.lagrolet@orange.fr,newsletter,everyone,true
177177735,2025-10-27T04:09:31.541Z,carrulla.william@orange.fr,newsletter,everyone,true
