post_id,timestamp,email,post_type,post_audience,active_subscription
177201791,2025-10-28T04:25:33.993Z,sandunad1958@gmail.com,newsletter,everyone,true
177201791,2025-10-28T04:25:34.543Z,etienne.roussin@gmail.com,newsletter,everyone,true
177201791,2025-10-28T04:25:34.592Z,karinba7@gmail.com,newsletter,everyone,true
177201791,2025-10-28T04:25:34.720Z,keraudrenp501@gmail.com,newsletter,everyone,true
177201791,2025-10-28T04:25:35.350Z,cristinareus007@gmail.com,newsletter,everyone,true
177201791,2025-10-28T04:25:35.633Z,sauzeatboris@gmail.com,newsletter,everyone,true
177201791,2025-10-28T04:25:35.641Z,david.tslocation@gmail.com,newsletter,everyone,true
177201791,2025-10-28T04:25:35.647Z,keraudrenp.501@gmail.com,newsletter,everyone,true
177201791,2025-10-28T04:25:35.739Z,edy.custine@orange.fr,newsletter,everyone,true
177201791,2025-10-28T04:25:35.808Z,raad.brazil@gmail.com,newsletter,everyone,true
177201791,2025-10-28T04:25:35.901Z,fabienne.bastien1234@gmail.com,newsletter,everyone,true
177201791,2025-10-28T04:25:35.909Z,nani3864@gmail.com,newsletter,everyone,true
177201791,2025-10-28T04:25:35.953Z,marie-helene.soulier0705@orange.fr,newsletter,everyone,true
177201791,2025-10-28T04:25:35.955Z,flomaps@gmail.com,newsletter,everyone,true
177201791,2025-10-28T04:25:35.982Z,virginie.blazy@gmail.com,newsletter,everyone,true
177201791,2025-10-28T04:25:36.009Z,chris3005chp@gmail.com,newsletter,everyone,true
177201791,2025-10-28T04:25:36.026Z,lorine.basquebouvier@gmail.com,newsletter,everyone,true
177201791,2025-10-28T04:25:36.032Z,bakaybea@gmail.com,newsletter,everyone,true
177201791,2025-10-28T04:25:36.055Z,prof.georges.raad@gmail.com,newsletter,everyone,true
177201791,2025-10-28T04:25:36.092Z,jules.es@hotmail.fr,newsletter,everyone,true
177201791,2025-10-28T04:25:36.107Z,lucilesarda38@gmail.com,newsletter,everyone,true
177201791,2025-10-28T04:25:36.257Z,france.pittoresque@gmail.com,newsletter,everyone,true
177201791,2025-10-28T04:25:36.281Z,lea.tipi@gmail.com,newsletter,everyone,true
177201791,2025-10-28T04:25:36.312Z,guillaumesrz65@gmail.com,newsletter,everyone,true
177201791,2025-10-28T04:25:36.333Z,hiriartclement@gmail.com,newsletter,everyone,true
177201791,2025-10-28T04:25:36.364Z,cpnioche@outlook.com,newsletter,everyone,true
177201791,2025-10-28T04:25:36.400Z,sok-@hotmail.fr,newsletter,everyone,true
177201791,2025-10-28T04:25:36.404Z,sidonie.cieutat@yahoo.fr,newsletter,everyone,true
177201791,2025-10-28T04:25:36.503Z,somialvi@gmail.com,newsletter,everyone,true
177201791,2025-10-28T04:25:36.760Z,c.carrulla@orange.fr,newsletter,everyone,true
177201791,2025-10-28T04:25:36.865Z,madx93320@gmail.com,newsletter,everyone,true
177201791,2025-10-28T04:25:36.958Z,carrulla.william@orange.fr,newsletter,everyone,true
177201791,2025-10-28T04:25:37.016Z,fabasphil@yahoo.fr,newsletter,everyone,true
177201791,2025-10-28T04:25:37.141Z,alethdefonscolombe@gmail.com,newsletter,everyone,true
177201791,2025-10-28T04:25:37.165Z,duhaldebordebernadette@orange.fr,newsletter,everyone,true
177201791,2025-10-28T04:25:37.249Z,mfranc@csm.fr,newsletter,everyone,true
177201791,2025-10-28T04:25:37.263Z,laetitiadebard64@gmail.com,newsletter,everyone,true
177201791,2025-10-28T04:25:37.348Z,gabriella.daher@free.fr,newsletter,everyone,true
177201791,2025-10-28T04:25:37.365Z,agnes.lagrolet@orange.fr,newsletter,everyone,true
177201791,2025-10-28T04:25:37.563Z,lucreceamigues@gmail.com,newsletter,everyone,true
177201791,2025-10-28T04:25:37.578Z,aamayon@gmail.com,newsletter,everyone,true
177201791,2025-10-28T04:25:37.733Z,achard.luc@wanadoo.fr,newsletter,everyone,true
177201791,2025-10-28T04:25:37.757Z,edouardhusson022@protonmail.com,newsletter,everyone,true
177201791,2025-10-28T04:25:38.061Z,Larousse44@orange.fr,newsletter,everyone,true
177201791,2025-10-28T04:25:38.543Z,marieperrenot@yahoo.fr,newsletter,everyone,true
