post_id,timestamp,email,post_type,post_audience,active_subscription
177248899,2025-11-07T04:05:43.752Z,france.pittoresque@gmail.com,newsletter,everyone,true
177248899,2025-11-07T04:05:43.910Z,prof.georges.raad@gmail.com,newsletter,everyone,true
177248899,2025-11-07T04:05:43.920Z,karinba7@gmail.com,newsletter,everyone,true
177248899,2025-11-07T04:05:43.927Z,keraudrenp.501@gmail.com,newsletter,everyone,true
177248899,2025-11-07T04:05:43.928Z,chris3005chp@gmail.com,newsletter,everyone,true
177248899,2025-11-07T04:05:44.202Z,sandunad1958@gmail.com,newsletter,everyone,true
177248899,2025-11-07T04:05:44.204Z,sauzeatboris@gmail.com,newsletter,everyone,true
177248899,2025-11-07T04:05:44.230Z,junior.moudjih@gmail.com,newsletter,everyone,true
177248899,2025-11-07T04:05:44.285Z,virginie.blazy@gmail.com,newsletter,everyone,true
177248899,2025-11-07T04:05:44.493Z,marie-helene.soulier0705@orange.fr,newsletter,everyone,true
177248899,2025-11-07T04:05:44.503Z,fabrice.collette@free.fr,newsletter,everyone,true
177248899,2025-11-07T04:05:44.539Z,amonnetstaath@gmail.com,newsletter,everyone,true
177248899,2025-11-07T04:05:44.737Z,cristinareus007@gmail.com,newsletter,everyone,true
177248899,2025-11-07T04:05:44.773Z,alethdefonscolombe@gmail.com,newsletter,everyone,true
177248899,2025-11-07T04:05:44.827Z,david.tslocation@gmail.com,newsletter,everyone,true
177248899,2025-11-07T04:05:44.841Z,keraudrenp501@gmail.com,newsletter,everyone,true
177248899,2025-11-07T04:05:45.213Z,ptk.boquet@gmail.com,newsletter,everyone,true
177248899,2025-11-07T04:05:45.270Z,sidonie.cieutat@yahoo.fr,newsletter,everyone,true
177248899,2025-11-07T04:05:45.279Z,jules.es@hotmail.fr,newsletter,everyone,true
177248899,2025-11-07T04:05:45.302Z,alicelydia222@gmail.com,newsletter,everyone,true
177248899,2025-11-07T04:05:45.421Z,Larousse44@orange.fr,newsletter,everyone,true
177248899,2025-11-07T04:05:45.527Z,c.carrulla@orange.fr,newsletter,everyone,true
177248899,2025-11-07T04:05:45.570Z,flomaps@gmail.com,newsletter,everyone,true
177248899,2025-11-07T04:05:45.720Z,carrulla.william@orange.fr,newsletter,everyone,true
177248899,2025-11-07T04:05:45.967Z,sok-@hotmail.fr,newsletter,everyone,true
177248899,2025-11-07T04:05:46.472Z,somialvi@gmail.com,newsletter,everyone,true
177248899,2025-11-07T04:05:46.649Z,fabienne.bastien1234@gmail.com,newsletter,everyone,true
177248899,2025-11-07T04:05:46.696Z,lucreceamigues@gmail.com,newsletter,everyone,true
177248899,2025-11-07T04:05:46.710Z,laetitiadebard64@gmail.com,newsletter,everyone,true
177248899,2025-11-07T04:05:46.817Z,hiriartclement@gmail.com,newsletter,everyone,true
177248899,2025-11-07T04:05:46.849Z,bakaybea@gmail.com,newsletter,everyone,true
177248899,2025-11-07T04:05:46.853Z,cpnioche@outlook.com,newsletter,everyone,true
177248899,2025-11-07T04:05:46.855Z,lea.tipi@gmail.com,newsletter,everyone,true
177248899,2025-11-07T04:05:46.916Z,aamayon@gmail.com,newsletter,everyone,true
177248899,2025-11-07T04:05:46.957Z,perones-motets-0n@icloud.com,newsletter,everyone,true
177248899,2025-11-07T04:05:47.130Z,madx93320@gmail.com,newsletter,everyone,true
177248899,2025-11-07T04:05:47.152Z,duhaldebordebernadette@orange.fr,newsletter,everyone,true
177248899,2025-11-07T04:05:47.212Z,nani3864@gmail.com,newsletter,everyone,true
177248899,2025-11-07T04:05:47.235Z,achard.luc@wanadoo.fr,newsletter,everyone,true
177248899,2025-11-07T04:05:47.340Z,marieperrenot@yahoo.fr,newsletter,everyone,true
177248899,2025-11-07T04:05:47.370Z,guillaumesrz65@gmail.com,newsletter,everyone,true
177248899,2025-11-07T04:05:47.431Z,lorine.basquebouvier@gmail.com,newsletter,everyone,true
177248899,2025-11-07T04:05:47.473Z,lucilesarda38@gmail.com,newsletter,everyone,true
177248899,2025-11-07T04:05:47.557Z,agnes.lagrolet@orange.fr,newsletter,everyone,true
177248899,2025-11-07T04:05:47.634Z,gabriella.daher@free.fr,newsletter,everyone,true
177248899,2025-11-07T04:05:47.811Z,raad.brazil@gmail.com,newsletter,everyone,true
177248899,2025-11-07T04:05:47.870Z,fabasphil@yahoo.fr,newsletter,everyone,true
177248899,2025-11-07T04:05:47.973Z,edouardhusson022@protonmail.com,newsletter,everyone,true
177248899,2025-11-07T04:05:49.329Z,mfranc@csm.fr,newsletter,everyone,true
177248899,2025-11-07T04:07:08.947Z,edy.custine@orange.fr,newsletter,everyone,true
