post_id,timestamp,email,post_type,post_audience,active_subscription
177350612,2025-10-29T04:07:20.989Z,sandunad1958@gmail.com,newsletter,everyone,true
177350612,2025-10-29T04:07:21.007Z,etienne.roussin@gmail.com,newsletter,everyone,true
177350612,2025-10-29T04:07:21.055Z,france.pittoresque@gmail.com,newsletter,everyone,true
177350612,2025-10-29T04:07:21.071Z,chris3005chp@gmail.com,newsletter,everyone,true
177350612,2025-10-29T04:07:21.145Z,prof.georges.raad@gmail.com,newsletter,everyone,true
177350612,2025-10-29T04:07:21.432Z,keraudrenp501@gmail.com,newsletter,everyone,true
177350612,2025-10-29T04:07:21.512Z,keraudrenp.501@gmail.com,newsletter,everyone,true
177350612,2025-10-29T04:07:21.742Z,virginie.blazy@gmail.com,newsletter,everyone,true
177350612,2025-10-29T04:07:21.786Z,karinba7@gmail.com,newsletter,everyone,true
177350612,2025-10-29T04:07:22.061Z,sauzeatboris@gmail.com,newsletter,everyone,true
177350612,2025-10-29T04:07:22.065Z,alethdefonscolombe@gmail.com,newsletter,everyone,true
177350612,2025-10-29T04:07:22.177Z,fabienne.bastien1234@gmail.com,newsletter,everyone,true
177350612,2025-10-29T04:07:22.203Z,david.tslocation@gmail.com,newsletter,everyone,true
177350612,2025-10-29T04:07:22.230Z,lucilesarda38@gmail.com,newsletter,everyone,true
177350612,2025-10-29T04:07:22.233Z,raad.brazil@gmail.com,newsletter,everyone,true
177350612,2025-10-29T04:07:22.235Z,sok-@hotmail.fr,newsletter,everyone,true
177350612,2025-10-29T04:07:22.285Z,lea.tipi@gmail.com,newsletter,everyone,true
177350612,2025-10-29T04:07:22.313Z,laetitiadebard64@gmail.com,newsletter,everyone,true
177350612,2025-10-29T04:07:22.354Z,hiriartclement@gmail.com,newsletter,everyone,true
177350612,2025-10-29T04:07:22.355Z,carrulla.william@orange.fr,newsletter,everyone,true
177350612,2025-10-29T04:07:22.454Z,jules.es@hotmail.fr,newsletter,everyone,true
177350612,2025-10-29T04:07:22.554Z,lorine.basquebouvier@gmail.com,newsletter,everyone,true
177350612,2025-10-29T04:07:22.563Z,agnes.lagrolet@orange.fr,newsletter,everyone,true
177350612,2025-10-29T04:07:22.652Z,Larousse44@orange.fr,newsletter,everyone,true
177350612,2025-10-29T04:07:22.738Z,aamayon@gmail.com,newsletter,everyone,true
177350612,2025-10-29T04:07:22.748Z,somialvi@gmail.com,newsletter,everyone,true
177350612,2025-10-29T04:07:22.770Z,nani3864@gmail.com,newsletter,everyone,true
177350612,2025-10-29T04:07:22.831Z,guillaumesrz65@gmail.com,newsletter,everyone,true
177350612,2025-10-29T04:07:22.958Z,lucreceamigues@gmail.com,newsletter,everyone,true
177350612,2025-10-29T04:07:22.961Z,flomaps@gmail.com,newsletter,everyone,true
177350612,2025-10-29T04:07:22.989Z,bakaybea@gmail.com,newsletter,everyone,true
177350612,2025-10-29T04:07:23.091Z,duhaldebordebernadette@orange.fr,newsletter,everyone,true
177350612,2025-10-29T04:07:23.128Z,cristinareus007@gmail.com,newsletter,everyone,true
177350612,2025-10-29T04:07:23.129Z,madx93320@gmail.com,newsletter,everyone,true
177350612,2025-10-29T04:07:23.305Z,edy.custine@orange.fr,newsletter,everyone,true
177350612,2025-10-29T04:07:23.497Z,edouardhusson022@protonmail.com,newsletter,everyone,true
177350612,2025-10-29T04:07:23.499Z,fabasphil@yahoo.fr,newsletter,everyone,true
177350612,2025-10-29T04:07:23.575Z,cpnioche@outlook.com,newsletter,everyone,true
177350612,2025-10-29T04:07:23.584Z,gabriella.daher@free.fr,newsletter,everyone,true
177350612,2025-10-29T04:07:23.708Z,mfranc@csm.fr,newsletter,everyone,true
177350612,2025-10-29T04:07:23.903Z,sidonie.cieutat@yahoo.fr,newsletter,everyone,true
177350612,2025-10-29T04:07:23.908Z,marieperrenot@yahoo.fr,newsletter,everyone,true
177350612,2025-10-29T04:08:25.381Z,marie-helene.soulier0705@orange.fr,newsletter,everyone,true
177350612,2025-10-29T04:08:31.976Z,achard.luc@wanadoo.fr,newsletter,everyone,true
177350612,2025-10-29T04:09:17.402Z,c.carrulla@orange.fr,newsletter,everyone,true
