post_id,timestamp,email,post_type,post_audience,active_subscription
177460211,2025-10-30T04:07:13.678Z,sandunad1958@gmail.com,newsletter,everyone,true
177460211,2025-10-30T04:07:13.936Z,chris3005chp@gmail.com,newsletter,everyone,true
177460211,2025-10-30T04:07:13.999Z,france.pittoresque@gmail.com,newsletter,everyone,true
177460211,2025-10-30T04:07:14.059Z,keraudrenp.501@gmail.com,newsletter,everyone,true
177460211,2025-10-30T04:07:14.147Z,marie-helene.soulier0705@orange.fr,newsletter,everyone,true
177460211,2025-10-30T04:07:14.215Z,cristinareus007@gmail.com,newsletter,everyone,true
177460211,2025-10-30T04:07:14.471Z,david.tslocation@gmail.com,newsletter,everyone,true
177460211,2025-10-30T04:07:14.509Z,alethdefonscolombe@gmail.com,newsletter,everyone,true
177460211,2025-10-30T04:07:14.560Z,edy.custine@orange.fr,newsletter,everyone,true
177460211,2025-10-30T04:07:14.583Z,karinba7@gmail.com,newsletter,everyone,true
177460211,2025-10-30T04:07:14.612Z,jules.es@hotmail.fr,newsletter,everyone,true
177460211,2025-10-30T04:07:14.629Z,c.carrulla@orange.fr,newsletter,everyone,true
177460211,2025-10-30T04:07:14.639Z,Larousse44@orange.fr,newsletter,everyone,true
177460211,2025-10-30T04:07:14.670Z,carrulla.william@orange.fr,newsletter,everyone,true
177460211,2025-10-30T04:07:14.719Z,lucreceamigues@gmail.com,newsletter,everyone,true
177460211,2025-10-30T04:07:14.751Z,fabienne.bastien1234@gmail.com,newsletter,everyone,true
177460211,2025-10-30T04:07:14.772Z,etienne.roussin@gmail.com,newsletter,everyone,true
177460211,2025-10-30T04:07:14.802Z,keraudrenp501@gmail.com,newsletter,everyone,true
177460211,2025-10-30T04:07:14.866Z,raad.brazil@gmail.com,newsletter,everyone,true
177460211,2025-10-30T04:07:14.921Z,bakaybea@gmail.com,newsletter,everyone,true
177460211,2025-10-30T04:07:14.945Z,madx93320@gmail.com,newsletter,everyone,true
177460211,2025-10-30T04:07:14.994Z,virginie.blazy@gmail.com,newsletter,everyone,true
177460211,2025-10-30T04:07:14.996Z,achard.luc@wanadoo.fr,newsletter,everyone,true
177460211,2025-10-30T04:07:15.043Z,sauzeatboris@gmail.com,newsletter,everyone,true
177460211,2025-10-30T04:07:15.055Z,lucilesarda38@gmail.com,newsletter,everyone,true
177460211,2025-10-30T04:07:15.107Z,sok-@hotmail.fr,newsletter,everyone,true
177460211,2025-10-30T04:07:15.135Z,agnes.lagrolet@orange.fr,newsletter,everyone,true
177460211,2025-10-30T04:07:15.151Z,laetitiadebard64@gmail.com,newsletter,everyone,true
177460211,2025-10-30T04:07:15.175Z,aamayon@gmail.com,newsletter,everyone,true
177460211,2025-10-30T04:07:15.185Z,lorine.basquebouvier@gmail.com,newsletter,everyone,true
177460211,2025-10-30T04:07:15.241Z,flomaps@gmail.com,newsletter,everyone,true
177460211,2025-10-30T04:07:15.241Z,sidonie.cieutat@yahoo.fr,newsletter,everyone,true
177460211,2025-10-30T04:07:15.325Z,nani3864@gmail.com,newsletter,everyone,true
177460211,2025-10-30T04:07:15.364Z,lea.tipi@gmail.com,newsletter,everyone,true
177460211,2025-10-30T04:07:15.396Z,somialvi@gmail.com,newsletter,everyone,true
177460211,2025-10-30T04:07:15.439Z,hiriartclement@gmail.com,newsletter,everyone,true
177460211,2025-10-30T04:07:15.536Z,prof.georges.raad@gmail.com,newsletter,everyone,true
177460211,2025-10-30T04:07:15.570Z,guillaumesrz65@gmail.com,newsletter,everyone,true
177460211,2025-10-30T04:07:15.721Z,fabasphil@yahoo.fr,newsletter,everyone,true
177460211,2025-10-30T04:07:16.124Z,cpnioche@outlook.com,newsletter,everyone,true
177460211,2025-10-30T04:07:16.572Z,edouardhusson022@protonmail.com,newsletter,everyone,true
177460211,2025-10-30T04:07:16.726Z,mfranc@csm.fr,newsletter,everyone,true
177460211,2025-10-30T04:07:16.938Z,gabriella.daher@free.fr,newsletter,everyone,true
177460211,2025-10-30T04:07:17.681Z,marieperrenot@yahoo.fr,newsletter,everyone,true
177460211,2025-10-30T04:08:26.974Z,duhaldebordebernadette@orange.fr,newsletter,everyone,true
