post_id,timestamp,email,post_type,post_audience,active_subscription
177560969,2025-10-31T04:14:24.292Z,sandunad1958@gmail.com,newsletter,everyone,true
177560969,2025-10-31T04:14:24.347Z,keraudrenp.501@gmail.com,newsletter,everyone,true
177560969,2025-10-31T04:14:24.360Z,france.pittoresque@gmail.com,newsletter,everyone,true
177560969,2025-10-31T04:14:24.397Z,keraudrenp501@gmail.com,newsletter,everyone,true
177560969,2025-10-31T04:14:24.443Z,prof.georges.raad@gmail.com,newsletter,everyone,true
177560969,2025-10-31T04:14:24.578Z,etienne.roussin@gmail.com,newsletter,everyone,true
177560969,2025-10-31T04:14:24.973Z,karinba7@gmail.com,newsletter,everyone,true
177560969,2025-10-31T04:14:25.015Z,cristinareus007@gmail.com,newsletter,everyone,true
177560969,2025-10-31T04:14:25.058Z,chris3005chp@gmail.com,newsletter,everyone,true
177560969,2025-10-31T04:14:25.252Z,marie-helene.soulier0705@orange.fr,newsletter,everyone,true
177560969,2025-10-31T04:14:25.532Z,david.tslocation@gmail.com,newsletter,everyone,true
177560969,2025-10-31T04:14:25.558Z,flomaps@gmail.com,newsletter,everyone,true
177560969,2025-10-31T04:14:25.672Z,sidonie.cieutat@yahoo.fr,newsletter,everyone,true
177560969,2025-10-31T04:14:25.681Z,alethdefonscolombe@gmail.com,newsletter,everyone,true
177560969,2025-10-31T04:14:25.719Z,sauzeatboris@gmail.com,newsletter,everyone,true
177560969,2025-10-31T04:14:25.954Z,nani3864@gmail.com,newsletter,everyone,true
177560969,2025-10-31T04:14:25.959Z,laetitiadebard64@gmail.com,newsletter,everyone,true
177560969,2025-10-31T04:14:26.045Z,raad.brazil@gmail.com,newsletter,everyone,true
177560969,2025-10-31T04:14:26.061Z,fabienne.bastien1234@gmail.com,newsletter,everyone,true
177560969,2025-10-31T04:14:26.116Z,Larousse44@orange.fr,newsletter,everyone,true
177560969,2025-10-31T04:14:26.149Z,lucilesarda38@gmail.com,newsletter,everyone,true
177560969,2025-10-31T04:14:26.222Z,virginie.blazy@gmail.com,newsletter,everyone,true
177560969,2025-10-31T04:14:26.383Z,lea.tipi@gmail.com,newsletter,everyone,true
177560969,2025-10-31T04:14:26.465Z,bakaybea@gmail.com,newsletter,everyone,true
177560969,2025-10-31T04:14:26.531Z,madx93320@gmail.com,newsletter,everyone,true
177560969,2025-10-31T04:14:26.533Z,aamayon@gmail.com,newsletter,everyone,true
177560969,2025-10-31T04:14:26.548Z,lucreceamigues@gmail.com,newsletter,everyone,true
177560969,2025-10-31T04:14:26.616Z,somialvi@gmail.com,newsletter,everyone,true
177560969,2025-10-31T04:14:26.621Z,guillaumesrz65@gmail.com,newsletter,everyone,true
177560969,2025-10-31T04:14:26.622Z,c.carrulla@orange.fr,newsletter,everyone,true
177560969,2025-10-31T04:14:26.803Z,sok-@hotmail.fr,newsletter,everyone,true
177560969,2025-10-31T04:14:26.817Z,hiriartclement@gmail.com,newsletter,everyone,true
177560969,2025-10-31T04:14:26.883Z,lorine.basquebouvier@gmail.com,newsletter,everyone,true
177560969,2025-10-31T04:14:27.100Z,jules.es@hotmail.fr,newsletter,everyone,true
177560969,2025-10-31T04:14:27.532Z,fabasphil@yahoo.fr,newsletter,everyone,true
177560969,2025-10-31T04:14:27.704Z,mfranc@csm.fr,newsletter,everyone,true
177560969,2025-10-31T04:14:27.721Z,duhaldebordebernadette@orange.fr,newsletter,everyone,true
177560969,2025-10-31T04:14:27.726Z,achard.luc@wanadoo.fr,newsletter,everyone,true
177560969,2025-10-31T04:14:28.180Z,edouardhusson022@protonmail.com,newsletter,everyone,true
177560969,2025-10-31T04:14:28.566Z,cpnioche@outlook.com,newsletter,everyone,true
177560969,2025-10-31T04:14:28.591Z,marieperrenot@yahoo.fr,newsletter,everyone,true
177560969,2025-10-31T04:14:30.533Z,carrulla.william@orange.fr,newsletter,everyone,true
177560969,2025-10-31T04:14:31.416Z,edy.custine@orange.fr,newsletter,everyone,true
177560969,2025-10-31T04:14:32.339Z,agnes.lagrolet@orange.fr,newsletter,everyone,true
