post_id,timestamp,email,post_type,post_audience,active_subscription
177750943,2025-11-03T02:05:24.460Z,etienne.roussin@gmail.com,newsletter,everyone,true
177750943,2025-11-03T02:05:24.502Z,sandunad1958@gmail.com,newsletter,everyone,true
177750943,2025-11-03T02:05:24.570Z,keraudrenp.501@gmail.com,newsletter,everyone,true
177750943,2025-11-03T02:05:24.572Z,karinba7@gmail.com,newsletter,everyone,true
177750943,2025-11-03T02:05:24.591Z,chris3005chp@gmail.com,newsletter,everyone,true
177750943,2025-11-03T02:05:24.703Z,junior.moudjih@gmail.com,newsletter,everyone,true
177750943,2025-11-03T02:05:24.929Z,prof.georges.raad@gmail.com,newsletter,everyone,true
177750943,2025-11-03T02:05:24.991Z,sauzeatboris@gmail.com,newsletter,everyone,true
177750943,2025-11-03T02:05:25.092Z,france.pittoresque@gmail.com,newsletter,everyone,true
177750943,2025-11-03T02:05:25.208Z,virginie.blazy@gmail.com,newsletter,everyone,true
177750943,2025-11-03T02:05:25.270Z,keraudrenp501@gmail.com,newsletter,everyone,true
177750943,2025-11-03T02:05:25.440Z,cristinareus007@gmail.com,newsletter,everyone,true
177750943,2025-11-03T02:05:25.593Z,marie-helene.soulier0705@orange.fr,newsletter,everyone,true
177750943,2025-11-03T02:05:25.795Z,alethdefonscolombe@gmail.com,newsletter,everyone,true
177750943,2025-11-03T02:05:25.906Z,jules.es@hotmail.fr,newsletter,everyone,true
177750943,2025-11-03T02:05:26.090Z,laetitiadebard64@gmail.com,newsletter,everyone,true
177750943,2025-11-03T02:05:26.093Z,sok-@hotmail.fr,newsletter,everyone,true
177750943,2025-11-03T02:05:26.113Z,alicelydia222@gmail.com,newsletter,everyone,true
177750943,2025-11-03T02:05:26.113Z,fabienne.bastien1234@gmail.com,newsletter,everyone,true
177750943,2025-11-03T02:05:26.125Z,lucilesarda38@gmail.com,newsletter,everyone,true
177750943,2025-11-03T02:05:26.163Z,nani3864@gmail.com,newsletter,everyone,true
177750943,2025-11-03T02:05:26.166Z,guillaumesrz65@gmail.com,newsletter,everyone,true
177750943,2025-11-03T02:05:26.216Z,madx93320@gmail.com,newsletter,everyone,true
177750943,2025-11-03T02:05:26.292Z,sidonie.cieutat@yahoo.fr,newsletter,everyone,true
177750943,2025-11-03T02:05:26.335Z,lorine.basquebouvier@gmail.com,newsletter,everyone,true
177750943,2025-11-03T02:05:26.432Z,lea.tipi@gmail.com,newsletter,everyone,true
177750943,2025-11-03T02:05:26.481Z,agnes.lagrolet@orange.fr,newsletter,everyone,true
177750943,2025-11-03T02:05:26.534Z,bakaybea@gmail.com,newsletter,everyone,true
177750943,2025-11-03T02:05:26.669Z,hiriartclement@gmail.com,newsletter,everyone,true
177750943,2025-11-03T02:05:26.786Z,somialvi@gmail.com,newsletter,everyone,true
177750943,2025-11-03T02:05:26.797Z,lucreceamigues@gmail.com,newsletter,everyone,true
177750943,2025-11-03T02:05:26.894Z,david.tslocation@gmail.com,newsletter,everyone,true
177750943,2025-11-03T02:05:26.971Z,edy.custine@orange.fr,newsletter,everyone,true
177750943,2025-11-03T02:05:27.011Z,fabasphil@yahoo.fr,newsletter,everyone,true
177750943,2025-11-03T02:05:27.159Z,Larousse44@orange.fr,newsletter,everyone,true
177750943,2025-11-03T02:05:27.204Z,fabrice.collette@free.fr,newsletter,everyone,true
177750943,2025-11-03T02:05:27.211Z,cpnioche@outlook.com,newsletter,everyone,true
177750943,2025-11-03T02:05:27.377Z,achard.luc@wanadoo.fr,newsletter,everyone,true
177750943,2025-11-03T02:05:27.394Z,flomaps@gmail.com,newsletter,everyone,true
177750943,2025-11-03T02:05:27.532Z,aamayon@gmail.com,newsletter,everyone,true
177750943,2025-11-03T02:05:27.858Z,duhaldebordebernadette@orange.fr,newsletter,everyone,true
177750943,2025-11-03T02:05:27.882Z,raad.brazil@gmail.com,newsletter,everyone,true
177750943,2025-11-03T02:05:28.184Z,mfranc@csm.fr,newsletter,everyone,true
177750943,2025-11-03T02:05:28.411Z,carrulla.william@orange.fr,newsletter,everyone,true
177750943,2025-11-03T02:05:28.681Z,gabriella.daher@free.fr,newsletter,everyone,true
177750943,2025-11-03T02:05:28.790Z,c.carrulla@orange.fr,newsletter,everyone,true
177750943,2025-11-03T02:05:29.345Z,marieperrenot@yahoo.fr,newsletter,everyone,true
177750943,2025-11-03T02:05:30.632Z,perones-motets-0n@icloud.com,newsletter,everyone,true
177750943,2025-11-03T02:05:33.900Z,edouardhusson022@protonmail.com,newsletter,everyone,true
