post_id,timestamp,email,post_type,post_audience,active_subscription
177814744,2025-11-04T04:38:06.431Z,sandunad1958@gmail.com,newsletter,everyone,true
177814744,2025-11-04T04:38:06.789Z,chris3005chp@gmail.com,newsletter,everyone,true
177814744,2025-11-04T04:38:06.825Z,karinba7@gmail.com,newsletter,everyone,true
177814744,2025-11-04T04:38:06.860Z,junior.moudjih@gmail.com,newsletter,everyone,true
177814744,2025-11-04T04:38:07.177Z,france.pittoresque@gmail.com,newsletter,everyone,true
177814744,2025-11-04T04:38:07.445Z,keraudrenp.501@gmail.com,newsletter,everyone,true
177814744,2025-11-04T04:38:07.454Z,marie-helene.soulier0705@orange.fr,newsletter,everyone,true
177814744,2025-11-04T04:38:07.493Z,keraudrenp501@gmail.com,newsletter,everyone,true
177814744,2025-11-04T04:38:07.648Z,prof.georges.raad@gmail.com,newsletter,everyone,true
177814744,2025-11-04T04:38:07.860Z,virginie.blazy@gmail.com,newsletter,everyone,true
177814744,2025-11-04T04:38:07.966Z,alethdefonscolombe@gmail.com,newsletter,everyone,true
177814744,2025-11-04T04:38:08.123Z,david.tslocation@gmail.com,newsletter,everyone,true
177814744,2025-11-04T04:38:08.179Z,alicelydia222@gmail.com,newsletter,everyone,true
177814744,2025-11-04T04:38:08.280Z,etienne.roussin@gmail.com,newsletter,everyone,true
177814744,2025-11-04T04:38:08.338Z,jules.es@hotmail.fr,newsletter,everyone,true
177814744,2025-11-04T04:38:08.420Z,flomaps@gmail.com,newsletter,everyone,true
177814744,2025-11-04T04:38:08.679Z,nani3864@gmail.com,newsletter,everyone,true
177814744,2025-11-04T04:38:08.737Z,somialvi@gmail.com,newsletter,everyone,true
177814744,2025-11-04T04:38:08.795Z,edouardhusson022@protonmail.com,newsletter,everyone,true
177814744,2025-11-04T04:38:08.841Z,laetitiadebard64@gmail.com,newsletter,everyone,true
177814744,2025-11-04T04:38:08.935Z,hiriartclement@gmail.com,newsletter,everyone,true
177814744,2025-11-04T04:38:08.939Z,bakaybea@gmail.com,newsletter,everyone,true
177814744,2025-11-04T04:38:09.005Z,lucreceamigues@gmail.com,newsletter,everyone,true
177814744,2025-11-04T04:38:09.104Z,fabienne.bastien1234@gmail.com,newsletter,everyone,true
177814744,2025-11-04T04:38:09.106Z,raad.brazil@gmail.com,newsletter,everyone,true
177814744,2025-11-04T04:38:09.168Z,madx93320@gmail.com,newsletter,everyone,true
177814744,2025-11-04T04:38:09.234Z,sauzeatboris@gmail.com,newsletter,everyone,true
177814744,2025-11-04T04:38:09.258Z,edy.custine@orange.fr,newsletter,everyone,true
177814744,2025-11-04T04:38:09.274Z,carrulla.william@orange.fr,newsletter,everyone,true
177814744,2025-11-04T04:38:09.326Z,sok-@hotmail.fr,newsletter,everyone,true
177814744,2025-11-04T04:38:09.418Z,aamayon@gmail.com,newsletter,everyone,true
177814744,2025-11-04T04:38:09.464Z,c.carrulla@orange.fr,newsletter,everyone,true
177814744,2025-11-04T04:38:09.471Z,lucilesarda38@gmail.com,newsletter,everyone,true
177814744,2025-11-04T04:38:09.520Z,cristinareus007@gmail.com,newsletter,everyone,true
177814744,2025-11-04T04:38:09.566Z,guillaumesrz65@gmail.com,newsletter,everyone,true
177814744,2025-11-04T04:38:09.652Z,sidonie.cieutat@yahoo.fr,newsletter,everyone,true
177814744,2025-11-04T04:38:09.675Z,fabrice.collette@free.fr,newsletter,everyone,true
177814744,2025-11-04T04:38:09.984Z,mfranc@csm.fr,newsletter,everyone,true
177814744,2025-11-04T04:38:10.081Z,lorine.basquebouvier@gmail.com,newsletter,everyone,true
177814744,2025-11-04T04:38:10.170Z,gabriella.daher@free.fr,newsletter,everyone,true
177814744,2025-11-04T04:38:10.244Z,agnes.lagrolet@orange.fr,newsletter,everyone,true
177814744,2025-11-04T04:38:10.255Z,lea.tipi@gmail.com,newsletter,everyone,true
177814744,2025-11-04T04:38:10.277Z,cpnioche@outlook.com,newsletter,everyone,true
177814744,2025-11-04T04:38:10.366Z,marieperrenot@yahoo.fr,newsletter,everyone,true
177814744,2025-11-04T04:38:10.654Z,duhaldebordebernadette@orange.fr,newsletter,everyone,true
177814744,2025-11-04T04:38:10.803Z,Larousse44@orange.fr,newsletter,everyone,true
177814744,2025-11-04T04:38:10.948Z,fabasphil@yahoo.fr,newsletter,everyone,true
177814744,2025-11-04T04:38:11.208Z,achard.luc@wanadoo.fr,newsletter,everyone,true
177814744,2025-11-04T04:38:12.886Z,perones-motets-0n@icloud.com,newsletter,everyone,true
