post_id,timestamp,email,post_type,post_audience,active_subscription,country,city,region,device_type,client_os,client_type,user_agent
177922201,2025-11-05T04:11:23.807Z,etienne.roussin@gmail.com,newsletter,everyone,true,US,,,,,,Mozilla/5.0 (Windows NT 5.1; rv:11.0) Gecko Firefox/11.0 (via ggpht.com GoogleImageProxy)
177922201,2025-11-05T04:17:55.337Z,mfranc@csm.fr,newsletter,everyone,true,FR,,,,,,Mozilla/5.0
177922201,2025-11-05T04:20:07.710Z,lorine.basquebouvier@gmail.com,newsletter,everyone,true,FR,,,,,,Mozilla/5.0
177922201,2025-11-05T04:25:21.167Z,somialvi@gmail.com,newsletter,everyone,true,FR,,,,,,Mozilla/5.0 (Windows NT 10.0; Win64; x64; rv:144.0) Gecko/20100101 Thunderbird/144.0.1
177922201,2025-11-05T04:25:38.683Z,somialvi@gmail.com,newsletter,everyone,true,FR,,,,,,Mozilla/5.0 (Windows NT 10.0; Win64; x64; rv:144.0) Gecko/20100101 Thunderbird/144.0.1
177922201,2025-11-05T04:43:31.123Z,sidonie.cieutat@yahoo.fr,newsletter,everyone,true,US,,,,,,Mozilla/5.0
177922201,2025-11-05T05:05:33.356Z,duhaldebordebernadette@orange.fr,newsletter,everyone,true,FR,,,,,,Mozilla/5.0
177922201,2025-11-05T05:08:38.149Z,laetitiadebard64@gmail.com,newsletter,everyone,true,US,,,,,,Mozilla/5.0 (Windows NT 5.1; rv:11.0) Gecko Firefox/11.0 (via ggpht.com GoogleImageProxy)
177922201,2025-11-05T05:59:34.525Z,somialvi@gmail.com,newsletter,everyone,true,FR,,,,,,Mozilla/5.0 (Windows NT 10.0; Win64; x64; rv:144.0) Gecko/20100101 Thunderbird/144.0.1
177922201,2025-11-05T06:04:18.842Z,agnes.lagrolet@orange.fr,newsletter,everyone,true,FR,,,,,,"Mozilla/5.0 (Linux; Android 12; SM-A415F Build/SP1A.210812.016; wv) AppleWebKit/537.36 (KHTML, like Gecko) Version/4.0 Chrome/141.0.7390.122 Mobile Safari/537.36"
177922201,2025-11-05T06:36:52.356Z,cristinareus007@gmail.com,newsletter,everyone,true,US,,,,,,Mozilla/5.0 (Windows NT 5.1; rv:11.0) Gecko Firefox/11.0 (via ggpht.com GoogleImageProxy)
177922201,2025-11-05T06:37:46.151Z,cristinareus007@gmail.com,newsletter,everyone,true,US,,,,,,Mozilla/5.0 (Windows NT 5.1; rv:11.0) Gecko Firefox/11.0 (via ggpht.com GoogleImageProxy)
177922201,2025-11-05T06:53:19.042Z,c.carrulla@orange.fr,newsletter,everyone,true,FR,,,,,,Mozilla/5.0
177922201,2025-11-05T07:11:21.388Z,agnes.lagrolet@orange.fr,newsletter,everyone,true,FR,,,,,,"Mozilla/5.0 (Linux; Android 12; SM-A415F Build/SP1A.210812.016; wv) AppleWebKit/537.36 (KHTML, like Gecko) Version/4.0 Chrome/141.0.7390.122 Mobile Safari/537.36"
177922201,2025-11-05T08:02:35.667Z,flomaps@gmail.com,newsletter,everyone,true,US,,,,,,Mozilla/5.0 (Windows NT 5.1; rv:11.0) Gecko Firefox/11.0 (via ggpht.com GoogleImageProxy)
177922201,2025-11-05T08:15:20.218Z,flomaps@gmail.com,newsletter,everyone,true,US,,,,,,Mozilla/5.0 (Windows NT 5.1; rv:11.0) Gecko Firefox/11.0 (via ggpht.com GoogleImageProxy)
177922201,2025-11-05T08:30:15.731Z,france.pittoresque@gmail.com,newsletter,everyone,true,FR,,,,,,Mozilla/5.0 (Windows NT 10.0; Win64; x64; rv:140.0) Gecko/20100101 Thunderbird/140.4.0
177922201,2025-11-05T08:45:30.519Z,aamayon@gmail.com,newsletter,everyone,true,US,,,,,,Mozilla/5.0 (Windows NT 5.1; rv:11.0) Gecko Firefox/11.0 (via ggpht.com GoogleImageProxy)
177922201,2025-11-05T09:31:41.133Z,somialvi@gmail.com,newsletter,everyone,true,US,,,,,,Mozilla/5.0 (Windows NT 5.1; rv:11.0) Gecko Firefox/11.0 (via ggpht.com GoogleImageProxy)
177922201,2025-11-05T09:46:14.145Z,laetitiadebard64@gmail.com,newsletter,everyone,true,US,,,,,,Mozilla/5.0 (Windows NT 5.1; rv:11.0) Gecko Firefox/11.0 (via ggpht.com GoogleImageProxy)
177922201,2025-11-05T09:46:29.335Z,laetitiadebard64@gmail.com,newsletter,everyone,true,US,,,,,,Mozilla/5.0 (Windows NT 5.1; rv:11.0) Gecko Firefox/11.0 (via ggpht.com GoogleImageProxy)
177922201,2025-11-05T09:48:07.623Z,somialvi@gmail.com,newsletter,everyone,true,US,,,,,,Mozilla/5.0 (Windows NT 5.1; rv:11.0) Gecko Firefox/11.0 (via ggpht.com GoogleImageProxy)
177922201,2025-11-05T11:30:55.676Z,karinba7@gmail.com,newsletter,everyone,true,US,,,,,,Mozilla/5.0 (Windows NT 5.1; rv:11.0) Gecko Firefox/11.0 (via ggpht.com GoogleImageProxy)
177922201,2025-11-05T11:44:23.258Z,achard.luc@wanadoo.fr,newsletter,everyone,true,US,,,,,,Mozilla/5.0
177922201,2025-11-05T12:17:32.061Z,gabriella.daher@free.fr,newsletter,everyone,true,US,,,,,,Mozilla/5.0
177922201,2025-11-05T12:20:38.832Z,nani3864@gmail.com,newsletter,everyone,true,US,,,,,,Mozilla/5.0 (Windows NT 5.1; rv:11.0) Gecko Firefox/11.0 (via ggpht.com GoogleImageProxy)
177922201,2025-11-05T12:44:12.104Z,somialvi@gmail.com,newsletter,everyone,true,US,,,,,,Mozilla/5.0 (Windows NT 5.1; rv:11.0) Gecko Firefox/11.0 (via ggpht.com GoogleImageProxy)
177922201,2025-11-05T13:50:21.941Z,marieperrenot@yahoo.fr,newsletter,everyone,true,GB,,,,,,YahooMailProxy; https://help.yahoo.com/kb/yahoo-mail-proxy-SLN28749.html
177922201,2025-11-05T13:55:13.379Z,marieperrenot@yahoo.fr,newsletter,everyone,true,NL,,,,,,YahooMailProxy; https://help.yahoo.com/kb/yahoo-mail-proxy-SLN28749.html
177922201,2025-11-05T13:56:25.536Z,marieperrenot@yahoo.fr,newsletter,everyone,true,NL,,,,,,YahooMailProxy; https://help.yahoo.com/kb/yahoo-mail-proxy-SLN28749.html
177922201,2025-11-05T13:56:35.293Z,marieperrenot@yahoo.fr,newsletter,everyone,true,NL,,,,,,YahooMailProxy; https://help.yahoo.com/kb/yahoo-mail-proxy-SLN28749.html
177922201,2025-11-05T14:24:58.564Z,lucreceamigues@gmail.com,newsletter,everyone,true,US,,,,,,Mozilla/5.0 (Windows NT 5.1; rv:11.0) Gecko Firefox/11.0 (via ggpht.com GoogleImageProxy)
177922201,2025-11-05T16:11:59.764Z,carrulla.william@orange.fr,newsletter,everyone,true,FR,,,,,,Mozilla/5.0
177922201,2025-11-05T16:25:54.643Z,david.tslocation@gmail.com,newsletter,everyone,true,US,,,,,,Mozilla/5.0 (Windows NT 5.1; rv:11.0) Gecko Firefox/11.0 (via ggpht.com GoogleImageProxy)
177922201,2025-11-05T17:02:38.184Z,lucreceamigues@gmail.com,newsletter,everyone,true,US,,,,,,Mozilla/5.0 (Windows NT 5.1; rv:11.0) Gecko Firefox/11.0 (via ggpht.com GoogleImageProxy)
177922201,2025-11-05T23:14:55.539Z,france.pittoresque@gmail.com,newsletter,everyone,true,FR,,,,,,Mozilla/5.0 (Windows NT 10.0; Win64; x64; rv:140.0) Gecko/20100101 Thunderbird/140.4.0
177922201,2025-11-06T07:06:16.734Z,achard.luc@wanadoo.fr,newsletter,everyone,true,FR,,,,,,Mozilla/5.0
177922201,2025-11-06T09:00:27.555Z,chris3005chp@gmail.com,newsletter,everyone,true,BD,,,,,,Mozilla/5.0
177922201,2025-11-06T09:15:22.728Z,edy.custine@orange.fr,newsletter,everyone,true,RE,,,,,,Mail Orange/3.52.2 (iPhone; iOS/18.6.2; CFNetwork/3826.600.41)
177922201,2025-11-06T09:18:21.328Z,edy.custine@orange.fr,newsletter,everyone,true,RE,,,,,,Mail Orange/3.52.2 (iPhone; iOS/18.6.2; CFNetwork/3826.600.41)
177922201,2025-11-06T21:24:25.718Z,france.pittoresque@gmail.com,newsletter,everyone,true,FR,,,,,,Mozilla/5.0 (Windows NT 10.0; Win64; x64; rv:140.0) Gecko/20100101 Thunderbird/140.4.0
177922201,2025-11-07T05:09:24.180Z,alicelydia222@gmail.com,newsletter,everyone,true,US,,,,,,Mozilla/5.0
177922201,2025-11-07T18:21:18.579Z,somialvi@gmail.com,newsletter,everyone,true,FR,,,,,,Mozilla/5.0 (Windows NT 10.0; Win64; x64; rv:144.0) Gecko/20100101 Thunderbird/144.0.1
177922201,2025-11-08T14:29:13.568Z,perones-motets-0n@icloud.com,newsletter,everyone,true,FR,,,,,,Mozilla/5.0
177922201,2025-11-09T11:47:55.669Z,alicelydia222@gmail.com,newsletter,everyone,true,US,,,,,,Mozilla/5.0
177922201,2025-11-11T22:08:40.175Z,gabriella.daher@free.fr,newsletter,everyone,true,FR,,,,,,Mozilla/5.0
177922201,2025-11-12T07:22:10.812Z,edy.custine@orange.fr,newsletter,everyone,true,RE,,,,,,Mail Orange/3.52.2 (iPhone; iOS/18.6.2; CFNetwork/3826.600.41)
177922201,2025-11-12T17:10:38.552Z,madx93320@gmail.com,newsletter,everyone,true,US,,,,,,Mozilla/5.0 (Windows NT 5.1; rv:11.0) Gecko Firefox/11.0 (via ggpht.com GoogleImageProxy)
177922201,2025-11-14T09:40:35.442Z,sidonie.cieutat@yahoo.fr,newsletter,everyone,true,FR,,,,,,Mozilla/5.0
177922201,2025-11-14T09:45:49.130Z,lorine.basquebouvier@gmail.com,newsletter,everyone,true,FR,,,,,,Mozilla/5.0
177922201,2025-11-15T10:38:33.241Z,edy.custine@orange.fr,newsletter,everyone,true,RE,,,,,,Mail Orange/3.52.2 (iPhone; iOS/18.6.2; CFNetwork/3826.600.41)
177922201,2025-11-17T08:49:30.993Z,carrulla.william@orange.fr,newsletter,everyone,true,FR,,,,,,Mozilla/5.0
177922201,2025-11-19T05:52:19.969Z,c.carrulla@orange.fr,newsletter,everyone,true,US,,,,,,Mozilla/5.0
177922201,2025-11-23T08:41:52.042Z,sidonie.cieutat@yahoo.fr,newsletter,everyone,true,FR,,,,,,Mozilla/5.0
177922201,2025-11-23T09:07:30.221Z,sidonie.cieutat@yahoo.fr,newsletter,everyone,true,FR,,,,,,Mozilla/5.0
177922201,2025-11-25T10:40:02.333Z,perones-motets-0n@icloud.com,newsletter,everyone,true,GB,,,,,,Mozilla/5.0
177922201,2025-11-25T14:52:28.496Z,etienne.roussin@gmail.com,newsletter,everyone,true,CA,,,,,,Mozilla/5.0
