post_id,timestamp,email,post_type,post_audience,active_subscription
177922201,2025-11-05T04:09:26.165Z,france.pittoresque@gmail.com,newsletter,everyone,true
177922201,2025-11-05T04:09:26.252Z,chris3005chp@gmail.com,newsletter,everyone,true
177922201,2025-11-05T04:09:26.312Z,etienne.roussin@gmail.com,newsletter,everyone,true
177922201,2025-11-05T04:09:26.501Z,sandunad1958@gmail.com,newsletter,everyone,true
177922201,2025-11-05T04:09:26.593Z,prof.georges.raad@gmail.com,newsletter,everyone,true
177922201,2025-11-05T04:09:26.702Z,keraudrenp501@gmail.com,newsletter,everyone,true
177922201,2025-11-05T04:09:26.788Z,junior.moudjih@gmail.com,newsletter,everyone,true
177922201,2025-11-05T04:09:26.877Z,sauzeatboris@gmail.com,newsletter,everyone,true
177922201,2025-11-05T04:09:26.943Z,karinba7@gmail.com,newsletter,everyone,true
177922201,2025-11-05T04:09:27.005Z,david.tslocation@gmail.com,newsletter,everyone,true
177922201,2025-11-05T04:09:27.051Z,keraudrenp.501@gmail.com,newsletter,everyone,true
177922201,2025-11-05T04:09:27.275Z,virginie.blazy@gmail.com,newsletter,everyone,true
177922201,2025-11-05T04:09:27.287Z,laetitiadebard64@gmail.com,newsletter,everyone,true
177922201,2025-11-05T04:09:27.326Z,alicelydia222@gmail.com,newsletter,everyone,true
177922201,2025-11-05T04:09:27.341Z,nani3864@gmail.com,newsletter,everyone,true
177922201,2025-11-05T04:09:27.418Z,fabrice.collette@free.fr,newsletter,everyone,true
177922201,2025-11-05T04:09:27.484Z,alethdefonscolombe@gmail.com,newsletter,everyone,true
177922201,2025-11-05T04:09:27.520Z,flomaps@gmail.com,newsletter,everyone,true
177922201,2025-11-05T04:09:27.547Z,lorine.basquebouvier@gmail.com,newsletter,everyone,true
177922201,2025-11-05T04:09:27.549Z,guillaumesrz65@gmail.com,newsletter,everyone,true
177922201,2025-11-05T04:09:27.581Z,jules.es@hotmail.fr,newsletter,everyone,true
177922201,2025-11-05T04:09:27.607Z,marie-helene.soulier0705@orange.fr,newsletter,everyone,true
177922201,2025-11-05T04:09:27.626Z,fabienne.bastien1234@gmail.com,newsletter,everyone,true
177922201,2025-11-05T04:09:27.662Z,hiriartclement@gmail.com,newsletter,everyone,true
177922201,2025-11-05T04:09:27.666Z,madx93320@gmail.com,newsletter,everyone,true
177922201,2025-11-05T04:09:27.680Z,lucreceamigues@gmail.com,newsletter,everyone,true
177922201,2025-11-05T04:09:27.838Z,lucilesarda38@gmail.com,newsletter,everyone,true
177922201,2025-11-05T04:09:27.851Z,raad.brazil@gmail.com,newsletter,everyone,true
177922201,2025-11-05T04:09:27.940Z,achard.luc@wanadoo.fr,newsletter,everyone,true
177922201,2025-11-05T04:09:27.965Z,bakaybea@gmail.com,newsletter,everyone,true
177922201,2025-11-05T04:09:28.033Z,aamayon@gmail.com,newsletter,everyone,true
177922201,2025-11-05T04:09:28.069Z,carrulla.william@orange.fr,newsletter,everyone,true
177922201,2025-11-05T04:09:28.104Z,sok-@hotmail.fr,newsletter,everyone,true
177922201,2025-11-05T04:09:28.206Z,somialvi@gmail.com,newsletter,everyone,true
177922201,2025-11-05T04:09:28.335Z,cristinareus007@gmail.com,newsletter,everyone,true
177922201,2025-11-05T04:09:28.466Z,lea.tipi@gmail.com,newsletter,everyone,true
177922201,2025-11-05T04:09:28.682Z,fabasphil@yahoo.fr,newsletter,everyone,true
177922201,2025-11-05T04:09:28.695Z,duhaldebordebernadette@orange.fr,newsletter,everyone,true
177922201,2025-11-05T04:09:28.842Z,sidonie.cieutat@yahoo.fr,newsletter,everyone,true
177922201,2025-11-05T04:09:28.918Z,edouardhusson022@protonmail.com,newsletter,everyone,true
177922201,2025-11-05T04:09:28.926Z,mfranc@csm.fr,newsletter,everyone,true
177922201,2025-11-05T04:09:28.927Z,Larousse44@orange.fr,newsletter,everyone,true
177922201,2025-11-05T04:09:29.225Z,agnes.lagrolet@orange.fr,newsletter,everyone,true
177922201,2025-11-05T04:09:29.242Z,cpnioche@outlook.com,newsletter,everyone,true
177922201,2025-11-05T04:09:29.726Z,edy.custine@orange.fr,newsletter,everyone,true
177922201,2025-11-05T04:09:29.854Z,gabriella.daher@free.fr,newsletter,everyone,true
177922201,2025-11-05T04:09:30.279Z,c.carrulla@orange.fr,newsletter,everyone,true
177922201,2025-11-05T04:09:30.372Z,marieperrenot@yahoo.fr,newsletter,everyone,true
177922201,2025-11-05T04:09:30.893Z,perones-motets-0n@icloud.com,newsletter,everyone,true
