post_id,timestamp,email,post_type,post_audience,active_subscription,country,city,region,device_type,client_os,client_type,user_agent
178018530,2025-11-06T04:08:21.197Z,duhaldebordebernadette@orange.fr,newsletter,everyone,true,FR,,,,,,Mozilla/5.0
178018530,2025-11-06T04:19:42.022Z,lorine.basquebouvier@gmail.com,newsletter,everyone,true,FR,,,,,,Mozilla/5.0
178018530,2025-11-06T04:35:27.658Z,bakaybea@gmail.com,newsletter,everyone,true,US,,,,,,Mozilla/5.0 (Windows NT 5.1; rv:11.0) Gecko Firefox/11.0 (via ggpht.com GoogleImageProxy)
178018530,2025-11-06T05:28:43.184Z,madx93320@gmail.com,newsletter,everyone,true,US,,,,,,Mozilla/5.0 (Windows NT 5.1; rv:11.0) Gecko Firefox/11.0 (via ggpht.com GoogleImageProxy)
178018530,2025-11-06T05:40:49.700Z,sidonie.cieutat@yahoo.fr,newsletter,everyone,true,FR,,,,,,Mozilla/5.0
178018530,2025-11-06T06:01:05.353Z,agnes.lagrolet@orange.fr,newsletter,everyone,true,FR,,,,,,"Mozilla/5.0 (Linux; Android 12; SM-A415F Build/SP1A.210812.016; wv) AppleWebKit/537.36 (KHTML, like Gecko) Version/4.0 Chrome/141.0.7390.122 Mobile Safari/537.36"
178018530,2025-11-06T06:25:55.265Z,mfranc@csm.fr,newsletter,everyone,true,US,,,,,,Mozilla/5.0
178018530,2025-11-06T06:26:28.566Z,lucilesarda38@gmail.com,newsletter,everyone,true,US,,,,,,Mozilla/5.0 (Windows NT 5.1; rv:11.0) Gecko Firefox/11.0 (via ggpht.com GoogleImageProxy)
178018530,2025-11-06T06:37:30.744Z,c.carrulla@orange.fr,newsletter,everyone,true,US,,,,,,Mozilla/5.0
178018530,2025-11-06T06:39:46.844Z,laetitiadebard64@gmail.com,newsletter,everyone,true,US,,,,,,Mozilla/5.0 (Windows NT 5.1; rv:11.0) Gecko Firefox/11.0 (via ggpht.com GoogleImageProxy)
178018530,2025-11-06T06:49:30.582Z,cristinareus007@gmail.com,newsletter,everyone,true,US,,,,,,Mozilla/5.0 (Windows NT 5.1; rv:11.0) Gecko Firefox/11.0 (via ggpht.com GoogleImageProxy)
178018530,2025-11-06T06:49:35.061Z,cristinareus007@gmail.com,newsletter,everyone,true,US,,,,,,Mozilla/5.0 (Windows NT 5.1; rv:11.0) Gecko Firefox/11.0 (via ggpht.com GoogleImageProxy)
178018530,2025-11-06T07:06:25.028Z,achard.luc@wanadoo.fr,newsletter,everyone,true,FR,,,,,,Mozilla/5.0
178018530,2025-11-06T07:34:01.769Z,achard.luc@wanadoo.fr,newsletter,everyone,true,US,,,,,,Mozilla/5.0
178018530,2025-11-06T07:54:37.601Z,hiriartclement@gmail.com,newsletter,everyone,true,US,,,,,,Mozilla/5.0 (Windows NT 5.1; rv:11.0) Gecko Firefox/11.0 (via ggpht.com GoogleImageProxy)
178018530,2025-11-06T08:01:37.643Z,lucreceamigues@gmail.com,newsletter,everyone,true,US,,,,,,Mozilla/5.0 (Windows NT 5.1; rv:11.0) Gecko Firefox/11.0 (via ggpht.com GoogleImageProxy)
178018530,2025-11-06T08:03:21.867Z,flomaps@gmail.com,newsletter,everyone,true,US,,,,,,Mozilla/5.0 (Windows NT 5.1; rv:11.0) Gecko Firefox/11.0 (via ggpht.com GoogleImageProxy)
178018530,2025-11-06T08:03:36.594Z,flomaps@gmail.com,newsletter,everyone,true,US,,,,,,Mozilla/5.0 (Windows NT 5.1; rv:11.0) Gecko Firefox/11.0 (via ggpht.com GoogleImageProxy)
178018530,2025-11-06T08:15:13.306Z,carrulla.william@orange.fr,newsletter,everyone,true,FR,,,,,,Mozilla/5.0
178018530,2025-11-06T08:29:13.787Z,flomaps@gmail.com,newsletter,everyone,true,US,,,,,,Mozilla/5.0 (Windows NT 5.1; rv:11.0) Gecko Firefox/11.0 (via ggpht.com GoogleImageProxy)
178018530,2025-11-06T08:31:40.239Z,chris3005chp@gmail.com,newsletter,everyone,true,BD,,,,,,Mozilla/5.0
178018530,2025-11-06T08:44:51.114Z,somialvi@gmail.com,newsletter,everyone,true,FR,,,,,,Mozilla/5.0 (Windows NT 10.0; Win64; x64; rv:144.0) Gecko/20100101 Thunderbird/144.0.1
178018530,2025-11-06T08:50:58.410Z,fabasphil@yahoo.fr,newsletter,everyone,true,IE,,,,,,YahooMailProxy; https://help.yahoo.com/kb/yahoo-mail-proxy-SLN28749.html
178018530,2025-11-06T09:42:32.645Z,flomaps@gmail.com,newsletter,everyone,true,US,,,,,,Mozilla/5.0 (Windows NT 5.1; rv:11.0) Gecko Firefox/11.0 (via ggpht.com GoogleImageProxy)
178018530,2025-11-06T10:17:41.794Z,flomaps@gmail.com,newsletter,everyone,true,US,,,,,,Mozilla/5.0 (Windows NT 5.1; rv:11.0) Gecko Firefox/11.0 (via ggpht.com GoogleImageProxy)
178018530,2025-11-06T11:34:54.406Z,bakaybea@gmail.com,newsletter,everyone,true,US,,,,,,Mozilla/5.0 (Windows NT 5.1; rv:11.0) Gecko Firefox/11.0 (via ggpht.com GoogleImageProxy)
178018530,2025-11-06T12:30:06.643Z,france.pittoresque@gmail.com,newsletter,everyone,true,FR,,,,,,Mozilla/5.0 (Windows NT 10.0; Win64; x64; rv:140.0) Gecko/20100101 Thunderbird/140.4.0
178018530,2025-11-06T12:47:04.861Z,nani3864@gmail.com,newsletter,everyone,true,US,,,,,,Mozilla/5.0 (Windows NT 5.1; rv:11.0) Gecko Firefox/11.0 (via ggpht.com GoogleImageProxy)
178018530,2025-11-06T12:48:26.034Z,nani3864@gmail.com,newsletter,everyone,true,US,,,,,,Mozilla/5.0 (Windows NT 5.1; rv:11.0) Gecko Firefox/11.0 (via ggpht.com GoogleImageProxy)
178018530,2025-11-06T13:06:52.152Z,laetitiadebard64@gmail.com,newsletter,everyone,true,US,,,,,,Mozilla/5.0 (Windows NT 5.1; rv:11.0) Gecko Firefox/11.0 (via ggpht.com GoogleImageProxy)
178018530,2025-11-06T13:29:03.557Z,etienne.roussin@gmail.com,newsletter,everyone,true,US,,,,,,Mozilla/5.0 (Windows NT 5.1; rv:11.0) Gecko Firefox/11.0 (via ggpht.com GoogleImageProxy)
178018530,2025-11-06T13:30:15.465Z,etienne.roussin@gmail.com,newsletter,everyone,true,US,,,,,,Mozilla/5.0 (Windows NT 5.1; rv:11.0) Gecko Firefox/11.0 (via ggpht.com GoogleImageProxy)
178018530,2025-11-06T13:33:38.973Z,marieperrenot@yahoo.fr,newsletter,everyone,true,GB,,,,,,YahooMailProxy; https://help.yahoo.com/kb/yahoo-mail-proxy-SLN28749.html
178018530,2025-11-06T14:20:26.808Z,etienne.roussin@gmail.com,newsletter,everyone,true,US,,,,,,Mozilla/5.0 (Windows NT 5.1; rv:11.0) Gecko Firefox/11.0 (via ggpht.com GoogleImageProxy)
178018530,2025-11-06T14:21:00.246Z,etienne.roussin@gmail.com,newsletter,everyone,true,US,,,,,,Mozilla/5.0 (Windows NT 5.1; rv:11.0) Gecko Firefox/11.0 (via ggpht.com GoogleImageProxy)
178018530,2025-11-06T16:27:47.876Z,madx93320@gmail.com,newsletter,everyone,true,US,,,,,,Mozilla/5.0 (Windows NT 5.1; rv:11.0) Gecko Firefox/11.0 (via ggpht.com GoogleImageProxy)
178018530,2025-11-06T21:23:53.873Z,france.pittoresque@gmail.com,newsletter,everyone,true,FR,,,,,,Mozilla/5.0 (Windows NT 10.0; Win64; x64; rv:140.0) Gecko/20100101 Thunderbird/140.4.0
178018530,2025-11-06T21:23:56.491Z,france.pittoresque@gmail.com,newsletter,everyone,true,FR,,,,,,Mozilla/5.0 (Windows NT 10.0; Win64; x64; rv:140.0) Gecko/20100101 Thunderbird/140.4.0
178018530,2025-11-06T21:23:57.726Z,france.pittoresque@gmail.com,newsletter,everyone,true,FR,,,,,,Mozilla/5.0 (Windows NT 10.0; Win64; x64; rv:140.0) Gecko/20100101 Thunderbird/140.4.0
178018530,2025-11-06T21:23:58.958Z,france.pittoresque@gmail.com,newsletter,everyone,true,FR,,,,,,Mozilla/5.0 (Windows NT 10.0; Win64; x64; rv:140.0) Gecko/20100101 Thunderbird/140.4.0
178018530,2025-11-06T21:24:05.924Z,france.pittoresque@gmail.com,newsletter,everyone,true,FR,,,,,,Mozilla/5.0 (Windows NT 10.0; Win64; x64; rv:140.0) Gecko/20100101 Thunderbird/140.4.0
178018530,2025-11-07T03:47:30.642Z,david.tslocation@gmail.com,newsletter,everyone,true,US,,,,,,Mozilla/5.0 (Windows NT 5.1; rv:11.0) Gecko Firefox/11.0 (via ggpht.com GoogleImageProxy)
178018530,2025-11-07T05:09:24.179Z,alicelydia222@gmail.com,newsletter,everyone,true,US,,,,,,Mozilla/5.0
178018530,2025-11-07T06:22:11.378Z,carrulla.william@orange.fr,newsletter,everyone,true,FR,,,,,,Mozilla/5.0
178018530,2025-11-07T18:20:50.727Z,somialvi@gmail.com,newsletter,everyone,true,FR,,,,,,Mozilla/5.0 (Windows NT 10.0; Win64; x64; rv:144.0) Gecko/20100101 Thunderbird/144.0.1
178018530,2025-11-07T21:58:51.435Z,gabriella.daher@free.fr,newsletter,everyone,true,FR,,,,,,Mozilla/5.0
178018530,2025-11-08T12:41:49.373Z,lorine.basquebouvier@gmail.com,newsletter,everyone,true,FR,,,,,,Mozilla/5.0
178018530,2025-11-08T12:50:34.268Z,perones-motets-0n@icloud.com,newsletter,everyone,true,FR,,,,,,Mozilla/5.0
178018530,2025-11-08T22:57:15.121Z,nani3864@gmail.com,newsletter,everyone,true,US,,,,,,Mozilla/5.0 (Windows NT 5.1; rv:11.0) Gecko Firefox/11.0 (via ggpht.com GoogleImageProxy)
178018530,2025-11-09T11:47:55.676Z,alicelydia222@gmail.com,newsletter,everyone,true,US,,,,,,Mozilla/5.0
178018530,2025-11-09T19:27:25.334Z,laetitiadebard64@gmail.com,newsletter,everyone,true,US,,,,,,Mozilla/5.0 (Windows NT 5.1; rv:11.0) Gecko Firefox/11.0 (via ggpht.com GoogleImageProxy)
178018530,2025-11-11T22:09:11.470Z,gabriella.daher@free.fr,newsletter,everyone,true,FR,,,,,,Mozilla/5.0
178018530,2025-11-12T22:10:03.701Z,nani3864@gmail.com,newsletter,everyone,true,US,,,,,,Mozilla/5.0 (Windows NT 5.1; rv:11.0) Gecko Firefox/11.0 (via ggpht.com GoogleImageProxy)
178018530,2025-11-12T22:16:49.536Z,nani3864@gmail.com,newsletter,everyone,true,US,,,,,,Mozilla/5.0 (Windows NT 5.1; rv:11.0) Gecko Firefox/11.0 (via ggpht.com GoogleImageProxy)
178018530,2025-11-12T22:30:32.493Z,nani3864@gmail.com,newsletter,everyone,true,US,,,,,,Mozilla/5.0 (Windows NT 5.1; rv:11.0) Gecko Firefox/11.0 (via ggpht.com GoogleImageProxy)
178018530,2025-11-12T23:42:24.594Z,madx93320@gmail.com,newsletter,everyone,true,US,,,,,,Mozilla/5.0 (Windows NT 5.1; rv:11.0) Gecko Firefox/11.0 (via ggpht.com GoogleImageProxy)
178018530,2025-11-14T09:27:41.058Z,sidonie.cieutat@yahoo.fr,newsletter,everyone,true,FR,,,,,,Mozilla/5.0
178018530,2025-11-14T09:56:15.235Z,madx93320@gmail.com,newsletter,everyone,true,US,,,,,,Mozilla/5.0 (Windows NT 5.1; rv:11.0) Gecko Firefox/11.0 (via ggpht.com GoogleImageProxy)
178018530,2025-11-17T08:49:30.994Z,carrulla.william@orange.fr,newsletter,everyone,true,FR,,,,,,Mozilla/5.0
178018530,2025-11-19T05:52:23.275Z,c.carrulla@orange.fr,newsletter,everyone,true,US,,,,,,Mozilla/5.0
178018530,2025-11-23T08:08:13.595Z,sidonie.cieutat@yahoo.fr,newsletter,everyone,true,FR,,,,,,Mozilla/5.0
178018530,2025-11-25T15:56:45.512Z,etienne.roussin@gmail.com,newsletter,everyone,true,CA,,,,,,Mozilla/5.0
