post_id,timestamp,email,post_type,post_audience,active_subscription
178018530,2025-11-06T04:05:20.658Z,sandunad1958@gmail.com,newsletter,everyone,true
178018530,2025-11-06T04:05:21.085Z,marie-helene.soulier0705@orange.fr,newsletter,everyone,true
178018530,2025-11-06T04:05:21.803Z,prof.georges.raad@gmail.com,newsletter,everyone,true
178018530,2025-11-06T04:05:22.139Z,karinba7@gmail.com,newsletter,everyone,true
178018530,2025-11-06T04:05:22.202Z,keraudrenp501@gmail.com,newsletter,everyone,true
178018530,2025-11-06T04:05:22.237Z,chris3005chp@gmail.com,newsletter,everyone,true
178018530,2025-11-06T04:05:22.260Z,france.pittoresque@gmail.com,newsletter,everyone,true
178018530,2025-11-06T04:05:22.495Z,fabrice.collette@free.fr,newsletter,everyone,true
178018530,2025-11-06T04:05:22.534Z,keraudrenp.501@gmail.com,newsletter,everyone,true
178018530,2025-11-06T04:05:22.628Z,etienne.roussin@gmail.com,newsletter,everyone,true
178018530,2025-11-06T04:05:22.790Z,junior.moudjih@gmail.com,newsletter,everyone,true
178018530,2025-11-06T04:05:23.049Z,aamayon@gmail.com,newsletter,everyone,true
178018530,2025-11-06T04:05:23.097Z,alicelydia222@gmail.com,newsletter,everyone,true
178018530,2025-11-06T04:05:23.108Z,nani3864@gmail.com,newsletter,everyone,true
178018530,2025-11-06T04:05:23.165Z,fabienne.bastien1234@gmail.com,newsletter,everyone,true
178018530,2025-11-06T04:05:23.250Z,bakaybea@gmail.com,newsletter,everyone,true
178018530,2025-11-06T04:05:23.312Z,lorine.basquebouvier@gmail.com,newsletter,everyone,true
178018530,2025-11-06T04:05:23.326Z,agnes.lagrolet@orange.fr,newsletter,everyone,true
178018530,2025-11-06T04:05:23.331Z,guillaumesrz65@gmail.com,newsletter,everyone,true
178018530,2025-11-06T04:05:23.338Z,hiriartclement@gmail.com,newsletter,everyone,true
178018530,2025-11-06T04:05:23.358Z,cpnioche@outlook.com,newsletter,everyone,true
178018530,2025-11-06T04:05:23.377Z,edy.custine@orange.fr,newsletter,everyone,true
178018530,2025-11-06T04:05:23.455Z,lucreceamigues@gmail.com,newsletter,everyone,true
178018530,2025-11-06T04:05:23.555Z,achard.luc@wanadoo.fr,newsletter,everyone,true
178018530,2025-11-06T04:05:23.567Z,madx93320@gmail.com,newsletter,everyone,true
178018530,2025-11-06T04:05:23.568Z,lucilesarda38@gmail.com,newsletter,everyone,true
178018530,2025-11-06T04:05:23.571Z,duhaldebordebernadette@orange.fr,newsletter,everyone,true
178018530,2025-11-06T04:05:23.688Z,raad.brazil@gmail.com,newsletter,everyone,true
178018530,2025-11-06T04:05:23.717Z,gabriella.daher@free.fr,newsletter,everyone,true
178018530,2025-11-06T04:05:23.752Z,lea.tipi@gmail.com,newsletter,everyone,true
178018530,2025-11-06T04:05:23.794Z,flomaps@gmail.com,newsletter,everyone,true
178018530,2025-11-06T04:05:23.869Z,somialvi@gmail.com,newsletter,everyone,true
178018530,2025-11-06T04:05:23.926Z,jules.es@hotmail.fr,newsletter,everyone,true
178018530,2025-11-06T04:05:23.988Z,edouardhusson022@protonmail.com,newsletter,everyone,true
178018530,2025-11-06T04:05:24.054Z,alethdefonscolombe@gmail.com,newsletter,everyone,true
178018530,2025-11-06T04:05:24.493Z,laetitiadebard64@gmail.com,newsletter,everyone,true
178018530,2025-11-06T04:05:25.035Z,fabasphil@yahoo.fr,newsletter,everyone,true
178018530,2025-11-06T04:05:25.041Z,sok-@hotmail.fr,newsletter,everyone,true
178018530,2025-11-06T04:05:25.110Z,mfranc@csm.fr,newsletter,everyone,true
178018530,2025-11-06T04:05:25.189Z,sauzeatboris@gmail.com,newsletter,everyone,true
178018530,2025-11-06T04:05:25.371Z,marieperrenot@yahoo.fr,newsletter,everyone,true
178018530,2025-11-06T04:05:25.613Z,cristinareus007@gmail.com,newsletter,everyone,true
178018530,2025-11-06T04:05:25.820Z,david.tslocation@gmail.com,newsletter,everyone,true
178018530,2025-11-06T04:05:25.823Z,carrulla.william@orange.fr,newsletter,everyone,true
178018530,2025-11-06T04:05:26.293Z,virginie.blazy@gmail.com,newsletter,everyone,true
178018530,2025-11-06T04:05:26.350Z,sidonie.cieutat@yahoo.fr,newsletter,everyone,true
178018530,2025-11-06T04:05:27.546Z,perones-motets-0n@icloud.com,newsletter,everyone,true
178018530,2025-11-06T04:06:29.388Z,c.carrulla@orange.fr,newsletter,everyone,true
178018530,2025-11-06T04:06:49.082Z,Larousse44@orange.fr,newsletter,everyone,true
