post_id,timestamp,email,post_type,post_audience,active_subscription
178263395,2025-11-08T04:05:39.328Z,france.pittoresque@gmail.com,newsletter,everyone,true
178263395,2025-11-08T04:05:39.445Z,keraudrenp.501@gmail.com,newsletter,everyone,true
178263395,2025-11-08T04:05:39.608Z,sandunad1958@gmail.com,newsletter,everyone,true
178263395,2025-11-08T04:05:39.724Z,junior.moudjih@gmail.com,newsletter,everyone,true
178263395,2025-11-08T04:05:39.832Z,chris3005chp@gmail.com,newsletter,everyone,true
178263395,2025-11-08T04:05:39.875Z,keraudrenp501@gmail.com,newsletter,everyone,true
178263395,2025-11-08T04:05:39.942Z,david.tslocation@gmail.com,newsletter,everyone,true
178263395,2025-11-08T04:05:39.955Z,amonnetstaath@gmail.com,newsletter,everyone,true
178263395,2025-11-08T04:05:39.968Z,prof.georges.raad@gmail.com,newsletter,everyone,true
178263395,2025-11-08T04:05:40.036Z,virginie.blazy@gmail.com,newsletter,everyone,true
178263395,2025-11-08T04:05:40.715Z,cristinareus007@gmail.com,newsletter,everyone,true
178263395,2025-11-08T04:05:40.862Z,hiriartclement@gmail.com,newsletter,everyone,true
178263395,2025-11-08T04:05:40.867Z,lucreceamigues@gmail.com,newsletter,everyone,true
178263395,2025-11-08T04:05:40.878Z,fabienne.bastien1234@gmail.com,newsletter,everyone,true
178263395,2025-11-08T04:05:40.880Z,fabrice.collette@free.fr,newsletter,everyone,true
178263395,2025-11-08T04:05:40.881Z,laetitiadebard64@gmail.com,newsletter,everyone,true
178263395,2025-11-08T04:05:40.887Z,guillaumesrz65@gmail.com,newsletter,everyone,true
178263395,2025-11-08T04:05:40.904Z,lorine.basquebouvier@gmail.com,newsletter,everyone,true
178263395,2025-11-08T04:05:40.937Z,lea.tipi@gmail.com,newsletter,everyone,true
178263395,2025-11-08T04:05:40.956Z,somialvi@gmail.com,newsletter,everyone,true
178263395,2025-11-08T04:05:40.979Z,lucilesarda38@gmail.com,newsletter,everyone,true
178263395,2025-11-08T04:05:40.986Z,aamayon@gmail.com,newsletter,everyone,true
178263395,2025-11-08T04:05:40.991Z,ptk.boquet@gmail.com,newsletter,everyone,true
178263395,2025-11-08T04:05:41.031Z,bakaybea@gmail.com,newsletter,everyone,true
178263395,2025-11-08T04:05:41.154Z,marie-helene.soulier0705@orange.fr,newsletter,everyone,true
178263395,2025-11-08T04:05:41.278Z,sauzeatboris@gmail.com,newsletter,everyone,true
178263395,2025-11-08T04:05:41.280Z,alicelydia222@gmail.com,newsletter,everyone,true
178263395,2025-11-08T04:05:41.347Z,nani3864@gmail.com,newsletter,everyone,true
178263395,2025-11-08T04:05:41.351Z,jules.es@hotmail.fr,newsletter,everyone,true
178263395,2025-11-08T04:05:41.468Z,madx93320@gmail.com,newsletter,everyone,true
178263395,2025-11-08T04:05:41.723Z,edouardhusson022@protonmail.com,newsletter,everyone,true
178263395,2025-11-08T04:05:41.724Z,cpnioche@outlook.com,newsletter,everyone,true
178263395,2025-11-08T04:05:41.734Z,carrulla.william@orange.fr,newsletter,everyone,true
178263395,2025-11-08T04:05:41.738Z,fabasphil@yahoo.fr,newsletter,everyone,true
178263395,2025-11-08T04:05:41.771Z,sok-@hotmail.fr,newsletter,everyone,true
178263395,2025-11-08T04:05:41.833Z,sidonie.cieutat@yahoo.fr,newsletter,everyone,true
178263395,2025-11-08T04:05:41.874Z,edy.custine@orange.fr,newsletter,everyone,true
178263395,2025-11-08T04:05:41.985Z,flomaps@gmail.com,newsletter,everyone,true
178263395,2025-11-08T04:05:42.088Z,gabriella.daher@free.fr,newsletter,everyone,true
178263395,2025-11-08T04:05:42.106Z,raad.brazil@gmail.com,newsletter,everyone,true
178263395,2025-11-08T04:05:42.241Z,alethdefonscolombe@gmail.com,newsletter,everyone,true
178263395,2025-11-08T04:05:42.296Z,agnes.lagrolet@orange.fr,newsletter,everyone,true
178263395,2025-11-08T04:05:42.324Z,duhaldebordebernadette@orange.fr,newsletter,everyone,true
178263395,2025-11-08T04:05:42.525Z,mfranc@csm.fr,newsletter,everyone,true
178263395,2025-11-08T04:05:42.828Z,marieperrenot@yahoo.fr,newsletter,everyone,true
178263395,2025-11-08T04:05:42.902Z,achard.luc@wanadoo.fr,newsletter,everyone,true
178263395,2025-11-08T04:05:42.976Z,Larousse44@orange.fr,newsletter,everyone,true
178263395,2025-11-08T04:05:44.077Z,c.carrulla@orange.fr,newsletter,everyone,true
178263395,2025-11-08T04:05:47.571Z,perones-motets-0n@icloud.com,newsletter,everyone,true
