post_id,timestamp,email,post_type,post_audience,active_subscription
178362757,2025-11-09T04:05:52.780Z,sandunad1958@gmail.com,newsletter,everyone,true
178362757,2025-11-09T04:05:54.171Z,keraudrenp501@gmail.com,newsletter,everyone,true
178362757,2025-11-09T04:05:54.201Z,junior.moudjih@gmail.com,newsletter,everyone,true
178362757,2025-11-09T04:05:54.213Z,chris3005chp@gmail.com,newsletter,everyone,true
178362757,2025-11-09T04:05:54.226Z,marie-helene.soulier0705@orange.fr,newsletter,everyone,true
178362757,2025-11-09T04:05:54.445Z,prof.georges.raad@gmail.com,newsletter,everyone,true
178362757,2025-11-09T04:05:54.839Z,keraudrenp.501@gmail.com,newsletter,everyone,true
178362757,2025-11-09T04:05:55.040Z,cristinareus007@gmail.com,newsletter,everyone,true
178362757,2025-11-09T04:05:55.097Z,nani3864@gmail.com,newsletter,everyone,true
178362757,2025-11-09T04:05:55.111Z,sauzeatboris@gmail.com,newsletter,everyone,true
178362757,2025-11-09T04:05:55.118Z,laetitiadebard64@gmail.com,newsletter,everyone,true
178362757,2025-11-09T04:05:55.124Z,david.tslocation@gmail.com,newsletter,everyone,true
178362757,2025-11-09T04:05:55.282Z,somialvi@gmail.com,newsletter,everyone,true
178362757,2025-11-09T04:05:55.283Z,fabrice.collette@free.fr,newsletter,everyone,true
178362757,2025-11-09T04:05:55.322Z,lucilesarda38@gmail.com,newsletter,everyone,true
178362757,2025-11-09T04:05:55.362Z,lorine.basquebouvier@gmail.com,newsletter,everyone,true
178362757,2025-11-09T04:05:55.373Z,aamayon@gmail.com,newsletter,everyone,true
178362757,2025-11-09T04:05:55.453Z,hiriartclement@gmail.com,newsletter,everyone,true
178362757,2025-11-09T04:05:55.453Z,bakaybea@gmail.com,newsletter,everyone,true
178362757,2025-11-09T04:05:55.513Z,france.pittoresque@gmail.com,newsletter,everyone,true
178362757,2025-11-09T04:05:55.545Z,amonnetstaath@gmail.com,newsletter,everyone,true
178362757,2025-11-09T04:05:55.600Z,lea.tipi@gmail.com,newsletter,everyone,true
178362757,2025-11-09T04:05:55.627Z,lucreceamigues@gmail.com,newsletter,everyone,true
178362757,2025-11-09T04:05:55.694Z,flomaps@gmail.com,newsletter,everyone,true
178362757,2025-11-09T04:05:55.753Z,ptk.boquet@gmail.com,newsletter,everyone,true
178362757,2025-11-09T04:05:55.770Z,madx93320@gmail.com,newsletter,everyone,true
178362757,2025-11-09T04:05:55.783Z,alicelydia222@gmail.com,newsletter,everyone,true
178362757,2025-11-09T04:05:55.847Z,fabienne.bastien1234@gmail.com,newsletter,everyone,true
178362757,2025-11-09T04:05:56.023Z,guillaumesrz65@gmail.com,newsletter,everyone,true
178362757,2025-11-09T04:05:56.106Z,sidonie.cieutat@yahoo.fr,newsletter,everyone,true
178362757,2025-11-09T04:05:56.120Z,virginie.blazy@gmail.com,newsletter,everyone,true
178362757,2025-11-09T04:05:56.178Z,Larousse44@orange.fr,newsletter,everyone,true
178362757,2025-11-09T04:05:56.648Z,marieperrenot@yahoo.fr,newsletter,everyone,true
178362757,2025-11-09T04:05:56.688Z,jules.es@hotmail.fr,newsletter,everyone,true
178362757,2025-11-09T04:05:56.724Z,alethdefonscolombe@gmail.com,newsletter,everyone,true
178362757,2025-11-09T04:05:56.740Z,raad.brazil@gmail.com,newsletter,everyone,true
178362757,2025-11-09T04:05:57.095Z,duhaldebordebernadette@orange.fr,newsletter,everyone,true
178362757,2025-11-09T04:05:57.169Z,c.carrulla@orange.fr,newsletter,everyone,true
178362757,2025-11-09T04:05:57.220Z,sok-@hotmail.fr,newsletter,everyone,true
178362757,2025-11-09T04:05:57.353Z,cpnioche@outlook.com,newsletter,everyone,true
178362757,2025-11-09T04:05:57.430Z,achard.luc@wanadoo.fr,newsletter,everyone,true
178362757,2025-11-09T04:05:57.572Z,fabasphil@yahoo.fr,newsletter,everyone,true
178362757,2025-11-09T04:05:57.621Z,mfranc@csm.fr,newsletter,everyone,true
178362757,2025-11-09T04:05:57.626Z,edouardhusson022@protonmail.com,newsletter,everyone,true
178362757,2025-11-09T04:05:57.796Z,gabriella.daher@free.fr,newsletter,everyone,true
178362757,2025-11-09T04:05:57.879Z,carrulla.william@orange.fr,newsletter,everyone,true
178362757,2025-11-09T04:05:58.024Z,edy.custine@orange.fr,newsletter,everyone,true
178362757,2025-11-09T04:05:58.102Z,perones-motets-0n@icloud.com,newsletter,everyone,true
178362757,2025-11-09T04:05:58.260Z,agnes.lagrolet@orange.fr,newsletter,everyone,true
