post_id,timestamp,email,post_type,post_audience,active_subscription,country,city,region,device_type,client_os,client_type,user_agent
178362757,2025-11-09T04:06:34.461Z,laetitiadebard64@gmail.com,newsletter,everyone,true,US,,,,,,Mozilla/5.0 (Windows NT 5.1; rv:11.0) Gecko Firefox/11.0 (via ggpht.com GoogleImageProxy)
178362757,2025-11-09T04:32:12.868Z,hiriartclement@gmail.com,newsletter,everyone,true,FR,,,,,,Mozilla/5.0
178362757,2025-11-09T04:33:20.075Z,sidonie.cieutat@yahoo.fr,newsletter,everyone,true,US,,,,,,Mozilla/5.0
178362757,2025-11-09T04:40:00.599Z,chris3005chp@gmail.com,newsletter,everyone,true,US,,,,,,Mozilla/5.0 (Windows NT 5.1; rv:11.0) Gecko Firefox/11.0 (via ggpht.com GoogleImageProxy)
178362757,2025-11-09T04:45:12.103Z,lorine.basquebouvier@gmail.com,newsletter,everyone,true,US,,,,,,Mozilla/5.0
178362757,2025-11-09T04:54:32.722Z,mfranc@csm.fr,newsletter,everyone,true,FR,,,,,,Mozilla/5.0
178362757,2025-11-09T05:44:44.010Z,gabriella.daher@free.fr,newsletter,everyone,true,FR,,,,,,Mozilla/5.0
178362757,2025-11-09T05:55:21.347Z,chris3005chp@gmail.com,newsletter,everyone,true,US,,,,,,Mozilla/5.0 (Windows NT 5.1; rv:11.0) Gecko Firefox/11.0 (via ggpht.com GoogleImageProxy)
178362757,2025-11-09T06:03:51.985Z,c.carrulla@orange.fr,newsletter,everyone,true,US,,,,,,Mozilla/5.0
178362757,2025-11-09T06:06:47.726Z,ptk.boquet@gmail.com,newsletter,everyone,true,FR,,,,,,Mozilla/5.0
178362757,2025-11-09T06:37:55.580Z,somialvi@gmail.com,newsletter,everyone,true,FR,,,,,,Mozilla/5.0 (Windows NT 10.0; Win64; x64; rv:144.0) Gecko/20100101 Thunderbird/144.0.1
178362757,2025-11-09T07:58:30.408Z,achard.luc@wanadoo.fr,newsletter,everyone,true,FR,,,,,,Mozilla/5.0
178362757,2025-11-09T08:53:31.608Z,amonnetstaath@gmail.com,newsletter,everyone,true,US,,,,,,Mozilla/5.0 (Windows NT 5.1; rv:11.0) Gecko Firefox/11.0 (via ggpht.com GoogleImageProxy)
178362757,2025-11-09T08:53:33.381Z,amonnetstaath@gmail.com,newsletter,everyone,true,US,,,,,,Mozilla/5.0 (Windows NT 5.1; rv:11.0) Gecko Firefox/11.0 (via ggpht.com GoogleImageProxy)
178362757,2025-11-09T09:03:48.504Z,chris3005chp@gmail.com,newsletter,everyone,true,BD,,,,,,Mozilla/5.0
178362757,2025-11-09T10:29:20.500Z,france.pittoresque@gmail.com,newsletter,everyone,true,FR,,,,,,Mozilla/5.0 (Windows NT 10.0; Win64; x64; rv:140.0) Gecko/20100101 Thunderbird/140.4.0
178362757,2025-11-09T11:50:48.056Z,flomaps@gmail.com,newsletter,everyone,true,US,,,,,,Mozilla/5.0 (Windows NT 5.1; rv:11.0) Gecko Firefox/11.0 (via ggpht.com GoogleImageProxy)
178362757,2025-11-09T11:50:48.527Z,flomaps@gmail.com,newsletter,everyone,true,US,,,,,,Mozilla/5.0 (Windows NT 5.1; rv:11.0) Gecko Firefox/11.0 (via ggpht.com GoogleImageProxy)
178362757,2025-11-09T11:50:48.951Z,flomaps@gmail.com,newsletter,everyone,true,US,,,,,,Mozilla/5.0 (Windows NT 5.1; rv:11.0) Gecko Firefox/11.0 (via ggpht.com GoogleImageProxy)
178362757,2025-11-09T11:50:50.955Z,flomaps@gmail.com,newsletter,everyone,true,US,,,,,,Mozilla/5.0 (Windows NT 5.1; rv:11.0) Gecko Firefox/11.0 (via ggpht.com GoogleImageProxy)
178362757,2025-11-09T11:50:55.576Z,flomaps@gmail.com,newsletter,everyone,true,US,,,,,,Mozilla/5.0 (Windows NT 5.1; rv:11.0) Gecko Firefox/11.0 (via ggpht.com GoogleImageProxy)
178362757,2025-11-09T11:51:06.261Z,flomaps@gmail.com,newsletter,everyone,true,US,,,,,,Mozilla/5.0 (Windows NT 5.1; rv:11.0) Gecko Firefox/11.0 (via ggpht.com GoogleImageProxy)
178362757,2025-11-09T11:51:12.186Z,flomaps@gmail.com,newsletter,everyone,true,US,,,,,,Mozilla/5.0 (Windows NT 5.1; rv:11.0) Gecko Firefox/11.0 (via ggpht.com GoogleImageProxy)
178362757,2025-11-09T11:51:12.284Z,flomaps@gmail.com,newsletter,everyone,true,US,,,,,,Mozilla/5.0 (Windows NT 5.1; rv:11.0) Gecko Firefox/11.0 (via ggpht.com GoogleImageProxy)
178362757,2025-11-09T12:23:35.777Z,achard.luc@wanadoo.fr,newsletter,everyone,true,FR,,,,,,Mozilla/5.0
178362757,2025-11-09T12:51:07.843Z,perones-motets-0n@icloud.com,newsletter,everyone,true,FR,,,,,,Mozilla/5.0
178362757,2025-11-09T14:08:13.894Z,laetitiadebard64@gmail.com,newsletter,everyone,true,US,,,,,,Mozilla/5.0 (Windows NT 5.1; rv:11.0) Gecko Firefox/11.0 (via ggpht.com GoogleImageProxy)
178362757,2025-11-09T16:24:37.266Z,flomaps@gmail.com,newsletter,everyone,true,US,,,,,,Mozilla/5.0 (Windows NT 5.1; rv:11.0) Gecko Firefox/11.0 (via ggpht.com GoogleImageProxy)
178362757,2025-11-09T19:12:42.654Z,ptk.boquet@gmail.com,newsletter,everyone,true,FR,,,,,,Mozilla/5.0
178362757,2025-11-09T20:06:03.750Z,hiriartclement@gmail.com,newsletter,everyone,true,US,,,,,,Mozilla/5.0 (Windows NT 5.1; rv:11.0) Gecko Firefox/11.0 (via ggpht.com GoogleImageProxy)
178362757,2025-11-09T21:52:34.226Z,duhaldebordebernadette@orange.fr,newsletter,everyone,true,FR,,,,,,Mozilla/5.0
178362757,2025-11-10T04:41:29.234Z,lucilesarda38@gmail.com,newsletter,everyone,true,US,,,,,,Mozilla/5.0 (Windows NT 5.1; rv:11.0) Gecko Firefox/11.0 (via ggpht.com GoogleImageProxy)
178362757,2025-11-10T05:53:00.247Z,nani3864@gmail.com,newsletter,everyone,true,US,,,,,,Mozilla/5.0 (Windows NT 5.1; rv:11.0) Gecko Firefox/11.0 (via ggpht.com GoogleImageProxy)
178362757,2025-11-10T05:53:04.669Z,nani3864@gmail.com,newsletter,everyone,true,US,,,,,,Mozilla/5.0 (Windows NT 5.1; rv:11.0) Gecko Firefox/11.0 (via ggpht.com GoogleImageProxy)
178362757,2025-11-10T08:07:28.733Z,alicelydia222@gmail.com,newsletter,everyone,true,US,,,,,,Mozilla/5.0
178362757,2025-11-10T08:58:11.520Z,perones-motets-0n@icloud.com,newsletter,everyone,true,FR,,,,,,Mozilla/5.0
178362757,2025-11-10T19:03:24.140Z,cristinareus007@gmail.com,newsletter,everyone,true,US,,,,,,Mozilla/5.0 (Windows NT 5.1; rv:11.0) Gecko Firefox/11.0 (via ggpht.com GoogleImageProxy)
178362757,2025-11-10T19:03:26.324Z,cristinareus007@gmail.com,newsletter,everyone,true,US,,,,,,Mozilla/5.0 (Windows NT 5.1; rv:11.0) Gecko Firefox/11.0 (via ggpht.com GoogleImageProxy)
178362757,2025-11-10T19:33:05.635Z,laetitiadebard64@gmail.com,newsletter,everyone,true,US,,,,,,Mozilla/5.0 (Windows NT 5.1; rv:11.0) Gecko Firefox/11.0 (via ggpht.com GoogleImageProxy)
178362757,2025-11-11T15:13:12.047Z,carrulla.william@orange.fr,newsletter,everyone,true,US,,,,,,Mozilla/5.0
178362757,2025-11-11T22:56:34.001Z,gabriella.daher@free.fr,newsletter,everyone,true,FR,,,,,,Mozilla/5.0
178362757,2025-11-12T06:17:16.210Z,marieperrenot@yahoo.fr,newsletter,everyone,true,IE,,,,,,YahooMailProxy; https://help.yahoo.com/kb/yahoo-mail-proxy-SLN28749.html
178362757,2025-11-12T07:20:36.835Z,edy.custine@orange.fr,newsletter,everyone,true,RE,,,,,,Mail Orange/3.52.2 (iPhone; iOS/18.6.2; CFNetwork/3826.600.41)
178362757,2025-11-12T13:26:05.466Z,alicelydia222@gmail.com,newsletter,everyone,true,US,,,,,,Mozilla/5.0
178362757,2025-11-12T17:10:25.160Z,madx93320@gmail.com,newsletter,everyone,true,US,,,,,,Mozilla/5.0 (Windows NT 5.1; rv:11.0) Gecko Firefox/11.0 (via ggpht.com GoogleImageProxy)
178362757,2025-11-13T12:24:52.888Z,nani3864@gmail.com,newsletter,everyone,true,US,,,,,,Mozilla/5.0 (Windows NT 5.1; rv:11.0) Gecko Firefox/11.0 (via ggpht.com GoogleImageProxy)
178362757,2025-11-13T12:27:33.689Z,nani3864@gmail.com,newsletter,everyone,true,US,,,,,,Mozilla/5.0 (Windows NT 5.1; rv:11.0) Gecko Firefox/11.0 (via ggpht.com GoogleImageProxy)
178362757,2025-11-13T12:28:08.245Z,nani3864@gmail.com,newsletter,everyone,true,US,,,,,,Mozilla/5.0 (Windows NT 5.1; rv:11.0) Gecko Firefox/11.0 (via ggpht.com GoogleImageProxy)
178362757,2025-11-13T12:44:03.324Z,nani3864@gmail.com,newsletter,everyone,true,US,,,,,,Mozilla/5.0 (Windows NT 5.1; rv:11.0) Gecko Firefox/11.0 (via ggpht.com GoogleImageProxy)
178362757,2025-11-13T13:26:15.196Z,nani3864@gmail.com,newsletter,everyone,true,US,,,,,,Mozilla/5.0 (Windows NT 5.1; rv:11.0) Gecko Firefox/11.0 (via ggpht.com GoogleImageProxy)
178362757,2025-11-14T08:11:53.621Z,lorine.basquebouvier@gmail.com,newsletter,everyone,true,FR,,,,,,Mozilla/5.0
178362757,2025-11-14T08:52:54.568Z,sidonie.cieutat@yahoo.fr,newsletter,everyone,true,FR,,,,,,Mozilla/5.0
178362757,2025-11-15T10:38:01.413Z,edy.custine@orange.fr,newsletter,everyone,true,RE,,,,,,Mail Orange/3.52.2 (iPhone; iOS/18.6.2; CFNetwork/3826.600.41)
178362757,2025-11-17T08:49:30.993Z,carrulla.william@orange.fr,newsletter,everyone,true,FR,,,,,,Mozilla/5.0
178362757,2025-11-23T09:07:30.227Z,sidonie.cieutat@yahoo.fr,newsletter,everyone,true,FR,,,,,,Mozilla/5.0
178362757,2025-11-28T22:22:01.839Z,somialvi@gmail.com,newsletter,everyone,true,FR,,,,,,Mozilla/5.0 (Windows NT 10.0; Win64; x64; rv:145.0) Gecko/20100101 Thunderbird/145.0
