post_id,timestamp,email,post_type,post_audience,active_subscription
178414188,2025-11-10T05:07:37.681Z,sandunad1958@gmail.com,newsletter,everyone,true
178414188,2025-11-10T05:07:38.779Z,france.pittoresque@gmail.com,newsletter,everyone,true
178414188,2025-11-10T05:07:38.814Z,prof.georges.raad@gmail.com,newsletter,everyone,true
178414188,2025-11-10T05:07:38.948Z,legitedufou@gmail.com,newsletter,everyone,true
178414188,2025-11-10T05:07:39.176Z,chris3005chp@gmail.com,newsletter,everyone,true
178414188,2025-11-10T05:07:39.202Z,keraudrenp501@gmail.com,newsletter,everyone,true
178414188,2025-11-10T05:07:39.286Z,amonnetstaath@gmail.com,newsletter,everyone,true
178414188,2025-11-10T05:07:39.619Z,alethdefonscolombe@gmail.com,newsletter,everyone,true
178414188,2025-11-10T05:07:39.643Z,keraudrenp.501@gmail.com,newsletter,everyone,true
178414188,2025-11-10T05:07:39.748Z,alicelydia222@gmail.com,newsletter,everyone,true
178414188,2025-11-10T05:07:39.833Z,flomaps@gmail.com,newsletter,everyone,true
178414188,2025-11-10T05:07:39.908Z,junior.moudjih@gmail.com,newsletter,everyone,true
178414188,2025-11-10T05:07:40.078Z,marieperrenot@yahoo.fr,newsletter,everyone,true
178414188,2025-11-10T05:07:40.120Z,jules.es@hotmail.fr,newsletter,everyone,true
178414188,2025-11-10T05:07:40.287Z,ptk.boquet@gmail.com,newsletter,everyone,true
178414188,2025-11-10T05:07:40.468Z,sok-@hotmail.fr,newsletter,everyone,true
178414188,2025-11-10T05:07:40.684Z,virginie.blazy@gmail.com,newsletter,everyone,true
178414188,2025-11-10T05:07:40.686Z,sauzeatboris@gmail.com,newsletter,everyone,true
178414188,2025-11-10T05:07:41.308Z,fabienne.bastien1234@gmail.com,newsletter,everyone,true
178414188,2025-11-10T05:07:41.396Z,hiriartclement@gmail.com,newsletter,everyone,true
178414188,2025-11-10T05:07:41.396Z,somialvi@gmail.com,newsletter,everyone,true
178414188,2025-11-10T05:07:41.400Z,laetitiadebard64@gmail.com,newsletter,everyone,true
178414188,2025-11-10T05:07:41.415Z,fabrice.collette@free.fr,newsletter,everyone,true
178414188,2025-11-10T05:07:41.462Z,nani3864@gmail.com,newsletter,everyone,true
178414188,2025-11-10T05:07:41.500Z,lucilesarda38@gmail.com,newsletter,everyone,true
178414188,2025-11-10T05:07:41.521Z,bakaybea@gmail.com,newsletter,everyone,true
178414188,2025-11-10T05:07:41.602Z,madx93320@gmail.com,newsletter,everyone,true
178414188,2025-11-10T05:07:41.608Z,cristinareus007@gmail.com,newsletter,everyone,true
178414188,2025-11-10T05:07:41.664Z,sidonie.cieutat@yahoo.fr,newsletter,everyone,true
178414188,2025-11-10T05:07:41.674Z,david.tslocation@gmail.com,newsletter,everyone,true
178414188,2025-11-10T05:07:41.694Z,lucreceamigues@gmail.com,newsletter,everyone,true
178414188,2025-11-10T05:07:41.738Z,guillaumesrz65@gmail.com,newsletter,everyone,true
178414188,2025-11-10T05:07:41.744Z,fabasphil@yahoo.fr,newsletter,everyone,true
178414188,2025-11-10T05:07:41.769Z,lorine.basquebouvier@gmail.com,newsletter,everyone,true
178414188,2025-11-10T05:07:41.839Z,raad.brazil@gmail.com,newsletter,everyone,true
178414188,2025-11-10T05:07:41.942Z,aamayon@gmail.com,newsletter,everyone,true
178414188,2025-11-10T05:07:41.974Z,lea.tipi@gmail.com,newsletter,everyone,true
178414188,2025-11-10T05:07:42.419Z,gabriella.daher@free.fr,newsletter,everyone,true
178414188,2025-11-10T05:07:42.514Z,mfranc@csm.fr,newsletter,everyone,true
178414188,2025-11-10T05:07:42.780Z,perones-motets-0n@icloud.com,newsletter,everyone,true
178414188,2025-11-10T05:07:43.353Z,edouardhusson022@protonmail.com,newsletter,everyone,true
178414188,2025-11-10T05:07:44.448Z,cpnioche@outlook.com,newsletter,everyone,true
178414188,2025-11-10T05:32:45.456Z,marie-helene.soulier0705@orange.fr,newsletter,everyone,true
178414188,2025-11-10T06:02:54.976Z,duhaldebordebernadette@orange.fr,newsletter,everyone,true
178414188,2025-11-10T06:04:37.714Z,edy.custine@orange.fr,newsletter,everyone,true
178414188,2025-11-10T06:34:54.764Z,Larousse44@orange.fr,newsletter,everyone,true
178414188,2025-11-10T06:49:34.363Z,achard.luc@wanadoo.fr,newsletter,everyone,true
178414188,2025-11-10T06:53:59.819Z,carrulla.william@orange.fr,newsletter,everyone,true
178414188,2025-11-10T07:02:57.498Z,c.carrulla@orange.fr,newsletter,everyone,true
178414188,2025-11-10T07:03:00.700Z,agnes.lagrolet@orange.fr,newsletter,everyone,true
