post_id,timestamp,email,post_type,post_audience,active_subscription,country,city,region,device_type,client_os,client_type,user_agent
178414188,2025-11-10T05:08:21.788Z,alethdefonscolombe@gmail.com,newsletter,everyone,true,US,,,,,,Mozilla/5.0 (Windows NT 5.1; rv:11.0) Gecko Firefox/11.0 (via ggpht.com GoogleImageProxy)
178414188,2025-11-10T05:09:25.516Z,amonnetstaath@gmail.com,newsletter,everyone,true,US,,,,,,Mozilla/5.0 (Windows NT 5.1; rv:11.0) Gecko Firefox/11.0 (via ggpht.com GoogleImageProxy)
178414188,2025-11-10T05:09:26.688Z,amonnetstaath@gmail.com,newsletter,everyone,true,US,,,,,,Mozilla/5.0 (Windows NT 5.1; rv:11.0) Gecko Firefox/11.0 (via ggpht.com GoogleImageProxy)
178414188,2025-11-10T05:28:35.818Z,ptk.boquet@gmail.com,newsletter,everyone,true,FR,,,,,,Mozilla/5.0
178414188,2025-11-10T05:36:15.034Z,perones-motets-0n@icloud.com,newsletter,everyone,true,FR,,,,,,Mozilla/5.0
178414188,2025-11-10T05:43:35.445Z,lorine.basquebouvier@gmail.com,newsletter,everyone,true,US,,,,,,Mozilla/5.0
178414188,2025-11-10T05:53:00.027Z,nani3864@gmail.com,newsletter,everyone,true,US,,,,,,Mozilla/5.0 (Windows NT 5.1; rv:11.0) Gecko Firefox/11.0 (via ggpht.com GoogleImageProxy)
178414188,2025-11-10T05:53:04.716Z,nani3864@gmail.com,newsletter,everyone,true,US,,,,,,Mozilla/5.0 (Windows NT 5.1; rv:11.0) Gecko Firefox/11.0 (via ggpht.com GoogleImageProxy)
178414188,2025-11-10T05:58:46.547Z,gabriella.daher@free.fr,newsletter,everyone,true,FR,,,,,,Mozilla/5.0
178414188,2025-11-10T06:34:43.984Z,chris3005chp@gmail.com,newsletter,everyone,true,US,,,,,,Mozilla/5.0 (Windows NT 5.1; rv:11.0) Gecko Firefox/11.0 (via ggpht.com GoogleImageProxy)
178414188,2025-11-10T07:24:30.142Z,virginie.blazy@gmail.com,newsletter,everyone,true,US,,,,,,Mozilla/5.0 (Windows NT 5.1; rv:11.0) Gecko Firefox/11.0 (via ggpht.com GoogleImageProxy)
178414188,2025-11-10T07:24:34.437Z,virginie.blazy@gmail.com,newsletter,everyone,true,US,,,,,,Mozilla/5.0 (Windows NT 5.1; rv:11.0) Gecko Firefox/11.0 (via ggpht.com GoogleImageProxy)
178414188,2025-11-10T07:26:39.869Z,laetitiadebard64@gmail.com,newsletter,everyone,true,US,,,,,,Mozilla/5.0 (Windows NT 5.1; rv:11.0) Gecko Firefox/11.0 (via ggpht.com GoogleImageProxy)
178414188,2025-11-10T07:47:22.422Z,mfranc@csm.fr,newsletter,everyone,true,US,,,,,,Mozilla/5.0
178414188,2025-11-10T07:57:25.263Z,flomaps@gmail.com,newsletter,everyone,true,US,,,,,,Mozilla/5.0 (Windows NT 5.1; rv:11.0) Gecko Firefox/11.0 (via ggpht.com GoogleImageProxy)
178414188,2025-11-10T07:57:29.850Z,flomaps@gmail.com,newsletter,everyone,true,US,,,,,,Mozilla/5.0 (Windows NT 5.1; rv:11.0) Gecko Firefox/11.0 (via ggpht.com GoogleImageProxy)
178414188,2025-11-10T08:00:37.441Z,flomaps@gmail.com,newsletter,everyone,true,US,,,,,,Mozilla/5.0 (Windows NT 5.1; rv:11.0) Gecko Firefox/11.0 (via ggpht.com GoogleImageProxy)
178414188,2025-11-10T08:02:32.597Z,somialvi@gmail.com,newsletter,everyone,true,FR,,,,,,Mozilla/5.0 (Windows NT 10.0; Win64; x64; rv:144.0) Gecko/20100101 Thunderbird/144.0.1
178414188,2025-11-10T08:02:36.201Z,somialvi@gmail.com,newsletter,everyone,true,FR,,,,,,Mozilla/5.0 (Windows NT 10.0; Win64; x64; rv:144.0) Gecko/20100101 Thunderbird/144.0.1
178414188,2025-11-10T08:13:28.618Z,c.carrulla@orange.fr,newsletter,everyone,true,US,,,,,,Mozilla/5.0
178414188,2025-11-10T08:36:25.213Z,fabasphil@yahoo.fr,newsletter,everyone,true,FR,,,,,,Mozilla/5.0
178414188,2025-11-10T08:58:11.520Z,perones-motets-0n@icloud.com,newsletter,everyone,true,FR,,,,,,Mozilla/5.0
178414188,2025-11-10T08:59:04.899Z,duhaldebordebernadette@orange.fr,newsletter,everyone,true,FR,,,,,,Mozilla/5.0
178414188,2025-11-10T09:35:59.770Z,jules.es@hotmail.fr,newsletter,everyone,true,FR,,,,,,"Mozilla/5.0 (Linux; Android 14; 22101316G Build/UP1A.231005.007; wv) AppleWebKit/537.36 (KHTML, like Gecko) Version/4.0 Chrome/142.0.7444.105 Mobile Safari/537.36"
178414188,2025-11-10T10:13:24.064Z,sidonie.cieutat@yahoo.fr,newsletter,everyone,true,FR,,,,,,Mozilla/5.0
178414188,2025-11-10T10:59:04.843Z,chris3005chp@gmail.com,newsletter,everyone,true,BD,,,,,,Mozilla/5.0
178414188,2025-11-10T11:23:19.810Z,bakaybea@gmail.com,newsletter,everyone,true,US,,,,,,Mozilla/5.0 (Windows NT 5.1; rv:11.0) Gecko Firefox/11.0 (via ggpht.com GoogleImageProxy)
178414188,2025-11-10T12:54:41.673Z,madx93320@gmail.com,newsletter,everyone,true,US,,,,,,Mozilla/5.0 (Windows NT 5.1; rv:11.0) Gecko Firefox/11.0 (via ggpht.com GoogleImageProxy)
178414188,2025-11-10T15:31:24.144Z,chris3005chp@gmail.com,newsletter,everyone,true,US,,,,,,Mozilla/5.0 (Windows NT 5.1; rv:11.0) Gecko Firefox/11.0 (via ggpht.com GoogleImageProxy)
178414188,2025-11-10T18:51:39.809Z,achard.luc@wanadoo.fr,newsletter,everyone,true,FR,,,,,,Mozilla/5.0
178414188,2025-11-10T19:33:06.021Z,laetitiadebard64@gmail.com,newsletter,everyone,true,US,,,,,,Mozilla/5.0 (Windows NT 5.1; rv:11.0) Gecko Firefox/11.0 (via ggpht.com GoogleImageProxy)
178414188,2025-11-10T19:33:08.318Z,laetitiadebard64@gmail.com,newsletter,everyone,true,US,,,,,,Mozilla/5.0 (Windows NT 5.1; rv:11.0) Gecko Firefox/11.0 (via ggpht.com GoogleImageProxy)
178414188,2025-11-10T19:33:10.453Z,ptk.boquet@gmail.com,newsletter,everyone,true,FR,,,,,,Mozilla/5.0
178414188,2025-11-10T19:33:55.017Z,flomaps@gmail.com,newsletter,everyone,true,US,,,,,,Mozilla/5.0 (Windows NT 5.1; rv:11.0) Gecko Firefox/11.0 (via ggpht.com GoogleImageProxy)
178414188,2025-11-10T19:34:00.640Z,flomaps@gmail.com,newsletter,everyone,true,US,,,,,,Mozilla/5.0 (Windows NT 5.1; rv:11.0) Gecko Firefox/11.0 (via ggpht.com GoogleImageProxy)
178414188,2025-11-10T20:19:45.047Z,nani3864@gmail.com,newsletter,everyone,true,US,,,,,,Mozilla/5.0 (Windows NT 5.1; rv:11.0) Gecko Firefox/11.0 (via ggpht.com GoogleImageProxy)
178414188,2025-11-11T01:09:54.786Z,hiriartclement@gmail.com,newsletter,everyone,true,FR,,,,,,Mozilla/5.0
178414188,2025-11-11T04:43:22.790Z,lucilesarda38@gmail.com,newsletter,everyone,true,US,,,,,,Mozilla/5.0 (Windows NT 5.1; rv:11.0) Gecko Firefox/11.0 (via ggpht.com GoogleImageProxy)
178414188,2025-11-11T13:52:39.932Z,nani3864@gmail.com,newsletter,everyone,true,US,,,,,,Mozilla/5.0 (Windows NT 5.1; rv:11.0) Gecko Firefox/11.0 (via ggpht.com GoogleImageProxy)
178414188,2025-11-11T14:48:53.357Z,carrulla.william@orange.fr,newsletter,everyone,true,US,,,,,,Mozilla/5.0
178414188,2025-11-11T22:56:34.000Z,gabriella.daher@free.fr,newsletter,everyone,true,FR,,,,,,Mozilla/5.0
178414188,2025-11-12T06:17:22.274Z,marieperrenot@yahoo.fr,newsletter,everyone,true,NL,,,,,,YahooMailProxy; https://help.yahoo.com/kb/yahoo-mail-proxy-SLN28749.html
178414188,2025-11-12T13:26:05.465Z,alicelydia222@gmail.com,newsletter,everyone,true,US,,,,,,Mozilla/5.0
178414188,2025-11-12T15:11:39.045Z,alicelydia222@gmail.com,newsletter,everyone,true,US,,,,,,Mozilla/5.0
178414188,2025-11-12T17:10:27.685Z,madx93320@gmail.com,newsletter,everyone,true,US,,,,,,Mozilla/5.0 (Windows NT 5.1; rv:11.0) Gecko Firefox/11.0 (via ggpht.com GoogleImageProxy)
178414188,2025-11-14T08:11:53.620Z,lorine.basquebouvier@gmail.com,newsletter,everyone,true,FR,,,,,,Mozilla/5.0
178414188,2025-11-14T08:33:35.741Z,sidonie.cieutat@yahoo.fr,newsletter,everyone,true,FR,,,,,,Mozilla/5.0
178414188,2025-11-14T16:46:42.720Z,laetitiadebard64@gmail.com,newsletter,everyone,true,US,,,,,,Mozilla/5.0 (Windows NT 5.1; rv:11.0) Gecko Firefox/11.0 (via ggpht.com GoogleImageProxy)
178414188,2025-11-14T16:46:45.344Z,laetitiadebard64@gmail.com,newsletter,everyone,true,US,,,,,,Mozilla/5.0 (Windows NT 5.1; rv:11.0) Gecko Firefox/11.0 (via ggpht.com GoogleImageProxy)
178414188,2025-11-17T08:49:30.993Z,carrulla.william@orange.fr,newsletter,everyone,true,FR,,,,,,Mozilla/5.0
178414188,2025-11-19T05:53:05.934Z,c.carrulla@orange.fr,newsletter,everyone,true,US,,,,,,Mozilla/5.0
178414188,2025-11-23T08:08:13.592Z,sidonie.cieutat@yahoo.fr,newsletter,everyone,true,FR,,,,,,Mozilla/5.0
178414188,2025-11-28T22:21:53.409Z,somialvi@gmail.com,newsletter,everyone,true,FR,,,,,,Mozilla/5.0 (Windows NT 10.0; Win64; x64; rv:145.0) Gecko/20100101 Thunderbird/145.0
