post_id,timestamp,email,post_type,post_audience,active_subscription
178494700,2025-11-11T04:06:06.014Z,junior.moudjih@gmail.com,newsletter,everyone,true
178494700,2025-11-11T04:06:06.139Z,chris3005chp@gmail.com,newsletter,everyone,true
178494700,2025-11-11T04:06:06.140Z,virginie.blazy@gmail.com,newsletter,everyone,true
178494700,2025-11-11T04:06:06.264Z,alethdefonscolombe@gmail.com,newsletter,everyone,true
178494700,2025-11-11T04:06:06.333Z,cristinareus007@gmail.com,newsletter,everyone,true
178494700,2025-11-11T04:06:06.341Z,somialvi@gmail.com,newsletter,everyone,true
178494700,2025-11-11T04:06:06.358Z,lucilesarda38@gmail.com,newsletter,everyone,true
178494700,2025-11-11T04:06:06.366Z,sauzeatboris@gmail.com,newsletter,everyone,true
178494700,2025-11-11T04:06:06.383Z,legitedufou@gmail.com,newsletter,everyone,true
178494700,2025-11-11T04:06:06.393Z,nani3864@gmail.com,newsletter,everyone,true
178494700,2025-11-11T04:06:06.420Z,aamayon@gmail.com,newsletter,everyone,true
178494700,2025-11-11T04:06:06.472Z,flomaps@gmail.com,newsletter,everyone,true
178494700,2025-11-11T04:06:06.478Z,lucreceamigues@gmail.com,newsletter,everyone,true
178494700,2025-11-11T04:06:06.482Z,guillaumesrz65@gmail.com,newsletter,everyone,true
178494700,2025-11-11T04:06:06.487Z,sok-@hotmail.fr,newsletter,everyone,true
178494700,2025-11-11T04:06:06.509Z,hiriartclement@gmail.com,newsletter,everyone,true
178494700,2025-11-11T04:06:06.529Z,keraudrenp501@gmail.com,newsletter,everyone,true
178494700,2025-11-11T04:06:06.541Z,ptk.boquet@gmail.com,newsletter,everyone,true
178494700,2025-11-11T04:06:06.550Z,madx93320@gmail.com,newsletter,everyone,true
178494700,2025-11-11T04:06:06.564Z,c.carrulla@orange.fr,newsletter,everyone,true
178494700,2025-11-11T04:06:06.681Z,raad.brazil@gmail.com,newsletter,everyone,true
178494700,2025-11-11T04:06:06.698Z,prof.georges.raad@gmail.com,newsletter,everyone,true
178494700,2025-11-11T04:06:06.701Z,david.tslocation@gmail.com,newsletter,everyone,true
178494700,2025-11-11T04:06:06.759Z,edy.custine@orange.fr,newsletter,everyone,true
178494700,2025-11-11T04:06:06.779Z,fabrice.collette@free.fr,newsletter,everyone,true
178494700,2025-11-11T04:06:06.797Z,sandunad1958@gmail.com,newsletter,everyone,true
178494700,2025-11-11T04:06:06.797Z,achard.luc@wanadoo.fr,newsletter,everyone,true
178494700,2025-11-11T04:06:06.830Z,france.pittoresque@gmail.com,newsletter,everyone,true
178494700,2025-11-11T04:06:06.834Z,duhaldebordebernadette@orange.fr,newsletter,everyone,true
178494700,2025-11-11T04:06:06.849Z,keraudrenp.501@gmail.com,newsletter,everyone,true
178494700,2025-11-11T04:06:06.886Z,Larousse44@orange.fr,newsletter,everyone,true
178494700,2025-11-11T04:06:06.958Z,alicelydia222@gmail.com,newsletter,everyone,true
178494700,2025-11-11T04:06:07.046Z,laetitiadebard64@gmail.com,newsletter,everyone,true
178494700,2025-11-11T04:06:07.102Z,cpnioche@outlook.com,newsletter,everyone,true
178494700,2025-11-11T04:06:07.120Z,sidonie.cieutat@yahoo.fr,newsletter,everyone,true
178494700,2025-11-11T04:06:07.143Z,bakaybea@gmail.com,newsletter,everyone,true
178494700,2025-11-11T04:06:07.188Z,fabienne.bastien1234@gmail.com,newsletter,everyone,true
178494700,2025-11-11T04:06:07.266Z,lorine.basquebouvier@gmail.com,newsletter,everyone,true
178494700,2025-11-11T04:06:07.274Z,jules.es@hotmail.fr,newsletter,everyone,true
178494700,2025-11-11T04:06:07.307Z,lea.tipi@gmail.com,newsletter,everyone,true
178494700,2025-11-11T04:06:07.307Z,marieperrenot@yahoo.fr,newsletter,everyone,true
178494700,2025-11-11T04:06:07.348Z,carrulla.william@orange.fr,newsletter,everyone,true
178494700,2025-11-11T04:06:07.496Z,gabriella.daher@free.fr,newsletter,everyone,true
178494700,2025-11-11T04:06:08.473Z,fabasphil@yahoo.fr,newsletter,everyone,true
178494700,2025-11-11T04:06:08.760Z,mfranc@csm.fr,newsletter,everyone,true
178494700,2025-11-11T04:06:09.577Z,edouardhusson022@protonmail.com,newsletter,everyone,true
178494700,2025-11-11T04:06:11.154Z,perones-motets-0n@icloud.com,newsletter,everyone,true
178494700,2025-11-11T04:07:09.677Z,marie-helene.soulier0705@orange.fr,newsletter,everyone,true
178494700,2025-11-11T04:08:25.352Z,agnes.lagrolet@orange.fr,newsletter,everyone,true
