post_id,timestamp,email,post_type,post_audience,active_subscription
178593122,2025-11-12T04:06:35.141Z,legitedufou@gmail.com,newsletter,everyone,true
178593122,2025-11-12T04:06:35.145Z,junior.moudjih@gmail.com,newsletter,everyone,true
178593122,2025-11-12T04:06:35.219Z,france.pittoresque@gmail.com,newsletter,everyone,true
178593122,2025-11-12T04:06:35.232Z,keraudrenp.501@gmail.com,newsletter,everyone,true
178593122,2025-11-12T04:06:35.243Z,chris3005chp@gmail.com,newsletter,everyone,true
178593122,2025-11-12T04:06:35.351Z,prof.georges.raad@gmail.com,newsletter,everyone,true
178593122,2025-11-12T04:06:35.648Z,sandunad1958@gmail.com,newsletter,everyone,true
178593122,2025-11-12T04:06:35.730Z,keraudrenp501@gmail.com,newsletter,everyone,true
178593122,2025-11-12T04:06:36.234Z,nani3864@gmail.com,newsletter,everyone,true
178593122,2025-11-12T04:06:36.322Z,aamayon@gmail.com,newsletter,everyone,true
178593122,2025-11-12T04:06:36.323Z,lucilesarda38@gmail.com,newsletter,everyone,true
178593122,2025-11-12T04:06:36.327Z,laetitiadebard64@gmail.com,newsletter,everyone,true
178593122,2025-11-12T04:06:36.359Z,somialvi@gmail.com,newsletter,everyone,true
178593122,2025-11-12T04:06:36.370Z,bakaybea@gmail.com,newsletter,everyone,true
178593122,2025-11-12T04:06:36.412Z,hiriartclement@gmail.com,newsletter,everyone,true
178593122,2025-11-12T04:06:36.493Z,raad.brazil@gmail.com,newsletter,everyone,true
178593122,2025-11-12T04:06:36.536Z,fabienne.bastien1234@gmail.com,newsletter,everyone,true
178593122,2025-11-12T04:06:36.557Z,lea.tipi@gmail.com,newsletter,everyone,true
178593122,2025-11-12T04:06:36.609Z,duhaldebordebernadette@orange.fr,newsletter,everyone,true
178593122,2025-11-12T04:06:36.679Z,agnes.lagrolet@orange.fr,newsletter,everyone,true
178593122,2025-11-12T04:06:36.686Z,guillaumesrz65@gmail.com,newsletter,everyone,true
178593122,2025-11-12T04:06:36.716Z,lucreceamigues@gmail.com,newsletter,everyone,true
178593122,2025-11-12T04:06:36.736Z,madx93320@gmail.com,newsletter,everyone,true
178593122,2025-11-12T04:06:36.808Z,fabasphil@yahoo.fr,newsletter,everyone,true
178593122,2025-11-12T04:06:36.860Z,lorine.basquebouvier@gmail.com,newsletter,everyone,true
178593122,2025-11-12T04:06:37.082Z,achard.luc@wanadoo.fr,newsletter,everyone,true
178593122,2025-11-12T04:06:37.746Z,edouardhusson022@protonmail.com,newsletter,everyone,true
178593122,2025-11-12T04:06:37.912Z,mfranc@csm.fr,newsletter,everyone,true
178593122,2025-11-12T04:06:37.981Z,virginie.blazy@gmail.com,newsletter,everyone,true
178593122,2025-11-12T04:06:38.089Z,sauzeatboris@gmail.com,newsletter,everyone,true
178593122,2025-11-12T04:06:38.317Z,cpnioche@outlook.com,newsletter,everyone,true
178593122,2025-11-12T04:06:38.543Z,david.tslocation@gmail.com,newsletter,everyone,true
178593122,2025-11-12T04:06:38.911Z,cristinareus007@gmail.com,newsletter,everyone,true
178593122,2025-11-12T04:06:38.941Z,Larousse44@orange.fr,newsletter,everyone,true
178593122,2025-11-12T04:06:38.964Z,carrulla.william@orange.fr,newsletter,everyone,true
178593122,2025-11-12T04:06:39.158Z,sidonie.cieutat@yahoo.fr,newsletter,everyone,true
178593122,2025-11-12T04:06:40.801Z,alicelydia222@gmail.com,newsletter,everyone,true
178593122,2025-11-12T04:06:40.855Z,alethdefonscolombe@gmail.com,newsletter,everyone,true
178593122,2025-11-12T04:06:41.010Z,ptk.boquet@gmail.com,newsletter,everyone,true
178593122,2025-11-12T04:06:41.599Z,flomaps@gmail.com,newsletter,everyone,true
178593122,2025-11-12T04:06:41.756Z,marieperrenot@yahoo.fr,newsletter,everyone,true
178593122,2025-11-12T04:06:42.286Z,jules.es@hotmail.fr,newsletter,everyone,true
178593122,2025-11-12T04:06:42.425Z,sok-@hotmail.fr,newsletter,everyone,true
178593122,2025-11-12T04:06:42.591Z,perones-motets-0n@icloud.com,newsletter,everyone,true
178593122,2025-11-12T04:07:56.281Z,marie-helene.soulier0705@orange.fr,newsletter,everyone,true
178593122,2025-11-12T04:07:56.502Z,edy.custine@orange.fr,newsletter,everyone,true
178593122,2025-11-12T04:07:58.272Z,c.carrulla@orange.fr,newsletter,everyone,true
178593122,2025-11-12T04:16:38.123Z,fabrice.collette@free.fr,newsletter,everyone,true
178593122,2025-11-12T04:31:39.019Z,gabriella.daher@free.fr,newsletter,everyone,true
