post_id,timestamp,email,post_type,post_audience,active_subscription
178681546,2025-11-13T04:06:19.896Z,sandunad1958@gmail.com,newsletter,everyone,true
178681546,2025-11-13T04:06:20.319Z,marie-helene.soulier0705@orange.fr,newsletter,everyone,true
178681546,2025-11-13T04:06:21.474Z,france.pittoresque@gmail.com,newsletter,everyone,true
178681546,2025-11-13T04:06:21.619Z,keraudrenp501@gmail.com,newsletter,everyone,true
178681546,2025-11-13T04:06:21.631Z,prof.georges.raad@gmail.com,newsletter,everyone,true
178681546,2025-11-13T04:06:21.631Z,keraudrenp.501@gmail.com,newsletter,everyone,true
178681546,2025-11-13T04:06:21.650Z,junior.moudjih@gmail.com,newsletter,everyone,true
178681546,2025-11-13T04:06:21.809Z,fabrice.collette@free.fr,newsletter,everyone,true
178681546,2025-11-13T04:06:21.974Z,chris3005chp@gmail.com,newsletter,everyone,true
178681546,2025-11-13T04:06:22.051Z,legitedufou@gmail.com,newsletter,everyone,true
178681546,2025-11-13T04:06:22.682Z,virginie.blazy@gmail.com,newsletter,everyone,true
178681546,2025-11-13T04:06:22.897Z,aamayon@gmail.com,newsletter,everyone,true
178681546,2025-11-13T04:06:22.915Z,lucilesarda38@gmail.com,newsletter,everyone,true
178681546,2025-11-13T04:06:22.941Z,lucreceamigues@gmail.com,newsletter,everyone,true
178681546,2025-11-13T04:06:22.946Z,laetitiadebard64@gmail.com,newsletter,everyone,true
178681546,2025-11-13T04:06:22.972Z,cristinareus007@gmail.com,newsletter,everyone,true
178681546,2025-11-13T04:06:22.979Z,raad.brazil@gmail.com,newsletter,everyone,true
178681546,2025-11-13T04:06:22.989Z,bakaybea@gmail.com,newsletter,everyone,true
178681546,2025-11-13T04:06:23.031Z,lea.tipi@gmail.com,newsletter,everyone,true
178681546,2025-11-13T04:06:23.053Z,alethdefonscolombe@gmail.com,newsletter,everyone,true
178681546,2025-11-13T04:06:23.059Z,lorine.basquebouvier@gmail.com,newsletter,everyone,true
178681546,2025-11-13T04:06:23.073Z,sauzeatboris@gmail.com,newsletter,everyone,true
178681546,2025-11-13T04:06:23.080Z,fabienne.bastien1234@gmail.com,newsletter,everyone,true
178681546,2025-11-13T04:06:23.100Z,guillaumesrz65@gmail.com,newsletter,everyone,true
178681546,2025-11-13T04:06:23.205Z,hiriartclement@gmail.com,newsletter,everyone,true
178681546,2025-11-13T04:06:23.205Z,david.tslocation@gmail.com,newsletter,everyone,true
178681546,2025-11-13T04:06:23.233Z,flomaps@gmail.com,newsletter,everyone,true
178681546,2025-11-13T04:06:23.253Z,carrulla.william@orange.fr,newsletter,everyone,true
178681546,2025-11-13T04:06:23.262Z,ptk.boquet@gmail.com,newsletter,everyone,true
178681546,2025-11-13T04:06:23.282Z,nani3864@gmail.com,newsletter,everyone,true
178681546,2025-11-13T04:06:23.349Z,jules.es@hotmail.fr,newsletter,everyone,true
178681546,2025-11-13T04:06:23.353Z,madx93320@gmail.com,newsletter,everyone,true
178681546,2025-11-13T04:06:23.358Z,agnes.lagrolet@orange.fr,newsletter,everyone,true
178681546,2025-11-13T04:06:23.391Z,alicelydia222@gmail.com,newsletter,everyone,true
178681546,2025-11-13T04:06:23.436Z,sok-@hotmail.fr,newsletter,everyone,true
178681546,2025-11-13T04:06:23.497Z,edy.custine@orange.fr,newsletter,everyone,true
178681546,2025-11-13T04:06:23.569Z,achard.luc@wanadoo.fr,newsletter,everyone,true
178681546,2025-11-13T04:06:23.652Z,Larousse44@orange.fr,newsletter,everyone,true
178681546,2025-11-13T04:06:23.742Z,c.carrulla@orange.fr,newsletter,everyone,true
178681546,2025-11-13T04:06:23.770Z,gabriella.daher@free.fr,newsletter,everyone,true
178681546,2025-11-13T04:06:23.995Z,sidonie.cieutat@yahoo.fr,newsletter,everyone,true
178681546,2025-11-13T04:06:24.047Z,mfranc@csm.fr,newsletter,everyone,true
178681546,2025-11-13T04:06:24.328Z,somialvi@gmail.com,newsletter,everyone,true
178681546,2025-11-13T04:06:24.394Z,marieperrenot@yahoo.fr,newsletter,everyone,true
178681546,2025-11-13T04:06:24.532Z,edouardhusson022@protonmail.com,newsletter,everyone,true
178681546,2025-11-13T04:06:24.833Z,cpnioche@outlook.com,newsletter,everyone,true
178681546,2025-11-13T04:06:25.047Z,fabasphil@yahoo.fr,newsletter,everyone,true
178681546,2025-11-13T04:06:26.704Z,perones-motets-0n@icloud.com,newsletter,everyone,true
178681546,2025-11-13T04:07:59.105Z,duhaldebordebernadette@orange.fr,newsletter,everyone,true
