post_id,timestamp,email,post_type,post_audience,active_subscription,country,city,region,device_type,client_os,client_type,user_agent
178782632,2025-11-14T04:09:57.558Z,bakaybea@gmail.com,newsletter,everyone,true,US,,,,,,Mozilla/5.0 (Windows NT 5.1; rv:11.0) Gecko Firefox/11.0 (via ggpht.com GoogleImageProxy)
178782632,2025-11-14T04:12:34.974Z,chris3005chp@gmail.com,newsletter,everyone,true,US,,,,,,Mozilla/5.0 (Windows NT 5.1; rv:11.0) Gecko Firefox/11.0 (via ggpht.com GoogleImageProxy)
178782632,2025-11-14T04:17:10.700Z,chris3005chp@gmail.com,newsletter,everyone,true,US,,,,,,Mozilla/5.0 (Windows NT 5.1; rv:11.0) Gecko Firefox/11.0 (via ggpht.com GoogleImageProxy)
178782632,2025-11-14T04:23:28.394Z,duhaldebordebernadette@orange.fr,newsletter,everyone,true,FR,,,,,,Mozilla/5.0
178782632,2025-11-14T04:31:20.957Z,lorine.basquebouvier@gmail.com,newsletter,everyone,true,FR,,,,,,Mozilla/5.0
178782632,2025-11-14T04:37:42.890Z,hiriartclement@gmail.com,newsletter,everyone,true,FR,,,,,,Mozilla/5.0
178782632,2025-11-14T05:34:25.405Z,madx93320@gmail.com,newsletter,everyone,true,US,,,,,,Mozilla/5.0 (Windows NT 5.1; rv:11.0) Gecko Firefox/11.0 (via ggpht.com GoogleImageProxy)
178782632,2025-11-14T05:51:35.423Z,c.carrulla@orange.fr,newsletter,everyone,true,FR,,,,,,Mozilla/5.0
178782632,2025-11-14T06:41:45.049Z,agnes.lagrolet@orange.fr,newsletter,everyone,true,FR,,,,,,"Mozilla/5.0 (Linux; Android 12; SM-A415F Build/SP1A.210812.016; wv) AppleWebKit/537.36 (KHTML, like Gecko) Version/4.0 Chrome/141.0.7390.122 Mobile Safari/537.36"
178782632,2025-11-14T08:01:58.297Z,carrulla.william@orange.fr,newsletter,everyone,true,FR,,,,,,Mozilla/5.0
178782632,2025-11-14T08:07:48.700Z,nani3864@gmail.com,newsletter,everyone,true,US,,,,,,Mozilla/5.0 (Windows NT 5.1; rv:11.0) Gecko Firefox/11.0 (via ggpht.com GoogleImageProxy)
178782632,2025-11-14T08:11:48.602Z,cristinareus007@gmail.com,newsletter,everyone,true,US,,,,,,Mozilla/5.0 (Windows NT 5.1; rv:11.0) Gecko Firefox/11.0 (via ggpht.com GoogleImageProxy)
178782632,2025-11-14T08:11:51.113Z,cristinareus007@gmail.com,newsletter,everyone,true,US,,,,,,Mozilla/5.0 (Windows NT 5.1; rv:11.0) Gecko Firefox/11.0 (via ggpht.com GoogleImageProxy)
178782632,2025-11-14T08:16:52.666Z,achard.luc@wanadoo.fr,newsletter,everyone,true,FR,,,,,,Mozilla/5.0
178782632,2025-11-14T08:26:58.866Z,sidonie.cieutat@yahoo.fr,newsletter,everyone,true,US,,,,,,Mozilla/5.0
178782632,2025-11-14T09:01:51.643Z,aamayon@gmail.com,newsletter,everyone,true,US,,,,,,Mozilla/5.0 (Windows NT 5.1; rv:11.0) Gecko Firefox/11.0 (via ggpht.com GoogleImageProxy)
178782632,2025-11-14T09:35:49.776Z,junior.moudjih@gmail.com,newsletter,everyone,true,US,,,,,,Mozilla/5.0 (Windows NT 5.1; rv:11.0) Gecko Firefox/11.0 (via ggpht.com GoogleImageProxy)
178782632,2025-11-14T09:47:45.313Z,madx93320@gmail.com,newsletter,everyone,true,US,,,,,,Mozilla/5.0 (Windows NT 5.1; rv:11.0) Gecko Firefox/11.0 (via ggpht.com GoogleImageProxy)
178782632,2025-11-14T09:56:39.780Z,alethdefonscolombe@gmail.com,newsletter,everyone,true,US,,,,,,Mozilla/5.0 (Windows NT 5.1; rv:11.0) Gecko Firefox/11.0 (via ggpht.com GoogleImageProxy)
178782632,2025-11-14T10:01:37.785Z,junior.moudjih@gmail.com,newsletter,everyone,true,US,,,,,,Mozilla/5.0 (Windows NT 5.1; rv:11.0) Gecko Firefox/11.0 (via ggpht.com GoogleImageProxy)
178782632,2025-11-14T10:09:03.205Z,junior.moudjih@gmail.com,newsletter,everyone,true,US,,,,,,Mozilla/5.0 (Windows NT 5.1; rv:11.0) Gecko Firefox/11.0 (via ggpht.com GoogleImageProxy)
178782632,2025-11-14T10:09:23.868Z,junior.moudjih@gmail.com,newsletter,everyone,true,US,,,,,,Mozilla/5.0 (Windows NT 5.1; rv:11.0) Gecko Firefox/11.0 (via ggpht.com GoogleImageProxy)
178782632,2025-11-14T10:09:26.864Z,junior.moudjih@gmail.com,newsletter,everyone,true,US,,,,,,Mozilla/5.0 (Windows NT 5.1; rv:11.0) Gecko Firefox/11.0 (via ggpht.com GoogleImageProxy)
178782632,2025-11-14T10:12:53.782Z,lorine.basquebouvier@gmail.com,newsletter,everyone,true,FR,,,,,,Mozilla/5.0
178782632,2025-11-14T11:43:47.229Z,laetitiadebard64@gmail.com,newsletter,everyone,true,US,,,,,,Mozilla/5.0 (Windows NT 5.1; rv:11.0) Gecko Firefox/11.0 (via ggpht.com GoogleImageProxy)
178782632,2025-11-14T11:56:15.829Z,gabriella.daher@free.fr,newsletter,everyone,true,FR,,,,,,Mozilla/5.0
178782632,2025-11-14T12:06:31.185Z,bakaybea@gmail.com,newsletter,everyone,true,US,,,,,,Mozilla/5.0 (Windows NT 5.1; rv:11.0) Gecko Firefox/11.0 (via ggpht.com GoogleImageProxy)
178782632,2025-11-14T12:14:03.912Z,perones-motets-0n@icloud.com,newsletter,everyone,true,FR,,,,,,Mozilla/5.0
178782632,2025-11-14T12:46:31.561Z,achard.luc@wanadoo.fr,newsletter,everyone,true,FR,,,,,,Mozilla/5.0
178782632,2025-11-14T14:52:16.410Z,achard.luc@wanadoo.fr,newsletter,everyone,true,FR,,,,,,"Mozilla/5.0 (Macintosh; Intel Mac OS X 10_13_6) AppleWebKit/605.1.15 (KHTML, like Gecko)"
178782632,2025-11-14T18:24:10.266Z,france.pittoresque@gmail.com,newsletter,everyone,true,FR,,,,,,Mozilla/5.0 (Windows NT 10.0; Win64; x64; rv:140.0) Gecko/20100101 Thunderbird/140.4.0
178782632,2025-11-14T19:01:32.731Z,ptk.boquet@gmail.com,newsletter,everyone,true,FR,,,,,,Mozilla/5.0
178782632,2025-11-15T04:44:56.630Z,lucilesarda38@gmail.com,newsletter,everyone,true,US,,,,,,Mozilla/5.0 (Windows NT 5.1; rv:11.0) Gecko Firefox/11.0 (via ggpht.com GoogleImageProxy)
178782632,2025-11-15T08:36:20.627Z,flomaps@gmail.com,newsletter,everyone,true,US,,,,,,Mozilla/5.0 (Windows NT 5.1; rv:11.0) Gecko Firefox/11.0 (via ggpht.com GoogleImageProxy)
178782632,2025-11-15T08:36:23.070Z,flomaps@gmail.com,newsletter,everyone,true,US,,,,,,Mozilla/5.0 (Windows NT 5.1; rv:11.0) Gecko Firefox/11.0 (via ggpht.com GoogleImageProxy)
178782632,2025-11-15T09:16:50.251Z,alicelydia222@gmail.com,newsletter,everyone,true,US,,,,,,Mozilla/5.0
178782632,2025-11-15T16:01:27.818Z,marieperrenot@yahoo.fr,newsletter,everyone,true,IE,,,,,,YahooMailProxy; https://help.yahoo.com/kb/yahoo-mail-proxy-SLN28749.html
178782632,2025-11-16T06:41:23.020Z,madx93320@gmail.com,newsletter,everyone,true,US,,,,,,Mozilla/5.0 (Windows NT 5.1; rv:11.0) Gecko Firefox/11.0 (via ggpht.com GoogleImageProxy)
178782632,2025-11-16T21:33:26.450Z,gabriella.daher@free.fr,newsletter,everyone,true,FR,,,,,,Mozilla/5.0
178782632,2025-11-17T02:58:30.457Z,alicelydia222@gmail.com,newsletter,everyone,true,US,,,,,,Mozilla/5.0
178782632,2025-11-18T08:46:39.751Z,france.pittoresque@gmail.com,newsletter,everyone,true,FR,,,,,,Mozilla/5.0 (Windows NT 10.0; Win64; x64; rv:140.0) Gecko/20100101 Thunderbird/140.4.0
178782632,2025-11-19T05:53:12.366Z,c.carrulla@orange.fr,newsletter,everyone,true,US,,,,,,Mozilla/5.0
178782632,2025-11-19T16:48:43.242Z,madx93320@gmail.com,newsletter,everyone,true,US,,,,,,Mozilla/5.0 (Windows NT 5.1; rv:11.0) Gecko Firefox/11.0 (via ggpht.com GoogleImageProxy)
178782632,2025-11-23T07:30:09.667Z,sidonie.cieutat@yahoo.fr,newsletter,everyone,true,FR,,,,,,Mozilla/5.0
178782632,2025-11-23T07:49:55.202Z,sidonie.cieutat@yahoo.fr,newsletter,everyone,true,US,,,,,,Mozilla/5.0
