post_id,timestamp,email,post_type,post_audience,active_subscription
178782632,2025-11-14T04:06:02.094Z,sandunad1958@gmail.com,newsletter,everyone,true
178782632,2025-11-14T04:06:02.310Z,marie-helene.soulier0705@orange.fr,newsletter,everyone,true
178782632,2025-11-14T04:06:03.711Z,keraudrenp.501@gmail.com,newsletter,everyone,true
178782632,2025-11-14T04:06:03.967Z,keraudrenp501@gmail.com,newsletter,everyone,true
178782632,2025-11-14T04:06:04.116Z,legitedufou@gmail.com,newsletter,everyone,true
178782632,2025-11-14T04:06:04.137Z,junior.moudjih@gmail.com,newsletter,everyone,true
178782632,2025-11-14T04:06:04.145Z,prof.georges.raad@gmail.com,newsletter,everyone,true
178782632,2025-11-14T04:06:04.220Z,france.pittoresque@gmail.com,newsletter,everyone,true
178782632,2025-11-14T04:06:04.360Z,virginie.blazy@gmail.com,newsletter,everyone,true
178782632,2025-11-14T04:06:04.631Z,chris3005chp@gmail.com,newsletter,everyone,true
178782632,2025-11-14T04:06:04.662Z,cristinareus007@gmail.com,newsletter,everyone,true
178782632,2025-11-14T04:06:04.702Z,fabrice.collette@free.fr,newsletter,everyone,true
178782632,2025-11-14T04:06:04.757Z,david.tslocation@gmail.com,newsletter,everyone,true
178782632,2025-11-14T04:06:04.917Z,Larousse44@orange.fr,newsletter,everyone,true
178782632,2025-11-14T04:06:05.051Z,carrulla.william@orange.fr,newsletter,everyone,true
178782632,2025-11-14T04:06:05.059Z,sauzeatboris@gmail.com,newsletter,everyone,true
178782632,2025-11-14T04:06:05.360Z,edy.custine@orange.fr,newsletter,everyone,true
178782632,2025-11-14T04:06:05.386Z,alicelydia222@gmail.com,newsletter,everyone,true
178782632,2025-11-14T04:06:05.407Z,lorine.basquebouvier@gmail.com,newsletter,everyone,true
178782632,2025-11-14T04:06:05.489Z,flomaps@gmail.com,newsletter,everyone,true
178782632,2025-11-14T04:06:05.499Z,lucreceamigues@gmail.com,newsletter,everyone,true
178782632,2025-11-14T04:06:05.570Z,fabienne.bastien1234@gmail.com,newsletter,everyone,true
178782632,2025-11-14T04:06:05.601Z,sidonie.cieutat@yahoo.fr,newsletter,everyone,true
178782632,2025-11-14T04:06:05.611Z,raad.brazil@gmail.com,newsletter,everyone,true
178782632,2025-11-14T04:06:05.639Z,bakaybea@gmail.com,newsletter,everyone,true
178782632,2025-11-14T04:06:05.650Z,nani3864@gmail.com,newsletter,everyone,true
178782632,2025-11-14T04:06:05.656Z,laetitiadebard64@gmail.com,newsletter,everyone,true
178782632,2025-11-14T04:06:05.739Z,c.carrulla@orange.fr,newsletter,everyone,true
178782632,2025-11-14T04:06:05.745Z,alethdefonscolombe@gmail.com,newsletter,everyone,true
178782632,2025-11-14T04:06:05.746Z,somialvi@gmail.com,newsletter,everyone,true
178782632,2025-11-14T04:06:05.811Z,agnes.lagrolet@orange.fr,newsletter,everyone,true
178782632,2025-11-14T04:06:05.819Z,duhaldebordebernadette@orange.fr,newsletter,everyone,true
178782632,2025-11-14T04:06:05.906Z,lucilesarda38@gmail.com,newsletter,everyone,true
178782632,2025-11-14T04:06:05.938Z,achard.luc@wanadoo.fr,newsletter,everyone,true
178782632,2025-11-14T04:06:06.024Z,madx93320@gmail.com,newsletter,everyone,true
178782632,2025-11-14T04:06:06.044Z,jules.es@hotmail.fr,newsletter,everyone,true
178782632,2025-11-14T04:06:06.170Z,lea.tipi@gmail.com,newsletter,everyone,true
178782632,2025-11-14T04:06:06.212Z,hiriartclement@gmail.com,newsletter,everyone,true
178782632,2025-11-14T04:06:06.276Z,marieperrenot@yahoo.fr,newsletter,everyone,true
178782632,2025-11-14T04:06:06.279Z,guillaumesrz65@gmail.com,newsletter,everyone,true
178782632,2025-11-14T04:06:06.342Z,edouardhusson022@protonmail.com,newsletter,everyone,true
178782632,2025-11-14T04:06:06.557Z,ptk.boquet@gmail.com,newsletter,everyone,true
178782632,2025-11-14T04:06:06.614Z,mfranc@csm.fr,newsletter,everyone,true
178782632,2025-11-14T04:06:06.617Z,fabasphil@yahoo.fr,newsletter,everyone,true
178782632,2025-11-14T04:06:06.744Z,sok-@hotmail.fr,newsletter,everyone,true
178782632,2025-11-14T04:06:06.748Z,gabriella.daher@free.fr,newsletter,everyone,true
178782632,2025-11-14T04:06:06.749Z,aamayon@gmail.com,newsletter,everyone,true
178782632,2025-11-14T04:06:06.830Z,cpnioche@outlook.com,newsletter,everyone,true
178782632,2025-11-14T04:06:06.875Z,perones-motets-0n@icloud.com,newsletter,everyone,true
