post_id,timestamp,email,post_type,post_audience,active_subscription
178877693,2025-11-15T04:05:58.033Z,sandunad1958@gmail.com,newsletter,everyone,true
178877693,2025-11-15T04:05:58.378Z,france.pittoresque@gmail.com,newsletter,everyone,true
178877693,2025-11-15T04:05:58.432Z,legitedufou@gmail.com,newsletter,everyone,true
178877693,2025-11-15T04:05:58.433Z,keraudrenp.501@gmail.com,newsletter,everyone,true
178877693,2025-11-15T04:05:58.509Z,junior.moudjih@gmail.com,newsletter,everyone,true
178877693,2025-11-15T04:05:58.553Z,chris3005chp@gmail.com,newsletter,everyone,true
178877693,2025-11-15T04:05:58.559Z,prof.georges.raad@gmail.com,newsletter,everyone,true
178877693,2025-11-15T04:05:58.995Z,virginie.blazy@gmail.com,newsletter,everyone,true
178877693,2025-11-15T04:05:59.003Z,keraudrenp501@gmail.com,newsletter,everyone,true
178877693,2025-11-15T04:05:59.241Z,cristinareus007@gmail.com,newsletter,everyone,true
178877693,2025-11-15T04:05:59.308Z,david.tslocation@gmail.com,newsletter,everyone,true
178877693,2025-11-15T04:05:59.329Z,laetitiadebard64@gmail.com,newsletter,everyone,true
178877693,2025-11-15T04:05:59.511Z,somialvi@gmail.com,newsletter,everyone,true
178877693,2025-11-15T04:05:59.630Z,aamayon@gmail.com,newsletter,everyone,true
178877693,2025-11-15T04:05:59.651Z,fabienne.bastien1234@gmail.com,newsletter,everyone,true
178877693,2025-11-15T04:05:59.662Z,flomaps@gmail.com,newsletter,everyone,true
178877693,2025-11-15T04:05:59.747Z,lorine.basquebouvier@gmail.com,newsletter,everyone,true
178877693,2025-11-15T04:05:59.920Z,lucilesarda38@gmail.com,newsletter,everyone,true
178877693,2025-11-15T04:05:59.922Z,hiriartclement@gmail.com,newsletter,everyone,true
178877693,2025-11-15T04:05:59.927Z,alicelydia222@gmail.com,newsletter,everyone,true
178877693,2025-11-15T04:05:59.966Z,lea.tipi@gmail.com,newsletter,everyone,true
178877693,2025-11-15T04:05:59.985Z,guillaumesrz65@gmail.com,newsletter,everyone,true
178877693,2025-11-15T04:06:00.057Z,fabrice.collette@free.fr,newsletter,everyone,true
178877693,2025-11-15T04:06:00.144Z,raad.brazil@gmail.com,newsletter,everyone,true
178877693,2025-11-15T04:06:00.165Z,bakaybea@gmail.com,newsletter,everyone,true
178877693,2025-11-15T04:06:00.179Z,sidonie.cieutat@yahoo.fr,newsletter,everyone,true
178877693,2025-11-15T04:06:00.284Z,sok-@hotmail.fr,newsletter,everyone,true
178877693,2025-11-15T04:06:00.413Z,sauzeatboris@gmail.com,newsletter,everyone,true
178877693,2025-11-15T04:06:00.499Z,jules.es@hotmail.fr,newsletter,everyone,true
178877693,2025-11-15T04:06:00.547Z,marieperrenot@yahoo.fr,newsletter,everyone,true
178877693,2025-11-15T04:06:00.667Z,lucreceamigues@gmail.com,newsletter,everyone,true
178877693,2025-11-15T04:06:00.680Z,Larousse44@orange.fr,newsletter,everyone,true
178877693,2025-11-15T04:06:00.696Z,cpnioche@outlook.com,newsletter,everyone,true
178877693,2025-11-15T04:06:00.698Z,mfranc@csm.fr,newsletter,everyone,true
178877693,2025-11-15T04:06:00.758Z,alethdefonscolombe@gmail.com,newsletter,everyone,true
178877693,2025-11-15T04:06:00.807Z,gabriella.daher@free.fr,newsletter,everyone,true
178877693,2025-11-15T04:06:00.895Z,ptk.boquet@gmail.com,newsletter,everyone,true
178877693,2025-11-15T04:06:00.914Z,c.carrulla@orange.fr,newsletter,everyone,true
178877693,2025-11-15T04:06:00.984Z,agnes.lagrolet@orange.fr,newsletter,everyone,true
178877693,2025-11-15T04:06:01.007Z,edy.custine@orange.fr,newsletter,everyone,true
178877693,2025-11-15T04:06:01.017Z,nani3864@gmail.com,newsletter,everyone,true
178877693,2025-11-15T04:06:01.030Z,carrulla.william@orange.fr,newsletter,everyone,true
178877693,2025-11-15T04:06:01.273Z,jessica.rime@ik.me,newsletter,everyone,true
178877693,2025-11-15T04:06:01.275Z,madx93320@gmail.com,newsletter,everyone,true
178877693,2025-11-15T04:06:01.485Z,achard.luc@wanadoo.fr,newsletter,everyone,true
178877693,2025-11-15T04:06:01.491Z,edouardhusson022@protonmail.com,newsletter,everyone,true
178877693,2025-11-15T04:06:01.670Z,fabasphil@yahoo.fr,newsletter,everyone,true
178877693,2025-11-15T04:06:01.790Z,marie-helene.soulier0705@orange.fr,newsletter,everyone,true
178877693,2025-11-15T04:06:02.650Z,duhaldebordebernadette@orange.fr,newsletter,everyone,true
