post_id,timestamp,email,post_type,post_audience,active_subscription
178986197,2025-11-16T04:05:34.429Z,sandunad1958@gmail.com,newsletter,everyone,true
178986197,2025-11-16T04:05:35.010Z,prof.georges.raad@gmail.com,newsletter,everyone,true
178986197,2025-11-16T04:05:35.023Z,france.pittoresque@gmail.com,newsletter,everyone,true
178986197,2025-11-16T04:05:35.227Z,keraudrenp.501@gmail.com,newsletter,everyone,true
178986197,2025-11-16T04:05:35.346Z,keraudrenp501@gmail.com,newsletter,everyone,true
178986197,2025-11-16T04:05:35.663Z,sauzeatboris@gmail.com,newsletter,everyone,true
178986197,2025-11-16T04:05:35.963Z,cristinareus007@gmail.com,newsletter,everyone,true
178986197,2025-11-16T04:05:36.017Z,ruybas17@gmail.com,newsletter,everyone,true
178986197,2025-11-16T04:05:36.065Z,alethdefonscolombe@gmail.com,newsletter,everyone,true
178986197,2025-11-16T04:05:36.186Z,marie-helene.soulier0705@orange.fr,newsletter,everyone,true
178986197,2025-11-16T04:05:36.283Z,laetitiadebard64@gmail.com,newsletter,everyone,true
178986197,2025-11-16T04:05:36.322Z,fabrice.collette@free.fr,newsletter,everyone,true
178986197,2025-11-16T04:05:36.359Z,lorine.basquebouvier@gmail.com,newsletter,everyone,true
178986197,2025-11-16T04:05:36.367Z,nani3864@gmail.com,newsletter,everyone,true
178986197,2025-11-16T04:05:36.386Z,fabienne.bastien1234@gmail.com,newsletter,everyone,true
178986197,2025-11-16T04:05:36.389Z,nicole.marthebiagui@gmail.com,newsletter,everyone,true
178986197,2025-11-16T04:05:36.405Z,chris3005chp@gmail.com,newsletter,everyone,true
178986197,2025-11-16T04:05:36.431Z,junior.moudjih@gmail.com,newsletter,everyone,true
178986197,2025-11-16T04:05:36.434Z,cbbmfpm@gmail.com,newsletter,everyone,true
178986197,2025-11-16T04:05:36.470Z,somialvi@gmail.com,newsletter,everyone,true
178986197,2025-11-16T04:05:36.506Z,david.tslocation@gmail.com,newsletter,everyone,true
178986197,2025-11-16T04:05:36.605Z,bakaybea@gmail.com,newsletter,everyone,true
178986197,2025-11-16T04:05:36.609Z,aamayon@gmail.com,newsletter,everyone,true
178986197,2025-11-16T04:05:36.689Z,raad.brazil@gmail.com,newsletter,everyone,true
178986197,2025-11-16T04:05:36.759Z,guillaumesrz65@gmail.com,newsletter,everyone,true
178986197,2025-11-16T04:05:36.800Z,sidonie.cieutat@yahoo.fr,newsletter,everyone,true
178986197,2025-11-16T04:05:36.819Z,lea.tipi@gmail.com,newsletter,everyone,true
178986197,2025-11-16T04:05:36.943Z,hiriartclement@gmail.com,newsletter,everyone,true
178986197,2025-11-16T04:05:37.038Z,jules.es@hotmail.fr,newsletter,everyone,true
178986197,2025-11-16T04:05:37.088Z,madx93320@gmail.com,newsletter,everyone,true
178986197,2025-11-16T04:05:37.104Z,flomaps@gmail.com,newsletter,everyone,true
178986197,2025-11-16T04:05:37.156Z,lucreceamigues@gmail.com,newsletter,everyone,true
178986197,2025-11-16T04:05:37.174Z,edy.custine@orange.fr,newsletter,everyone,true
178986197,2025-11-16T04:05:37.211Z,marieperrenot@yahoo.fr,newsletter,everyone,true
178986197,2025-11-16T04:05:37.296Z,virginie.blazy@gmail.com,newsletter,everyone,true
178986197,2025-11-16T04:05:37.373Z,fabasphil@yahoo.fr,newsletter,everyone,true
178986197,2025-11-16T04:05:37.373Z,edouardhusson022@protonmail.com,newsletter,everyone,true
178986197,2025-11-16T04:05:37.524Z,gabriella.daher@free.fr,newsletter,everyone,true
178986197,2025-11-16T04:05:37.562Z,duhaldebordebernadette@orange.fr,newsletter,everyone,true
178986197,2025-11-16T04:05:37.618Z,alicelydia222@gmail.com,newsletter,everyone,true
178986197,2025-11-16T04:05:37.670Z,mfranc@csm.fr,newsletter,everyone,true
178986197,2025-11-16T04:05:37.718Z,lucilesarda38@gmail.com,newsletter,everyone,true
178986197,2025-11-16T04:05:37.724Z,ptk.boquet@gmail.com,newsletter,everyone,true
178986197,2025-11-16T04:05:37.963Z,Larousse44@orange.fr,newsletter,everyone,true
178986197,2025-11-16T04:05:38.015Z,sok-@hotmail.fr,newsletter,everyone,true
178986197,2025-11-16T04:05:38.038Z,achard.luc@wanadoo.fr,newsletter,everyone,true
178986197,2025-11-16T04:05:38.066Z,jessica.rime@ik.me,newsletter,everyone,true
178986197,2025-11-16T04:05:38.092Z,agnes.lagrolet@orange.fr,newsletter,everyone,true
178986197,2025-11-16T04:05:38.180Z,c.carrulla@orange.fr,newsletter,everyone,true
178986197,2025-11-16T04:05:38.409Z,157j@tutanota.com,newsletter,everyone,true
178986197,2025-11-16T04:05:38.879Z,cpnioche@outlook.com,newsletter,everyone,true
178986197,2025-11-16T04:05:39.739Z,carrulla.william@orange.fr,newsletter,everyone,true
