post_id,timestamp,email,post_type,post_audience,active_subscription
179053044,2025-11-17T04:06:21.811Z,prof.georges.raad@gmail.com,newsletter,everyone,true
179053044,2025-11-17T04:06:21.883Z,keraudrenp.501@gmail.com,newsletter,everyone,true
179053044,2025-11-17T04:06:21.932Z,france.pittoresque@gmail.com,newsletter,everyone,true
179053044,2025-11-17T04:06:22.099Z,marie-helene.soulier0705@orange.fr,newsletter,everyone,true
179053044,2025-11-17T04:06:22.129Z,junior.moudjih@gmail.com,newsletter,everyone,true
179053044,2025-11-17T04:06:22.163Z,virginie.blazy@gmail.com,newsletter,everyone,true
179053044,2025-11-17T04:06:22.276Z,sauzeatboris@gmail.com,newsletter,everyone,true
179053044,2025-11-17T04:06:22.412Z,sandunad1958@gmail.com,newsletter,everyone,true
179053044,2025-11-17T04:06:22.617Z,chris3005chp@gmail.com,newsletter,everyone,true
179053044,2025-11-17T04:06:22.719Z,ruybas17@gmail.com,newsletter,everyone,true
179053044,2025-11-17T04:06:22.781Z,laetitiadebard64@gmail.com,newsletter,everyone,true
179053044,2025-11-17T04:06:22.865Z,keraudrenp501@gmail.com,newsletter,everyone,true
179053044,2025-11-17T04:06:22.881Z,lucilesarda38@gmail.com,newsletter,everyone,true
179053044,2025-11-17T04:06:22.918Z,cristinareus007@gmail.com,newsletter,everyone,true
179053044,2025-11-17T04:06:22.925Z,hiriartclement@gmail.com,newsletter,everyone,true
179053044,2025-11-17T04:06:22.943Z,aamayon@gmail.com,newsletter,everyone,true
179053044,2025-11-17T04:06:22.955Z,lorine.basquebouvier@gmail.com,newsletter,everyone,true
179053044,2025-11-17T04:06:23.025Z,lucreceamigues@gmail.com,newsletter,everyone,true
179053044,2025-11-17T04:06:23.048Z,carrulla.william@orange.fr,newsletter,everyone,true
179053044,2025-11-17T04:06:23.049Z,guillaumesrz65@gmail.com,newsletter,everyone,true
179053044,2025-11-17T04:06:23.060Z,fabienne.bastien1234@gmail.com,newsletter,everyone,true
179053044,2025-11-17T04:06:23.096Z,somialvi@gmail.com,newsletter,everyone,true
179053044,2025-11-17T04:06:23.196Z,cbbmfpm@gmail.com,newsletter,everyone,true
179053044,2025-11-17T04:06:23.248Z,nani3864@gmail.com,newsletter,everyone,true
179053044,2025-11-17T04:06:23.261Z,gabriella.daher@free.fr,newsletter,everyone,true
179053044,2025-11-17T04:06:23.262Z,agnes.lagrolet@orange.fr,newsletter,everyone,true
179053044,2025-11-17T04:06:23.266Z,sidonie.cieutat@yahoo.fr,newsletter,everyone,true
179053044,2025-11-17T04:06:23.278Z,lea.tipi@gmail.com,newsletter,everyone,true
179053044,2025-11-17T04:06:23.359Z,nicole.marthebiagui@gmail.com,newsletter,everyone,true
179053044,2025-11-17T04:06:23.400Z,david.tslocation@gmail.com,newsletter,everyone,true
179053044,2025-11-17T04:06:23.527Z,fabrice.collette@free.fr,newsletter,everyone,true
179053044,2025-11-17T04:06:23.642Z,bakaybea@gmail.com,newsletter,everyone,true
179053044,2025-11-17T04:06:23.650Z,jessica.rime@ik.me,newsletter,everyone,true
179053044,2025-11-17T04:06:23.714Z,Larousse44@orange.fr,newsletter,everyone,true
179053044,2025-11-17T04:06:23.737Z,cpnioche@outlook.com,newsletter,everyone,true
179053044,2025-11-17T04:06:23.778Z,raad.brazil@gmail.com,newsletter,everyone,true
179053044,2025-11-17T04:06:23.811Z,achard.luc@wanadoo.fr,newsletter,everyone,true
179053044,2025-11-17T04:06:23.886Z,duhaldebordebernadette@orange.fr,newsletter,everyone,true
179053044,2025-11-17T04:06:24.136Z,madx93320@gmail.com,newsletter,everyone,true
179053044,2025-11-17T04:06:24.740Z,mfranc@csm.fr,newsletter,everyone,true
179053044,2025-11-17T04:06:25.041Z,fabasphil@yahoo.fr,newsletter,everyone,true
179053044,2025-11-17T04:06:25.177Z,alethdefonscolombe@gmail.com,newsletter,everyone,true
179053044,2025-11-17T04:06:25.269Z,ptk.boquet@gmail.com,newsletter,everyone,true
179053044,2025-11-17T04:06:25.341Z,alicelydia222@gmail.com,newsletter,everyone,true
179053044,2025-11-17T04:06:25.360Z,edouardhusson022@protonmail.com,newsletter,everyone,true
179053044,2025-11-17T04:06:25.580Z,edy.custine@orange.fr,newsletter,everyone,true
179053044,2025-11-17T04:06:25.593Z,c.carrulla@orange.fr,newsletter,everyone,true
179053044,2025-11-17T04:06:25.713Z,flomaps@gmail.com,newsletter,everyone,true
179053044,2025-11-17T04:06:25.849Z,sok-@hotmail.fr,newsletter,everyone,true
179053044,2025-11-17T04:06:26.364Z,157j@tutanota.com,newsletter,everyone,true
179053044,2025-11-17T04:06:26.517Z,jules.es@hotmail.fr,newsletter,everyone,true
179053044,2025-11-17T04:06:27.364Z,marieperrenot@yahoo.fr,newsletter,everyone,true
