post_id,timestamp,email,post_type,post_audience,active_subscription,country,city,region,device_type,client_os,client_type,user_agent
179053044,2025-11-17T04:07:19.538Z,cbbmfpm@gmail.com,newsletter,everyone,true,US,,,,,,Mozilla/5.0 (Windows NT 5.1; rv:11.0) Gecko Firefox/11.0 (via ggpht.com GoogleImageProxy)
179053044,2025-11-17T04:13:19.022Z,duhaldebordebernadette@orange.fr,newsletter,everyone,true,US,,,,,,Mozilla/5.0
179053044,2025-11-17T04:36:14.320Z,sidonie.cieutat@yahoo.fr,newsletter,everyone,true,FR,,,,,,Mozilla/5.0
179053044,2025-11-17T04:46:12.891Z,lorine.basquebouvier@gmail.com,newsletter,everyone,true,FR,,,,,,Mozilla/5.0
179053044,2025-11-17T04:46:37.250Z,hiriartclement@gmail.com,newsletter,everyone,true,US,,,,,,Mozilla/5.0
179053044,2025-11-17T05:04:16.811Z,flomaps@gmail.com,newsletter,everyone,true,US,,,,,,Mozilla/5.0 (Windows NT 5.1; rv:11.0) Gecko Firefox/11.0 (via ggpht.com GoogleImageProxy)
179053044,2025-11-17T05:10:10.863Z,mfranc@csm.fr,newsletter,everyone,true,FR,,,,,,Mozilla/5.0
179053044,2025-11-17T05:45:44.102Z,chris3005chp@gmail.com,newsletter,everyone,true,BD,,,,,,Mozilla/5.0
179053044,2025-11-17T05:51:10.932Z,madx93320@gmail.com,newsletter,everyone,true,US,,,,,,Mozilla/5.0 (Windows NT 5.1; rv:11.0) Gecko Firefox/11.0 (via ggpht.com GoogleImageProxy)
179053044,2025-11-17T06:28:51.543Z,cristinareus007@gmail.com,newsletter,everyone,true,US,,,,,,Mozilla/5.0 (Windows NT 5.1; rv:11.0) Gecko Firefox/11.0 (via ggpht.com GoogleImageProxy)
179053044,2025-11-17T06:28:53.209Z,cristinareus007@gmail.com,newsletter,everyone,true,US,,,,,,Mozilla/5.0 (Windows NT 5.1; rv:11.0) Gecko Firefox/11.0 (via ggpht.com GoogleImageProxy)
179053044,2025-11-17T06:44:59.652Z,cpnioche@outlook.com,newsletter,everyone,true,FR,,,,,,"Mozilla/5.0 (Linux; Android 15; ALI-NX1 Build/HONORALI-N21; wv) AppleWebKit/537.36 (KHTML, like Gecko) Version/4.0 Chrome/141.0.7390.122 Mobile Safari/537.36"
179053044,2025-11-17T06:44:59.749Z,cpnioche@outlook.com,newsletter,everyone,true,FR,,,,,,"Mozilla/5.0 (Linux; Android 15; ALI-NX1 Build/HONORALI-N21; wv) AppleWebKit/537.36 (KHTML, like Gecko) Version/4.0 Chrome/141.0.7390.122 Mobile Safari/537.36"
179053044,2025-11-17T07:06:26.740Z,nani3864@gmail.com,newsletter,everyone,true,US,,,,,,Mozilla/5.0 (Windows NT 5.1; rv:11.0) Gecko Firefox/11.0 (via ggpht.com GoogleImageProxy)
179053044,2025-11-17T07:23:57.910Z,laetitiadebard64@gmail.com,newsletter,everyone,true,US,,,,,,Mozilla/5.0 (Windows NT 5.1; rv:11.0) Gecko Firefox/11.0 (via ggpht.com GoogleImageProxy)
179053044,2025-11-17T07:38:47.171Z,nani3864@gmail.com,newsletter,everyone,true,US,,,,,,Mozilla/5.0 (Windows NT 5.1; rv:11.0) Gecko Firefox/11.0 (via ggpht.com GoogleImageProxy)
179053044,2025-11-17T07:40:16.272Z,nani3864@gmail.com,newsletter,everyone,true,US,,,,,,Mozilla/5.0 (Windows NT 5.1; rv:11.0) Gecko Firefox/11.0 (via ggpht.com GoogleImageProxy)
179053044,2025-11-17T07:42:11.405Z,nani3864@gmail.com,newsletter,everyone,true,US,,,,,,Mozilla/5.0 (Windows NT 5.1; rv:11.0) Gecko Firefox/11.0 (via ggpht.com GoogleImageProxy)
179053044,2025-11-17T07:55:48.660Z,flomaps@gmail.com,newsletter,everyone,true,US,,,,,,Mozilla/5.0 (Windows NT 5.1; rv:11.0) Gecko Firefox/11.0 (via ggpht.com GoogleImageProxy)
179053044,2025-11-17T08:21:18.083Z,carrulla.william@orange.fr,newsletter,everyone,true,FR,,,,,,Mozilla/5.0
179053044,2025-11-17T08:40:39.248Z,chris3005chp@gmail.com,newsletter,everyone,true,US,,,,,,Mozilla/5.0 (Windows NT 5.1; rv:11.0) Gecko Firefox/11.0 (via ggpht.com GoogleImageProxy)
179053044,2025-11-17T08:50:56.575Z,carrulla.william@orange.fr,newsletter,everyone,true,US,,,,,,Mozilla/5.0
179053044,2025-11-17T08:56:33.127Z,nani3864@gmail.com,newsletter,everyone,true,US,,,,,,Mozilla/5.0 (Windows NT 5.1; rv:11.0) Gecko Firefox/11.0 (via ggpht.com GoogleImageProxy)
179053044,2025-11-17T08:58:23.268Z,achard.luc@wanadoo.fr,newsletter,everyone,true,US,,,,,,Mozilla/5.0
179053044,2025-11-17T09:02:57.545Z,cbbmfpm@gmail.com,newsletter,everyone,true,US,,,,,,Mozilla/5.0 (Windows NT 5.1; rv:11.0) Gecko Firefox/11.0 (via ggpht.com GoogleImageProxy)
179053044,2025-11-17T09:03:31.635Z,nani3864@gmail.com,newsletter,everyone,true,US,,,,,,Mozilla/5.0 (Windows NT 5.1; rv:11.0) Gecko Firefox/11.0 (via ggpht.com GoogleImageProxy)
179053044,2025-11-17T09:03:58.226Z,cbbmfpm@gmail.com,newsletter,everyone,true,US,,,,,,Mozilla/5.0 (Windows NT 5.1; rv:11.0) Gecko Firefox/11.0 (via ggpht.com GoogleImageProxy)
179053044,2025-11-17T09:04:21.488Z,cbbmfpm@gmail.com,newsletter,everyone,true,US,,,,,,Mozilla/5.0 (Windows NT 5.1; rv:11.0) Gecko Firefox/11.0 (via ggpht.com GoogleImageProxy)
179053044,2025-11-17T09:04:39.375Z,cbbmfpm@gmail.com,newsletter,everyone,true,US,,,,,,Mozilla/5.0 (Windows NT 5.1; rv:11.0) Gecko Firefox/11.0 (via ggpht.com GoogleImageProxy)
179053044,2025-11-17T09:05:41.184Z,somialvi@gmail.com,newsletter,everyone,true,FR,,,,,,Mozilla/5.0 (Windows NT 10.0; Win64; x64; rv:145.0) Gecko/20100101 Thunderbird/145.0
179053044,2025-11-17T09:07:14.803Z,france.pittoresque@gmail.com,newsletter,everyone,true,FR,,,,,,Mozilla/5.0 (Windows NT 10.0; Win64; x64; rv:140.0) Gecko/20100101 Thunderbird/140.4.0
179053044,2025-11-17T09:23:28.294Z,somialvi@gmail.com,newsletter,everyone,true,US,,,,,,Mozilla/5.0 (Windows NT 5.1; rv:11.0) Gecko Firefox/11.0 (via ggpht.com GoogleImageProxy)
179053044,2025-11-17T09:24:18.874Z,somialvi@gmail.com,newsletter,everyone,true,US,,,,,,Mozilla/5.0 (Windows NT 5.1; rv:11.0) Gecko Firefox/11.0 (via ggpht.com GoogleImageProxy)
179053044,2025-11-17T09:24:43.010Z,somialvi@gmail.com,newsletter,everyone,true,US,,,,,,Mozilla/5.0 (Windows NT 5.1; rv:11.0) Gecko Firefox/11.0 (via ggpht.com GoogleImageProxy)
179053044,2025-11-17T09:25:21.119Z,somialvi@gmail.com,newsletter,everyone,true,US,,,,,,Mozilla/5.0 (Windows NT 5.1; rv:11.0) Gecko Firefox/11.0 (via ggpht.com GoogleImageProxy)
179053044,2025-11-17T09:31:10.107Z,achard.luc@wanadoo.fr,newsletter,everyone,true,US,,,,,,Mozilla/5.0
179053044,2025-11-17T09:55:48.973Z,ptk.boquet@gmail.com,newsletter,everyone,true,US,,,,,,Mozilla/5.0
179053044,2025-11-17T09:55:48.973Z,ptk.boquet@gmail.com,newsletter,everyone,true,US,,,,,,Mozilla/5.0
179053044,2025-11-17T10:34:49.242Z,carrulla.william@orange.fr,newsletter,everyone,true,FR,,,,,,Mozilla/5.0
179053044,2025-11-17T11:25:35.395Z,bakaybea@gmail.com,newsletter,everyone,true,US,,,,,,Mozilla/5.0 (Windows NT 5.1; rv:11.0) Gecko Firefox/11.0 (via ggpht.com GoogleImageProxy)
179053044,2025-11-17T12:01:56.026Z,gabriella.daher@free.fr,newsletter,everyone,true,US,,,,,,Mozilla/5.0
179053044,2025-11-17T13:02:44.795Z,fabasphil@yahoo.fr,newsletter,everyone,true,US,,,,,,Mozilla/5.0
179053044,2025-11-17T13:07:05.053Z,bakaybea@gmail.com,newsletter,everyone,true,US,,,,,,Mozilla/5.0 (Windows NT 5.1; rv:11.0) Gecko Firefox/11.0 (via ggpht.com GoogleImageProxy)
179053044,2025-11-17T13:07:07.820Z,bakaybea@gmail.com,newsletter,everyone,true,US,,,,,,Mozilla/5.0 (Windows NT 5.1; rv:11.0) Gecko Firefox/11.0 (via ggpht.com GoogleImageProxy)
179053044,2025-11-17T14:31:58.092Z,c.carrulla@orange.fr,newsletter,everyone,true,US,,,,,,Mozilla/5.0
179053044,2025-11-17T18:56:28.007Z,marieperrenot@yahoo.fr,newsletter,everyone,true,NL,,,,,,YahooMailProxy; https://help.yahoo.com/kb/yahoo-mail-proxy-SLN28749.html
179053044,2025-11-17T19:01:57.659Z,marieperrenot@yahoo.fr,newsletter,everyone,true,NL,,,,,,YahooMailProxy; https://help.yahoo.com/kb/yahoo-mail-proxy-SLN28749.html
179053044,2025-11-17T19:27:49.119Z,gabriella.daher@free.fr,newsletter,everyone,true,FR,,,,,,Mozilla/5.0
179053044,2025-11-17T20:56:00.453Z,lucreceamigues@gmail.com,newsletter,everyone,true,US,,,,,,Mozilla/5.0 (Windows NT 5.1; rv:11.0) Gecko Firefox/11.0 (via ggpht.com GoogleImageProxy)
179053044,2025-11-18T00:03:50.098Z,sidonie.cieutat@yahoo.fr,newsletter,everyone,true,FR,,,,,,Mozilla/5.0
179053044,2025-11-18T07:49:31.883Z,alicelydia222@gmail.com,newsletter,everyone,true,US,,,,,,Mozilla/5.0
179053044,2025-11-18T08:46:12.697Z,france.pittoresque@gmail.com,newsletter,everyone,true,FR,,,,,,Mozilla/5.0 (Windows NT 10.0; Win64; x64; rv:140.0) Gecko/20100101 Thunderbird/140.4.0
179053044,2025-11-18T08:46:14.565Z,france.pittoresque@gmail.com,newsletter,everyone,true,FR,,,,,,Mozilla/5.0 (Windows NT 10.0; Win64; x64; rv:140.0) Gecko/20100101 Thunderbird/140.4.0
179053044,2025-11-18T09:32:09.094Z,cbbmfpm@gmail.com,newsletter,everyone,true,US,,,,,,Mozilla/5.0 (Windows NT 5.1; rv:11.0) Gecko Firefox/11.0 (via ggpht.com GoogleImageProxy)
179053044,2025-11-18T10:00:55.898Z,somialvi@gmail.com,newsletter,everyone,true,FR,,,,,,Mozilla/5.0 (Windows NT 10.0; Win64; x64; rv:145.0) Gecko/20100101 Thunderbird/145.0
179053044,2025-11-18T18:55:17.184Z,lucreceamigues@gmail.com,newsletter,everyone,true,US,,,,,,Mozilla/5.0 (Windows NT 5.1; rv:11.0) Gecko Firefox/11.0 (via ggpht.com GoogleImageProxy)
179053044,2025-11-19T05:53:51.906Z,c.carrulla@orange.fr,newsletter,everyone,true,US,,,,,,Mozilla/5.0
179053044,2025-11-19T11:14:12.889Z,achard.luc@wanadoo.fr,newsletter,everyone,true,FR,,,,,,"Mozilla/5.0 (Macintosh; Intel Mac OS X 10_13_6) AppleWebKit/605.1.15 (KHTML, like Gecko)"
179053044,2025-11-19T16:49:09.906Z,madx93320@gmail.com,newsletter,everyone,true,US,,,,,,Mozilla/5.0 (Windows NT 5.1; rv:11.0) Gecko Firefox/11.0 (via ggpht.com GoogleImageProxy)
179053044,2025-11-20T15:10:14.534Z,alicelydia222@gmail.com,newsletter,everyone,true,US,,,,,,Mozilla/5.0
179053044,2025-11-21T16:34:08.127Z,duhaldebordebernadette@orange.fr,newsletter,everyone,true,US,,,,,,Mozilla/5.0
179053044,2025-11-23T07:30:09.663Z,sidonie.cieutat@yahoo.fr,newsletter,everyone,true,FR,,,,,,Mozilla/5.0
179053044,2025-11-23T07:49:55.198Z,sidonie.cieutat@yahoo.fr,newsletter,everyone,true,US,,,,,,Mozilla/5.0
179053044,2025-11-24T10:03:50.087Z,lorine.basquebouvier@gmail.com,newsletter,everyone,true,FR,,,,,,Mozilla/5.0
