post_id,timestamp,email,post_type,post_audience,active_subscription
179134702,2025-11-18T04:05:56.554Z,junior.moudjih@gmail.com,newsletter,everyone,true
179134702,2025-11-18T04:05:56.591Z,tarabonphilippe78@gmail.com,newsletter,everyone,true
179134702,2025-11-18T04:05:56.598Z,KE7@gmx.fr,newsletter,everyone,true
179134702,2025-11-18T04:05:56.620Z,prof.georges.raad@gmail.com,newsletter,everyone,true
179134702,2025-11-18T04:05:56.637Z,chris3005chp@gmail.com,newsletter,everyone,true
179134702,2025-11-18T04:05:56.680Z,france.pittoresque@gmail.com,newsletter,everyone,true
179134702,2025-11-18T04:05:56.905Z,keraudrenp501@gmail.com,newsletter,everyone,true
179134702,2025-11-18T04:05:56.952Z,dominique.rougier22@orange.fr,newsletter,everyone,true
179134702,2025-11-18T04:05:57.178Z,sandunad1958@gmail.com,newsletter,everyone,true
179134702,2025-11-18T04:05:57.607Z,keraudrenp.501@gmail.com,newsletter,everyone,true
179134702,2025-11-18T04:05:57.726Z,cristinareus007@gmail.com,newsletter,everyone,true
179134702,2025-11-18T04:05:57.779Z,virginie.blazy@gmail.com,newsletter,everyone,true
179134702,2025-11-18T04:05:57.802Z,ruybas17@gmail.com,newsletter,everyone,true
179134702,2025-11-18T04:05:57.897Z,alethdefonscolombe@gmail.com,newsletter,everyone,true
179134702,2025-11-18T04:05:58.006Z,carrulla.william@orange.fr,newsletter,everyone,true
179134702,2025-11-18T04:05:58.008Z,Larousse44@orange.fr,newsletter,everyone,true
179134702,2025-11-18T04:05:58.130Z,sauzeatboris@gmail.com,newsletter,everyone,true
179134702,2025-11-18T04:05:58.143Z,fabienne.bastien1234@gmail.com,newsletter,everyone,true
179134702,2025-11-18T04:05:58.152Z,laetitiadebard64@gmail.com,newsletter,everyone,true
179134702,2025-11-18T04:05:58.258Z,c.carrulla@orange.fr,newsletter,everyone,true
179134702,2025-11-18T04:05:58.266Z,somialvi@gmail.com,newsletter,everyone,true
179134702,2025-11-18T04:05:58.300Z,joellmtyj@gmail.com,newsletter,everyone,true
179134702,2025-11-18T04:05:58.404Z,sidonie.cieutat@yahoo.fr,newsletter,everyone,true
179134702,2025-11-18T04:05:58.433Z,alicelydia222@gmail.com,newsletter,everyone,true
179134702,2025-11-18T04:05:58.446Z,cbbmfpm@gmail.com,newsletter,everyone,true
179134702,2025-11-18T04:05:58.489Z,lea.tipi@gmail.com,newsletter,everyone,true
179134702,2025-11-18T04:05:58.512Z,nani3864@gmail.com,newsletter,everyone,true
179134702,2025-11-18T04:05:58.514Z,hiriartclement@gmail.com,newsletter,everyone,true
179134702,2025-11-18T04:05:58.559Z,aamayon@gmail.com,newsletter,everyone,true
179134702,2025-11-18T04:05:58.600Z,madx93320@gmail.com,newsletter,everyone,true
179134702,2025-11-18T04:05:58.649Z,agnes.lagrolet@orange.fr,newsletter,everyone,true
179134702,2025-11-18T04:05:58.675Z,lorine.basquebouvier@gmail.com,newsletter,everyone,true
179134702,2025-11-18T04:05:58.695Z,jules.es@hotmail.fr,newsletter,everyone,true
179134702,2025-11-18T04:05:58.700Z,lucilesarda38@gmail.com,newsletter,everyone,true
179134702,2025-11-18T04:05:58.714Z,sok-@hotmail.fr,newsletter,everyone,true
179134702,2025-11-18T04:05:58.776Z,guillaumesrz65@gmail.com,newsletter,everyone,true
179134702,2025-11-18T04:05:58.863Z,lucreceamigues@gmail.com,newsletter,everyone,true
179134702,2025-11-18T04:05:58.957Z,raad.brazil@gmail.com,newsletter,everyone,true
179134702,2025-11-18T04:05:59.046Z,marieperrenot@yahoo.fr,newsletter,everyone,true
179134702,2025-11-18T04:05:59.129Z,157j@tutanota.com,newsletter,everyone,true
179134702,2025-11-18T04:05:59.150Z,david.tslocation@gmail.com,newsletter,everyone,true
179134702,2025-11-18T04:05:59.167Z,bakaybea@gmail.com,newsletter,everyone,true
179134702,2025-11-18T04:05:59.295Z,nicole.marthebiagui@gmail.com,newsletter,everyone,true
179134702,2025-11-18T04:05:59.436Z,ptk.boquet@gmail.com,newsletter,everyone,true
179134702,2025-11-18T04:05:59.510Z,flomaps@gmail.com,newsletter,everyone,true
179134702,2025-11-18T04:05:59.518Z,mfranc@csm.fr,newsletter,everyone,true
179134702,2025-11-18T04:05:59.930Z,edouardhusson022@protonmail.com,newsletter,everyone,true
179134702,2025-11-18T04:06:00.331Z,cpnioche@outlook.com,newsletter,everyone,true
179134702,2025-11-18T04:06:00.382Z,jessica.rime@ik.me,newsletter,everyone,true
179134702,2025-11-18T04:06:00.437Z,fabasphil@yahoo.fr,newsletter,everyone,true
179134702,2025-11-18T04:07:02.897Z,duhaldebordebernadette@orange.fr,newsletter,everyone,true
179134702,2025-11-18T04:07:04.766Z,achard.luc@wanadoo.fr,newsletter,everyone,true
179134702,2025-11-18T04:07:37.613Z,edy.custine@orange.fr,newsletter,everyone,true
179134702,2025-11-18T04:07:47.704Z,marie-helene.soulier0705@orange.fr,newsletter,everyone,true
