post_id,timestamp,email,post_type,post_audience,active_subscription
179244946,2025-11-19T04:05:46.580Z,sandunad1958@gmail.com,newsletter,everyone,true
179244946,2025-11-19T04:05:46.628Z,tarabonphilippe78@gmail.com,newsletter,everyone,true
179244946,2025-11-19T04:05:47.193Z,keraudrenp.501@gmail.com,newsletter,everyone,true
179244946,2025-11-19T04:05:47.355Z,prof.georges.raad@gmail.com,newsletter,everyone,true
179244946,2025-11-19T04:05:47.374Z,sauzeatboris@gmail.com,newsletter,everyone,true
179244946,2025-11-19T04:05:47.394Z,france.pittoresque@gmail.com,newsletter,everyone,true
179244946,2025-11-19T04:05:47.412Z,KE7@gmx.fr,newsletter,everyone,true
179244946,2025-11-19T04:05:47.464Z,keraudrenp501@gmail.com,newsletter,everyone,true
179244946,2025-11-19T04:05:47.501Z,virginie.blazy@gmail.com,newsletter,everyone,true
179244946,2025-11-19T04:05:47.593Z,junior.moudjih@gmail.com,newsletter,everyone,true
179244946,2025-11-19T04:05:47.774Z,david.tslocation@gmail.com,newsletter,everyone,true
179244946,2025-11-19T04:05:47.802Z,cristinareus007@gmail.com,newsletter,everyone,true
179244946,2025-11-19T04:05:48.081Z,joellmtyj@gmail.com,newsletter,everyone,true
179244946,2025-11-19T04:05:48.170Z,ruybas17@gmail.com,newsletter,everyone,true
179244946,2025-11-19T04:05:48.206Z,chris3005chp@gmail.com,newsletter,everyone,true
179244946,2025-11-19T04:05:48.252Z,nani3864@gmail.com,newsletter,everyone,true
179244946,2025-11-19T04:05:48.280Z,lucilesarda38@gmail.com,newsletter,everyone,true
179244946,2025-11-19T04:05:48.324Z,somialvi@gmail.com,newsletter,everyone,true
179244946,2025-11-19T04:05:48.426Z,lorine.basquebouvier@gmail.com,newsletter,everyone,true
179244946,2025-11-19T04:05:48.453Z,guillaumesrz65@gmail.com,newsletter,everyone,true
179244946,2025-11-19T04:05:48.484Z,lucreceamigues@gmail.com,newsletter,everyone,true
179244946,2025-11-19T04:05:48.490Z,lea.tipi@gmail.com,newsletter,everyone,true
179244946,2025-11-19T04:05:48.492Z,hiriartclement@gmail.com,newsletter,everyone,true
179244946,2025-11-19T04:05:48.524Z,sidonie.cieutat@yahoo.fr,newsletter,everyone,true
179244946,2025-11-19T04:05:48.530Z,dominique.rougier22@orange.fr,newsletter,everyone,true
179244946,2025-11-19T04:05:48.564Z,duhaldebordebernadette@orange.fr,newsletter,everyone,true
179244946,2025-11-19T04:05:48.565Z,fabienne.bastien1234@gmail.com,newsletter,everyone,true
179244946,2025-11-19T04:05:48.620Z,raad.brazil@gmail.com,newsletter,everyone,true
179244946,2025-11-19T04:05:48.692Z,madx93320@gmail.com,newsletter,everyone,true
179244946,2025-11-19T04:05:48.784Z,aamayon@gmail.com,newsletter,everyone,true
179244946,2025-11-19T04:05:49.008Z,bakaybea@gmail.com,newsletter,everyone,true
179244946,2025-11-19T04:05:49.066Z,cbbmfpm@gmail.com,newsletter,everyone,true
179244946,2025-11-19T04:05:49.280Z,laetitiadebard64@gmail.com,newsletter,everyone,true
179244946,2025-11-19T04:05:49.280Z,nicole.marthebiagui@gmail.com,newsletter,everyone,true
179244946,2025-11-19T04:05:49.853Z,marie-helene.soulier0705@orange.fr,newsletter,everyone,true
179244946,2025-11-19T04:05:49.957Z,mfranc@csm.fr,newsletter,everyone,true
179244946,2025-11-19T04:05:50.209Z,alethdefonscolombe@gmail.com,newsletter,everyone,true
179244946,2025-11-19T04:05:50.267Z,fabasphil@yahoo.fr,newsletter,everyone,true
179244946,2025-11-19T04:05:50.277Z,cpnioche@outlook.com,newsletter,everyone,true
179244946,2025-11-19T04:05:50.587Z,jessica.rime@ik.me,newsletter,everyone,true
179244946,2025-11-19T04:05:50.595Z,edy.custine@orange.fr,newsletter,everyone,true
179244946,2025-11-19T04:05:50.624Z,edouardhusson022@protonmail.com,newsletter,everyone,true
179244946,2025-11-19T04:05:50.747Z,ptk.boquet@gmail.com,newsletter,everyone,true
179244946,2025-11-19T04:05:50.751Z,alicelydia222@gmail.com,newsletter,everyone,true
179244946,2025-11-19T04:05:51.003Z,c.carrulla@orange.fr,newsletter,everyone,true
179244946,2025-11-19T04:05:51.323Z,jules.es@hotmail.fr,newsletter,everyone,true
179244946,2025-11-19T04:05:51.354Z,flomaps@gmail.com,newsletter,everyone,true
179244946,2025-11-19T04:05:51.571Z,marieperrenot@yahoo.fr,newsletter,everyone,true
179244946,2025-11-19T04:05:51.675Z,157j@tutanota.com,newsletter,everyone,true
179244946,2025-11-19T04:05:51.696Z,sok-@hotmail.fr,newsletter,everyone,true
179244946,2025-11-19T04:05:51.791Z,achard.luc@wanadoo.fr,newsletter,everyone,true
179244946,2025-11-19T04:05:52.064Z,agnes.lagrolet@orange.fr,newsletter,everyone,true
179244946,2025-11-19T04:08:03.619Z,Larousse44@orange.fr,newsletter,everyone,true
179244946,2025-11-19T04:08:15.885Z,carrulla.william@orange.fr,newsletter,everyone,true
