post_id,timestamp,email,post_type,post_audience,active_subscription
179340745,2025-11-20T04:05:30.714Z,sandunad1958@gmail.com,newsletter,everyone,true
179340745,2025-11-20T04:05:31.040Z,tarabonphilippe78@gmail.com,newsletter,everyone,true
179340745,2025-11-20T04:05:31.691Z,keraudrenp.501@gmail.com,newsletter,everyone,true
179340745,2025-11-20T04:05:31.695Z,france.pittoresque@gmail.com,newsletter,everyone,true
179340745,2025-11-20T04:05:32.000Z,KE7@gmx.fr,newsletter,everyone,true
179340745,2025-11-20T04:05:32.040Z,prof.georges.raad@gmail.com,newsletter,everyone,true
179340745,2025-11-20T04:05:32.295Z,dominique.rougier22@orange.fr,newsletter,everyone,true
179340745,2025-11-20T04:05:32.466Z,cristinareus007@gmail.com,newsletter,everyone,true
179340745,2025-11-20T04:05:32.506Z,junior.moudjih@gmail.com,newsletter,everyone,true
179340745,2025-11-20T04:05:32.554Z,virginie.blazy@gmail.com,newsletter,everyone,true
179340745,2025-11-20T04:05:32.583Z,ruybas17@gmail.com,newsletter,everyone,true
179340745,2025-11-20T04:05:32.590Z,keraudrenp501@gmail.com,newsletter,everyone,true
179340745,2025-11-20T04:05:32.607Z,david.tslocation@gmail.com,newsletter,everyone,true
179340745,2025-11-20T04:05:32.632Z,sauzeatboris@gmail.com,newsletter,everyone,true
179340745,2025-11-20T04:05:32.684Z,joellmtyj@gmail.com,newsletter,everyone,true
179340745,2025-11-20T04:05:32.753Z,chris3005chp@gmail.com,newsletter,everyone,true
179340745,2025-11-20T04:05:32.788Z,carrulla.william@orange.fr,newsletter,everyone,true
179340745,2025-11-20T04:05:33.281Z,flomaps@gmail.com,newsletter,everyone,true
179340745,2025-11-20T04:05:33.390Z,157j@tutanota.com,newsletter,everyone,true
179340745,2025-11-20T04:05:33.397Z,alicelydia222@gmail.com,newsletter,everyone,true
179340745,2025-11-20T04:05:33.516Z,ptk.boquet@gmail.com,newsletter,everyone,true
179340745,2025-11-20T04:05:33.520Z,c.carrulla@orange.fr,newsletter,everyone,true
179340745,2025-11-20T04:05:33.568Z,sidonie.cieutat@yahoo.fr,newsletter,everyone,true
179340745,2025-11-20T04:05:33.685Z,edouardhusson022@protonmail.com,newsletter,everyone,true
179340745,2025-11-20T04:05:33.762Z,sok-@hotmail.fr,newsletter,everyone,true
179340745,2025-11-20T04:05:33.772Z,fabienne.bastien1234@gmail.com,newsletter,everyone,true
179340745,2025-11-20T04:05:33.803Z,nani3864@gmail.com,newsletter,everyone,true
179340745,2025-11-20T04:05:33.858Z,somialvi@gmail.com,newsletter,everyone,true
179340745,2025-11-20T04:05:33.902Z,lucilesarda38@gmail.com,newsletter,everyone,true
179340745,2025-11-20T04:05:33.926Z,cbbmfpm@gmail.com,newsletter,everyone,true
179340745,2025-11-20T04:05:33.933Z,madx93320@gmail.com,newsletter,everyone,true
179340745,2025-11-20T04:05:33.999Z,hiriartclement@gmail.com,newsletter,everyone,true
179340745,2025-11-20T04:05:33.999Z,lea.tipi@gmail.com,newsletter,everyone,true
179340745,2025-11-20T04:05:34.077Z,achard.luc@wanadoo.fr,newsletter,everyone,true
179340745,2025-11-20T04:05:34.089Z,lucreceamigues@gmail.com,newsletter,everyone,true
179340745,2025-11-20T04:05:34.105Z,agnes.lagrolet@orange.fr,newsletter,everyone,true
179340745,2025-11-20T04:05:34.150Z,raad.brazil@gmail.com,newsletter,everyone,true
179340745,2025-11-20T04:05:34.204Z,nicole.marthebiagui@gmail.com,newsletter,everyone,true
179340745,2025-11-20T04:05:34.220Z,guillaumesrz65@gmail.com,newsletter,everyone,true
179340745,2025-11-20T04:05:34.316Z,alethdefonscolombe@gmail.com,newsletter,everyone,true
179340745,2025-11-20T04:05:34.469Z,bakaybea@gmail.com,newsletter,everyone,true
179340745,2025-11-20T04:05:34.472Z,laetitiadebard64@gmail.com,newsletter,everyone,true
179340745,2025-11-20T04:05:34.475Z,marieperrenot@yahoo.fr,newsletter,everyone,true
179340745,2025-11-20T04:05:34.897Z,jessica.rime@ik.me,newsletter,everyone,true
179340745,2025-11-20T04:05:35.408Z,aamayon@gmail.com,newsletter,everyone,true
179340745,2025-11-20T04:05:35.519Z,jules.es@hotmail.fr,newsletter,everyone,true
179340745,2025-11-20T04:05:35.614Z,mfranc@csm.fr,newsletter,everyone,true
179340745,2025-11-20T04:05:35.721Z,lorine.basquebouvier@gmail.com,newsletter,everyone,true
179340745,2025-11-20T04:05:35.875Z,fabasphil@yahoo.fr,newsletter,everyone,true
179340745,2025-11-20T04:05:36.583Z,cpnioche@outlook.com,newsletter,everyone,true
179340745,2025-11-20T04:06:38.984Z,duhaldebordebernadette@orange.fr,newsletter,everyone,true
179340745,2025-11-20T04:06:55.948Z,edy.custine@orange.fr,newsletter,everyone,true
179340745,2025-11-20T04:07:06.044Z,Larousse44@orange.fr,newsletter,everyone,true
179340745,2025-11-20T04:07:14.025Z,marie-helene.soulier0705@orange.fr,newsletter,everyone,true
