post_id,timestamp,email,post_type,post_audience,active_subscription
179450883,2025-11-21T04:05:42.651Z,sandunad1958@gmail.com,newsletter,everyone,true
179450883,2025-11-21T04:05:42.687Z,tarabonphilippe78@gmail.com,newsletter,everyone,true
179450883,2025-11-21T04:05:42.900Z,france.pittoresque@gmail.com,newsletter,everyone,true
179450883,2025-11-21T04:05:42.949Z,prof.georges.raad@gmail.com,newsletter,everyone,true
179450883,2025-11-21T04:05:43.267Z,keraudrenp.501@gmail.com,newsletter,everyone,true
179450883,2025-11-21T04:05:43.376Z,ruybas17@gmail.com,newsletter,everyone,true
179450883,2025-11-21T04:05:43.422Z,virginie.blazy@gmail.com,newsletter,everyone,true
179450883,2025-11-21T04:05:43.445Z,david.tslocation@gmail.com,newsletter,everyone,true
179450883,2025-11-21T04:05:43.590Z,joellmtyj@gmail.com,newsletter,everyone,true
179450883,2025-11-21T04:05:43.686Z,Larousse44@orange.fr,newsletter,everyone,true
179450883,2025-11-21T04:05:43.759Z,carrulla.william@orange.fr,newsletter,everyone,true
179450883,2025-11-21T04:05:43.798Z,alethdefonscolombe@gmail.com,newsletter,everyone,true
179450883,2025-11-21T04:05:43.866Z,fabienne.bastien1234@gmail.com,newsletter,everyone,true
179450883,2025-11-21T04:05:43.897Z,laetitiadebard64@gmail.com,newsletter,everyone,true
179450883,2025-11-21T04:05:44.054Z,somialvi@gmail.com,newsletter,everyone,true
179450883,2025-11-21T04:05:44.086Z,edy.custine@orange.fr,newsletter,everyone,true
179450883,2025-11-21T04:05:44.129Z,cbbmfpm@gmail.com,newsletter,everyone,true
179450883,2025-11-21T04:05:44.146Z,nani3864@gmail.com,newsletter,everyone,true
179450883,2025-11-21T04:05:44.185Z,cristinareus007@gmail.com,newsletter,everyone,true
179450883,2025-11-21T04:05:44.186Z,aamayon@gmail.com,newsletter,everyone,true
179450883,2025-11-21T04:05:44.194Z,ptk.boquet@gmail.com,newsletter,everyone,true
179450883,2025-11-21T04:05:44.288Z,keraudrenp501@gmail.com,newsletter,everyone,true
179450883,2025-11-21T04:05:44.293Z,lucilesarda38@gmail.com,newsletter,everyone,true
179450883,2025-11-21T04:05:44.308Z,alicelydia222@gmail.com,newsletter,everyone,true
179450883,2025-11-21T04:05:44.309Z,sauzeatboris@gmail.com,newsletter,everyone,true
179450883,2025-11-21T04:05:44.345Z,bakaybea@gmail.com,newsletter,everyone,true
179450883,2025-11-21T04:05:44.349Z,guillaumesrz65@gmail.com,newsletter,everyone,true
179450883,2025-11-21T04:05:44.370Z,lucreceamigues@gmail.com,newsletter,everyone,true
179450883,2025-11-21T04:05:44.371Z,madx93320@gmail.com,newsletter,everyone,true
179450883,2025-11-21T04:05:44.382Z,hiriartclement@gmail.com,newsletter,everyone,true
179450883,2025-11-21T04:05:44.388Z,c.carrulla@orange.fr,newsletter,everyone,true
179450883,2025-11-21T04:05:44.433Z,157j@tutanota.com,newsletter,everyone,true
179450883,2025-11-21T04:05:44.468Z,duhaldebordebernadette@orange.fr,newsletter,everyone,true
179450883,2025-11-21T04:05:44.721Z,chris3005chp@gmail.com,newsletter,everyone,true
179450883,2025-11-21T04:05:44.723Z,sidonie.cieutat@yahoo.fr,newsletter,everyone,true
179450883,2025-11-21T04:05:44.730Z,jules.es@hotmail.fr,newsletter,everyone,true
179450883,2025-11-21T04:05:44.738Z,jessica.rime@ik.me,newsletter,everyone,true
179450883,2025-11-21T04:05:44.778Z,edouardhusson022@protonmail.com,newsletter,everyone,true
179450883,2025-11-21T04:05:44.945Z,lea.tipi@gmail.com,newsletter,everyone,true
179450883,2025-11-21T04:05:45.079Z,lorine.basquebouvier@gmail.com,newsletter,everyone,true
179450883,2025-11-21T04:05:45.205Z,mfranc@csm.fr,newsletter,everyone,true
179450883,2025-11-21T04:05:45.228Z,junior.moudjih@gmail.com,newsletter,everyone,true
179450883,2025-11-21T04:05:45.236Z,cpnioche@outlook.com,newsletter,everyone,true
179450883,2025-11-21T04:05:45.261Z,marieperrenot@yahoo.fr,newsletter,everyone,true
179450883,2025-11-21T04:05:45.342Z,raad.brazil@gmail.com,newsletter,everyone,true
179450883,2025-11-21T04:05:45.387Z,nicole.marthebiagui@gmail.com,newsletter,everyone,true
179450883,2025-11-21T04:05:45.647Z,flomaps@gmail.com,newsletter,everyone,true
179450883,2025-11-21T04:05:46.070Z,sok-@hotmail.fr,newsletter,everyone,true
179450883,2025-11-21T04:05:46.303Z,fabasphil@yahoo.fr,newsletter,everyone,true
179450883,2025-11-21T04:05:48.089Z,agnes.lagrolet@orange.fr,newsletter,everyone,true
179450883,2025-11-21T04:05:48.617Z,dominique.rougier22@orange.fr,newsletter,everyone,true
179450883,2025-11-21T04:06:48.472Z,achard.luc@wanadoo.fr,newsletter,everyone,true
179450883,2025-11-21T04:06:58.857Z,marie-helene.soulier0705@orange.fr,newsletter,everyone,true
179450883,2025-11-21T04:15:45.583Z,KE7@gmx.fr,newsletter,everyone,true
