post_id,timestamp,email,post_type,post_audience,active_subscription
179554559,2025-11-22T06:37:31.768Z,tarabonphilippe78@gmail.com,newsletter,everyone,true
179554559,2025-11-22T06:37:32.904Z,sandunad1958@gmail.com,newsletter,everyone,true
179554559,2025-11-22T06:37:32.907Z,marie-helene.soulier0705@orange.fr,newsletter,everyone,true
179554559,2025-11-22T06:37:33.942Z,keraudrenp.501@gmail.com,newsletter,everyone,true
179554559,2025-11-22T06:37:34.001Z,prof.georges.raad@gmail.com,newsletter,everyone,true
179554559,2025-11-22T06:37:34.042Z,france.pittoresque@gmail.com,newsletter,everyone,true
179554559,2025-11-22T06:37:34.171Z,keraudrenp501@gmail.com,newsletter,everyone,true
179554559,2025-11-22T06:37:34.193Z,KE7@gmx.fr,newsletter,everyone,true
179554559,2025-11-22T06:37:34.214Z,junior.moudjih@gmail.com,newsletter,everyone,true
179554559,2025-11-22T06:37:34.363Z,chris3005chp@gmail.com,newsletter,everyone,true
179554559,2025-11-22T06:37:34.539Z,dominique.rougier22@orange.fr,newsletter,everyone,true
179554559,2025-11-22T06:37:35.316Z,de.scheirlinck@laposte.net,newsletter,everyone,true
179554559,2025-11-22T06:37:35.557Z,edouardhusson022@protonmail.com,newsletter,everyone,true
179554559,2025-11-22T06:37:35.578Z,cfriend5761@gmail.com,newsletter,everyone,true
179554559,2025-11-22T06:37:36.282Z,sauzeatboris@gmail.com,newsletter,everyone,true
179554559,2025-11-22T06:37:36.290Z,virginie.blazy@gmail.com,newsletter,everyone,true
179554559,2025-11-22T06:37:36.640Z,ruybas17@gmail.com,newsletter,everyone,true
179554559,2025-11-22T06:37:36.676Z,fabrice.collette@free.fr,newsletter,everyone,true
179554559,2025-11-22T06:37:36.682Z,joellmtyj@gmail.com,newsletter,everyone,true
179554559,2025-11-22T06:37:37.281Z,cristinareus007@gmail.com,newsletter,everyone,true
179554559,2025-11-22T06:37:37.312Z,sidonie.cieutat@yahoo.fr,newsletter,everyone,true
179554559,2025-11-22T06:37:37.424Z,alethdefonscolombe@gmail.com,newsletter,everyone,true
179554559,2025-11-22T06:37:37.561Z,alicelydia222@gmail.com,newsletter,everyone,true
179554559,2025-11-22T06:37:37.581Z,david.tslocation@gmail.com,newsletter,everyone,true
179554559,2025-11-22T06:37:37.585Z,pan.chabot@laposte.net,newsletter,everyone,true
179554559,2025-11-22T06:37:37.664Z,jules.es@hotmail.fr,newsletter,everyone,true
179554559,2025-11-22T06:37:37.765Z,somialvi@gmail.com,newsletter,everyone,true
179554559,2025-11-22T06:37:37.822Z,lorine.basquebouvier@gmail.com,newsletter,everyone,true
179554559,2025-11-22T06:37:37.828Z,sok-@hotmail.fr,newsletter,everyone,true
179554559,2025-11-22T06:37:37.829Z,lucreceamigues@gmail.com,newsletter,everyone,true
179554559,2025-11-22T06:37:37.838Z,nani3864@gmail.com,newsletter,everyone,true
179554559,2025-11-22T06:37:37.856Z,lucilesarda38@gmail.com,newsletter,everyone,true
179554559,2025-11-22T06:37:37.872Z,aamayon@gmail.com,newsletter,everyone,true
179554559,2025-11-22T06:37:37.898Z,flomaps@gmail.com,newsletter,everyone,true
179554559,2025-11-22T06:37:37.903Z,ptk.boquet@gmail.com,newsletter,everyone,true
179554559,2025-11-22T06:37:37.968Z,laetitiadebard64@gmail.com,newsletter,everyone,true
179554559,2025-11-22T06:37:37.981Z,fabienne.bastien1234@gmail.com,newsletter,everyone,true
179554559,2025-11-22T06:37:37.991Z,raad.brazil@gmail.com,newsletter,everyone,true
179554559,2025-11-22T06:37:38.007Z,lea.tipi@gmail.com,newsletter,everyone,true
179554559,2025-11-22T06:37:38.013Z,madx93320@gmail.com,newsletter,everyone,true
179554559,2025-11-22T06:37:38.159Z,carrulla.william@orange.fr,newsletter,everyone,true
179554559,2025-11-22T06:37:38.160Z,duhaldebordebernadette@orange.fr,newsletter,everyone,true
179554559,2025-11-22T06:37:38.173Z,hiriartclement@gmail.com,newsletter,everyone,true
179554559,2025-11-22T06:37:38.238Z,guillaumesrz65@gmail.com,newsletter,everyone,true
179554559,2025-11-22T06:37:38.366Z,nicole.marthebiagui@gmail.com,newsletter,everyone,true
179554559,2025-11-22T06:37:38.441Z,bakaybea@gmail.com,newsletter,everyone,true
179554559,2025-11-22T06:37:38.451Z,cbbmfpm@gmail.com,newsletter,everyone,true
179554559,2025-11-22T06:37:38.521Z,jessica.rime@ik.me,newsletter,everyone,true
179554559,2025-11-22T06:37:38.636Z,marieperrenot@yahoo.fr,newsletter,everyone,true
179554559,2025-11-22T06:37:38.689Z,157j@tutanota.com,newsletter,everyone,true
179554559,2025-11-22T06:37:38.809Z,Larousse44@orange.fr,newsletter,everyone,true
179554559,2025-11-22T06:37:38.897Z,c.carrulla@orange.fr,newsletter,everyone,true
179554559,2025-11-22T06:37:38.927Z,cpnioche@outlook.com,newsletter,everyone,true
179554559,2025-11-22T06:37:39.025Z,achard.luc@wanadoo.fr,newsletter,everyone,true
179554559,2025-11-22T06:37:39.092Z,gabriella.daher@free.fr,newsletter,everyone,true
179554559,2025-11-22T06:37:39.292Z,mfranc@csm.fr,newsletter,everyone,true
179554559,2025-11-22T06:37:39.567Z,fabasphil@yahoo.fr,newsletter,everyone,true
179554559,2025-11-22T06:37:39.588Z,edy.custine@orange.fr,newsletter,everyone,true
179554559,2025-11-22T06:37:40.817Z,agnes.lagrolet@orange.fr,newsletter,everyone,true
