post_id,timestamp,email,post_type,post_audience,active_subscription
179725824,2025-11-24T04:05:58.043Z,sandunad1958@gmail.com,newsletter,everyone,true
179725824,2025-11-24T04:05:58.303Z,llvbilger@gmail.com,newsletter,everyone,true
179725824,2025-11-24T04:05:58.831Z,tarabonphilippe78@gmail.com,newsletter,everyone,true
179725824,2025-11-24T04:05:59.179Z,marie-helene.soulier0705@orange.fr,newsletter,everyone,true
179725824,2025-11-24T04:05:59.179Z,prof.georges.raad@gmail.com,newsletter,everyone,true
179725824,2025-11-24T04:05:59.194Z,france.pittoresque@gmail.com,newsletter,everyone,true
179725824,2025-11-24T04:05:59.452Z,keraudrenp501@gmail.com,newsletter,everyone,true
179725824,2025-11-24T04:05:59.701Z,keraudrenp.501@gmail.com,newsletter,everyone,true
179725824,2025-11-24T04:05:59.863Z,virginie.blazy@gmail.com,newsletter,everyone,true
179725824,2025-11-24T04:06:00.148Z,chris3005chp@gmail.com,newsletter,everyone,true
179725824,2025-11-24T04:06:00.230Z,ruybas17@gmail.com,newsletter,everyone,true
179725824,2025-11-24T04:06:00.305Z,junior.moudjih@gmail.com,newsletter,everyone,true
179725824,2025-11-24T04:06:00.316Z,david.tslocation@gmail.com,newsletter,everyone,true
179725824,2025-11-24T04:06:00.368Z,carrulla.william@orange.fr,newsletter,everyone,true
179725824,2025-11-24T04:06:00.458Z,joellmtyj@gmail.com,newsletter,everyone,true
179725824,2025-11-24T04:06:00.480Z,sauzeatboris@gmail.com,newsletter,everyone,true
179725824,2025-11-24T04:06:00.529Z,cfriend5761@gmail.com,newsletter,everyone,true
179725824,2025-11-24T04:06:00.648Z,cristinareus007@gmail.com,newsletter,everyone,true
179725824,2025-11-24T04:06:00.722Z,francois@deguerry.fr,newsletter,everyone,true
179725824,2025-11-24T04:06:00.970Z,fabienne.bastien1234@gmail.com,newsletter,everyone,true
179725824,2025-11-24T04:06:01.007Z,nicole.marthebiagui@gmail.com,newsletter,everyone,true
179725824,2025-11-24T04:06:01.014Z,nani3864@gmail.com,newsletter,everyone,true
179725824,2025-11-24T04:06:01.024Z,cbbmfpm@gmail.com,newsletter,everyone,true
179725824,2025-11-24T04:06:01.036Z,laetitiadebard64@gmail.com,newsletter,everyone,true
179725824,2025-11-24T04:06:01.078Z,sidonie.cieutat@yahoo.fr,newsletter,everyone,true
179725824,2025-11-24T04:06:01.185Z,scarlettjo03@yahoo.fr,newsletter,everyone,true
179725824,2025-11-24T04:06:01.235Z,ptk.boquet@gmail.com,newsletter,everyone,true
179725824,2025-11-24T04:06:01.313Z,edouardhusson022@protonmail.com,newsletter,everyone,true
179725824,2025-11-24T04:06:01.324Z,edy.custine@orange.fr,newsletter,everyone,true
179725824,2025-11-24T04:06:01.342Z,alicelydia222@gmail.com,newsletter,everyone,true
179725824,2025-11-24T04:06:01.436Z,alethdefonscolombe@gmail.com,newsletter,everyone,true
179725824,2025-11-24T04:06:01.460Z,jessica.rime@ik.me,newsletter,everyone,true
179725824,2025-11-24T04:06:01.485Z,lucreceamigues@gmail.com,newsletter,everyone,true
179725824,2025-11-24T04:06:01.494Z,raad.brazil@gmail.com,newsletter,everyone,true
179725824,2025-11-24T04:06:01.510Z,157j@tutanota.com,newsletter,everyone,true
179725824,2025-11-24T04:06:01.520Z,lucilesarda38@gmail.com,newsletter,everyone,true
179725824,2025-11-24T04:06:01.553Z,guillaumesrz65@gmail.com,newsletter,everyone,true
179725824,2025-11-24T04:06:01.555Z,c.carrulla@orange.fr,newsletter,everyone,true
179725824,2025-11-24T04:06:01.563Z,aamayon@gmail.com,newsletter,everyone,true
179725824,2025-11-24T04:06:01.595Z,hiriartclement@gmail.com,newsletter,everyone,true
179725824,2025-11-24T04:06:01.635Z,lea.tipi@gmail.com,newsletter,everyone,true
179725824,2025-11-24T04:06:01.751Z,achard.luc@wanadoo.fr,newsletter,everyone,true
179725824,2025-11-24T04:06:01.801Z,somialvi@gmail.com,newsletter,everyone,true
179725824,2025-11-24T04:06:02.042Z,jules.es@hotmail.fr,newsletter,everyone,true
179725824,2025-11-24T04:06:02.064Z,flomaps@gmail.com,newsletter,everyone,true
179725824,2025-11-24T04:06:02.095Z,lorine.basquebouvier@gmail.com,newsletter,everyone,true
179725824,2025-11-24T04:06:02.221Z,bakaybea@gmail.com,newsletter,everyone,true
179725824,2025-11-24T04:06:02.315Z,sok-@hotmail.fr,newsletter,everyone,true
179725824,2025-11-24T04:06:02.414Z,marieperrenot@yahoo.fr,newsletter,everyone,true
179725824,2025-11-24T04:06:02.484Z,madx93320@gmail.com,newsletter,everyone,true
179725824,2025-11-24T04:06:02.656Z,fabasphil@yahoo.fr,newsletter,everyone,true
179725824,2025-11-24T04:06:02.952Z,cpnioche@outlook.com,newsletter,everyone,true
179725824,2025-11-24T04:06:03.637Z,mfranc@csm.fr,newsletter,everyone,true
179725824,2025-11-24T04:06:05.097Z,duhaldebordebernadette@orange.fr,newsletter,everyone,true
179725824,2025-11-24T04:07:05.168Z,Larousse44@orange.fr,newsletter,everyone,true
179725824,2025-11-24T04:07:08.500Z,dominique.rougier22@orange.fr,newsletter,everyone,true
179725824,2025-11-24T04:07:59.546Z,agnes.lagrolet@orange.fr,newsletter,everyone,true
179725824,2025-11-24T04:16:00.196Z,KE7@gmx.fr,newsletter,everyone,true
