post_id,timestamp,email,post_type,post_audience,active_subscription
179802449,2025-11-25T04:05:37.346Z,sandunad1958@gmail.com,newsletter,everyone,true
179802449,2025-11-25T04:05:37.580Z,marie-helene.soulier0705@orange.fr,newsletter,everyone,true
179802449,2025-11-25T04:05:37.799Z,france.pittoresque@gmail.com,newsletter,everyone,true
179802449,2025-11-25T04:05:37.926Z,keraudrenp.501@gmail.com,newsletter,everyone,true
179802449,2025-11-25T04:05:37.969Z,prof.georges.raad@gmail.com,newsletter,everyone,true
179802449,2025-11-25T04:05:38.003Z,junior.moudjih@gmail.com,newsletter,everyone,true
179802449,2025-11-25T04:05:38.236Z,tarabonphilippe78@gmail.com,newsletter,everyone,true
179802449,2025-11-25T04:05:38.239Z,keraudrenp501@gmail.com,newsletter,everyone,true
179802449,2025-11-25T04:05:38.402Z,chris3005chp@gmail.com,newsletter,everyone,true
179802449,2025-11-25T04:05:38.416Z,cfriend5761@gmail.com,newsletter,everyone,true
179802449,2025-11-25T04:05:38.616Z,virginie.blazy@gmail.com,newsletter,everyone,true
179802449,2025-11-25T04:05:38.671Z,carrulla.william@orange.fr,newsletter,everyone,true
179802449,2025-11-25T04:05:38.681Z,ruybas17@gmail.com,newsletter,everyone,true
179802449,2025-11-25T04:05:38.692Z,KE7@gmx.fr,newsletter,everyone,true
179802449,2025-11-25T04:05:38.759Z,david.tslocation@gmail.com,newsletter,everyone,true
179802449,2025-11-25T04:05:38.829Z,Larousse44@orange.fr,newsletter,everyone,true
179802449,2025-11-25T04:05:38.980Z,nani3864@gmail.com,newsletter,everyone,true
179802449,2025-11-25T04:05:38.992Z,sauzeatboris@gmail.com,newsletter,everyone,true
179802449,2025-11-25T04:05:39.041Z,aamayon@gmail.com,newsletter,everyone,true
179802449,2025-11-25T04:05:39.053Z,fabienne.bastien1234@gmail.com,newsletter,everyone,true
179802449,2025-11-25T04:05:39.078Z,astridwaucquez@gmail.com,newsletter,everyone,true
179802449,2025-11-25T04:05:39.090Z,lorine.basquebouvier@gmail.com,newsletter,everyone,true
179802449,2025-11-25T04:05:39.125Z,somialvi@gmail.com,newsletter,everyone,true
179802449,2025-11-25T04:05:39.131Z,bakaybea@gmail.com,newsletter,everyone,true
179802449,2025-11-25T04:05:39.138Z,laetitiadebard64@gmail.com,newsletter,everyone,true
179802449,2025-11-25T04:05:39.155Z,llvbilger@gmail.com,newsletter,everyone,true
179802449,2025-11-25T04:05:39.156Z,guillaumesrz65@gmail.com,newsletter,everyone,true
179802449,2025-11-25T04:05:39.202Z,cristinareus007@gmail.com,newsletter,everyone,true
179802449,2025-11-25T04:05:39.214Z,lea.tipi@gmail.com,newsletter,everyone,true
179802449,2025-11-25T04:05:39.234Z,francois@deguerry.fr,newsletter,everyone,true
179802449,2025-11-25T04:05:39.245Z,raad.brazil@gmail.com,newsletter,everyone,true
179802449,2025-11-25T04:05:39.252Z,flomaps@gmail.com,newsletter,everyone,true
179802449,2025-11-25T04:05:39.257Z,lucreceamigues@gmail.com,newsletter,everyone,true
179802449,2025-11-25T04:05:39.258Z,hiriartclement@gmail.com,newsletter,everyone,true
179802449,2025-11-25T04:05:39.269Z,lucilesarda38@gmail.com,newsletter,everyone,true
179802449,2025-11-25T04:05:39.296Z,ptk.boquet@gmail.com,newsletter,everyone,true
179802449,2025-11-25T04:05:39.304Z,alicelydia222@gmail.com,newsletter,everyone,true
179802449,2025-11-25T04:05:39.347Z,alethdefonscolombe@gmail.com,newsletter,everyone,true
179802449,2025-11-25T04:05:39.367Z,cbbmfpm@gmail.com,newsletter,everyone,true
179802449,2025-11-25T04:05:39.409Z,scarlettjo03@yahoo.fr,newsletter,everyone,true
179802449,2025-11-25T04:05:39.445Z,agnes.lagrolet@orange.fr,newsletter,everyone,true
179802449,2025-11-25T04:05:39.638Z,jules.es@hotmail.fr,newsletter,everyone,true
179802449,2025-11-25T04:05:39.686Z,sidonie.cieutat@yahoo.fr,newsletter,everyone,true
179802449,2025-11-25T04:05:39.691Z,madx93320@gmail.com,newsletter,everyone,true
179802449,2025-11-25T04:05:39.803Z,sok-@hotmail.fr,newsletter,everyone,true
179802449,2025-11-25T04:05:39.863Z,joellmtyj@gmail.com,newsletter,everyone,true
179802449,2025-11-25T04:05:40.033Z,fabasphil@yahoo.fr,newsletter,everyone,true
179802449,2025-11-25T04:05:40.196Z,mfranc@csm.fr,newsletter,everyone,true
179802449,2025-11-25T04:05:40.228Z,157j@tutanota.com,newsletter,everyone,true
179802449,2025-11-25T04:05:40.314Z,marieperrenot@yahoo.fr,newsletter,everyone,true
179802449,2025-11-25T04:05:40.385Z,nicole.marthebiagui@gmail.com,newsletter,everyone,true
179802449,2025-11-25T04:05:40.415Z,jessica.rime@ik.me,newsletter,everyone,true
179802449,2025-11-25T04:05:40.698Z,cpnioche@outlook.com,newsletter,everyone,true
179802449,2025-11-25T04:05:40.836Z,edouardhusson022@protonmail.com,newsletter,everyone,true
179802449,2025-11-25T04:05:41.880Z,dominique.rougier22@orange.fr,newsletter,everyone,true
179802449,2025-11-25T04:05:42.494Z,c.carrulla@orange.fr,newsletter,everyone,true
179802449,2025-11-25T04:07:00.644Z,achard.luc@wanadoo.fr,newsletter,everyone,true
179802449,2025-11-25T04:07:01.030Z,edy.custine@orange.fr,newsletter,everyone,true
179802449,2025-11-25T04:07:14.523Z,duhaldebordebernadette@orange.fr,newsletter,everyone,true
