post_id,timestamp,email,post_type,post_audience,active_subscription
179904084,2025-11-26T04:05:44.984Z,sandunad1958@gmail.com,newsletter,everyone,true
179904084,2025-11-26T04:05:45.116Z,junior.moudjih@gmail.com,newsletter,everyone,true
179904084,2025-11-26T04:05:45.178Z,prof.georges.raad@gmail.com,newsletter,everyone,true
179904084,2025-11-26T04:05:45.301Z,tarabonphilippe78@gmail.com,newsletter,everyone,true
179904084,2025-11-26T04:05:45.390Z,cfriend5761@gmail.com,newsletter,everyone,true
179904084,2025-11-26T04:05:45.490Z,marie-helene.soulier0705@orange.fr,newsletter,everyone,true
179904084,2025-11-26T04:05:45.498Z,chris3005chp@gmail.com,newsletter,everyone,true
179904084,2025-11-26T04:05:45.571Z,llvbilger@gmail.com,newsletter,everyone,true
179904084,2025-11-26T04:05:45.703Z,astridwaucquez@gmail.com,newsletter,everyone,true
179904084,2025-11-26T04:05:45.714Z,keraudrenp501@gmail.com,newsletter,everyone,true
179904084,2025-11-26T04:05:45.728Z,france.pittoresque@gmail.com,newsletter,everyone,true
179904084,2025-11-26T04:05:46.291Z,sauzeatboris@gmail.com,newsletter,everyone,true
179904084,2025-11-26T04:05:46.322Z,KE7@gmx.fr,newsletter,everyone,true
179904084,2025-11-26T04:05:46.370Z,ruybas17@gmail.com,newsletter,everyone,true
179904084,2025-11-26T04:05:46.430Z,david.tslocation@gmail.com,newsletter,everyone,true
179904084,2025-11-26T04:05:46.625Z,cristinareus007@gmail.com,newsletter,everyone,true
179904084,2025-11-26T04:05:46.680Z,virginie.blazy@gmail.com,newsletter,everyone,true
179904084,2025-11-26T04:05:46.692Z,laetitiadebard64@gmail.com,newsletter,everyone,true
179904084,2025-11-26T04:05:46.730Z,keraudrenp.501@gmail.com,newsletter,everyone,true
179904084,2025-11-26T04:05:46.770Z,francois@deguerry.fr,newsletter,everyone,true
179904084,2025-11-26T04:05:46.786Z,somialvi@gmail.com,newsletter,everyone,true
179904084,2025-11-26T04:05:46.791Z,alethdefonscolombe@gmail.com,newsletter,everyone,true
179904084,2025-11-26T04:05:46.842Z,lucreceamigues@gmail.com,newsletter,everyone,true
179904084,2025-11-26T04:05:46.856Z,nani3864@gmail.com,newsletter,everyone,true
179904084,2025-11-26T04:05:46.899Z,aamayon@gmail.com,newsletter,everyone,true
179904084,2025-11-26T04:05:46.900Z,lea.tipi@gmail.com,newsletter,everyone,true
179904084,2025-11-26T04:05:46.945Z,nicole.marthebiagui@gmail.com,newsletter,everyone,true
179904084,2025-11-26T04:05:46.987Z,bakaybea@gmail.com,newsletter,everyone,true
179904084,2025-11-26T04:05:47.038Z,joellmtyj@gmail.com,newsletter,everyone,true
179904084,2025-11-26T04:05:47.045Z,edy.custine@orange.fr,newsletter,everyone,true
179904084,2025-11-26T04:05:47.054Z,lucilesarda38@gmail.com,newsletter,everyone,true
179904084,2025-11-26T04:05:47.061Z,lorine.basquebouvier@gmail.com,newsletter,everyone,true
179904084,2025-11-26T04:05:47.098Z,flomaps@gmail.com,newsletter,everyone,true
179904084,2025-11-26T04:05:47.117Z,raad.brazil@gmail.com,newsletter,everyone,true
179904084,2025-11-26T04:05:47.122Z,scarlettjo03@yahoo.fr,newsletter,everyone,true
179904084,2025-11-26T04:05:47.152Z,duhaldebordebernadette@orange.fr,newsletter,everyone,true
179904084,2025-11-26T04:05:47.185Z,hiriartclement@gmail.com,newsletter,everyone,true
179904084,2025-11-26T04:05:47.187Z,ptk.boquet@gmail.com,newsletter,everyone,true
179904084,2025-11-26T04:05:47.322Z,sidonie.cieutat@yahoo.fr,newsletter,everyone,true
179904084,2025-11-26T04:05:47.364Z,fabienne.bastien1234@gmail.com,newsletter,everyone,true
179904084,2025-11-26T04:05:47.369Z,edouardhusson022@protonmail.com,newsletter,everyone,true
179904084,2025-11-26T04:05:47.629Z,sok-@hotmail.fr,newsletter,everyone,true
179904084,2025-11-26T04:05:47.656Z,guillaumesrz65@gmail.com,newsletter,everyone,true
179904084,2025-11-26T04:05:47.664Z,alicelydia222@gmail.com,newsletter,everyone,true
179904084,2025-11-26T04:05:47.759Z,cbbmfpm@gmail.com,newsletter,everyone,true
179904084,2025-11-26T04:05:47.979Z,jules.es@hotmail.fr,newsletter,everyone,true
179904084,2025-11-26T04:05:48.094Z,fabasphil@yahoo.fr,newsletter,everyone,true
179904084,2025-11-26T04:05:48.647Z,cpnioche@outlook.com,newsletter,everyone,true
179904084,2025-11-26T04:05:48.759Z,marieperrenot@yahoo.fr,newsletter,everyone,true
179904084,2025-11-26T04:05:49.284Z,mfranc@csm.fr,newsletter,everyone,true
179904084,2025-11-26T04:05:50.402Z,achard.luc@wanadoo.fr,newsletter,everyone,true
179904084,2025-11-26T04:06:52.655Z,c.carrulla@orange.fr,newsletter,everyone,true
179904084,2025-11-26T04:07:16.553Z,agnes.lagrolet@orange.fr,newsletter,everyone,true
179904084,2025-11-26T04:07:20.052Z,Larousse44@orange.fr,newsletter,everyone,true
179904084,2025-11-26T04:07:22.095Z,dominique.rougier22@orange.fr,newsletter,everyone,true
179904084,2025-11-26T04:07:29.166Z,carrulla.william@orange.fr,newsletter,everyone,true
