post_id,timestamp,email,post_type,post_audience,active_subscription,country,city,region,device_type,client_os,client_type,user_agent
180098672,2025-11-28T04:06:50.886Z,lorine.basquebouvier@gmail.com,newsletter,everyone,true,US,,,,,,Mozilla/5.0
180098672,2025-11-28T04:22:29.254Z,sidonie.cieutat@yahoo.fr,newsletter,everyone,true,FR,,,,,,Mozilla/5.0
180098672,2025-11-28T05:05:18.414Z,ptk.boquet@gmail.com,newsletter,everyone,true,FR,,,,,,Mozilla/5.0
180098672,2025-11-28T05:22:47.775Z,francis.marxen@gmail.com,newsletter,everyone,true,US,,,,,,Mozilla/5.0 (Windows NT 5.1; rv:11.0) Gecko Firefox/11.0 (via ggpht.com GoogleImageProxy)
180098672,2025-11-28T06:02:10.520Z,mfranc@csm.fr,newsletter,everyone,true,FR,,,,,,Mozilla/5.0
180098672,2025-11-28T06:04:48.680Z,cristinareus007@gmail.com,newsletter,everyone,true,US,,,,,,Mozilla/5.0 (Windows NT 5.1; rv:11.0) Gecko Firefox/11.0 (via ggpht.com GoogleImageProxy)
180098672,2025-11-28T07:55:00.802Z,somialvi@gmail.com,newsletter,everyone,true,US,,,,,,Mozilla/5.0 (Windows NT 5.1; rv:11.0) Gecko Firefox/11.0 (via ggpht.com GoogleImageProxy)
180098672,2025-11-28T08:07:31.970Z,francis.marxen@gmail.com,newsletter,everyone,true,US,,,,,,Mozilla/5.0 (Windows NT 5.1; rv:11.0) Gecko Firefox/11.0 (via ggpht.com GoogleImageProxy)
180098672,2025-11-28T08:15:59.205Z,fabasphil@yahoo.fr,newsletter,everyone,true,FR,,,,,,Mozilla/5.0
180098672,2025-11-28T08:32:13.783Z,KE7@gmx.fr,newsletter,everyone,true,FR,,,,,,"Mozilla/5.0 (Linux; Android 14; SM-A057G Build/UP1A.231005.007; wv) AppleWebKit/537.36 (KHTML, like Gecko) Version/4.0 Chrome/142.0.7444.102 Mobile Safari/537.36"
180098672,2025-11-28T08:35:27.510Z,junior.moudjih@gmail.com,newsletter,everyone,true,US,,,,,,Mozilla/5.0 (Windows NT 5.1; rv:11.0) Gecko Firefox/11.0 (via ggpht.com GoogleImageProxy)
180098672,2025-11-28T08:42:49.839Z,nani3864@gmail.com,newsletter,everyone,true,US,,,,,,Mozilla/5.0 (Windows NT 5.1; rv:11.0) Gecko Firefox/11.0 (via ggpht.com GoogleImageProxy)
180098672,2025-11-28T08:43:03.380Z,nani3864@gmail.com,newsletter,everyone,true,US,,,,,,Mozilla/5.0 (Windows NT 5.1; rv:11.0) Gecko Firefox/11.0 (via ggpht.com GoogleImageProxy)
180098672,2025-11-28T08:47:18.489Z,flomaps@gmail.com,newsletter,everyone,true,US,,,,,,Mozilla/5.0 (Windows NT 5.1; rv:11.0) Gecko Firefox/11.0 (via ggpht.com GoogleImageProxy)
180098672,2025-11-28T09:03:56.241Z,flomaps@gmail.com,newsletter,everyone,true,US,,,,,,Mozilla/5.0 (Windows NT 5.1; rv:11.0) Gecko Firefox/11.0 (via ggpht.com GoogleImageProxy)
180098672,2025-11-28T09:03:57.706Z,flomaps@gmail.com,newsletter,everyone,true,US,,,,,,Mozilla/5.0 (Windows NT 5.1; rv:11.0) Gecko Firefox/11.0 (via ggpht.com GoogleImageProxy)
180098672,2025-11-28T09:43:57.361Z,astridwaucquez@gmail.com,newsletter,everyone,true,US,,,,,,Mozilla/5.0 (Windows NT 5.1; rv:11.0) Gecko Firefox/11.0 (via ggpht.com GoogleImageProxy)
180098672,2025-11-28T10:01:31.643Z,bouthierfrancois@gmail.com,newsletter,everyone,true,US,,,,,,Mozilla/5.0 (Windows NT 5.1; rv:11.0) Gecko Firefox/11.0 (via ggpht.com GoogleImageProxy)
180098672,2025-11-28T10:26:51.232Z,tarabonphilippe78@gmail.com,newsletter,everyone,true,FR,,,,,,"Mozilla/5.0 (Macintosh; Intel Mac OS X 10_15_7) AppleWebKit/605.1.15 (KHTML, like Gecko)"
180098672,2025-11-28T10:59:42.514Z,francis.marxen@gmail.com,newsletter,everyone,true,US,,,,,,Mozilla/5.0 (Windows NT 5.1; rv:11.0) Gecko Firefox/11.0 (via ggpht.com GoogleImageProxy)
180098672,2025-11-28T11:29:34.929Z,mfranc@csm.fr,newsletter,everyone,true,FR,,,,,,"Mozilla/5.0 (iPhone; CPU iPhone OS 18_7 like Mac OS X) AppleWebKit/605.1.15 (KHTML, like Gecko) Mobile/15E148"
180098672,2025-11-28T11:29:35.014Z,mfranc@csm.fr,newsletter,everyone,true,FR,,,,,,"Mozilla/5.0 (iPhone; CPU iPhone OS 18_7 like Mac OS X) AppleWebKit/605.1.15 (KHTML, like Gecko) Mobile/15E148"
180098672,2025-11-28T11:34:28.276Z,cbbmfpm@gmail.com,newsletter,everyone,true,US,,,,,,Mozilla/5.0 (Windows NT 5.1; rv:11.0) Gecko Firefox/11.0 (via ggpht.com GoogleImageProxy)
180098672,2025-11-28T11:53:33.815Z,laetitiadebard64@gmail.com,newsletter,everyone,true,US,,,,,,Mozilla/5.0 (Windows NT 5.1; rv:11.0) Gecko Firefox/11.0 (via ggpht.com GoogleImageProxy)
180098672,2025-11-28T13:37:58.141Z,somialvi@gmail.com,newsletter,everyone,true,US,,,,,,Mozilla/5.0 (Windows NT 5.1; rv:11.0) Gecko Firefox/11.0 (via ggpht.com GoogleImageProxy)
180098672,2025-11-28T14:23:24.185Z,laetitiadebard64@gmail.com,newsletter,everyone,true,US,,,,,,Mozilla/5.0 (Windows NT 5.1; rv:11.0) Gecko Firefox/11.0 (via ggpht.com GoogleImageProxy)
180098672,2025-11-28T14:23:55.774Z,laetitiadebard64@gmail.com,newsletter,everyone,true,US,,,,,,Mozilla/5.0 (Windows NT 5.1; rv:11.0) Gecko Firefox/11.0 (via ggpht.com GoogleImageProxy)
180098672,2025-11-28T14:29:28.042Z,junior.moudjih@gmail.com,newsletter,everyone,true,US,,,,,,Mozilla/5.0
180098672,2025-11-28T15:22:45.383Z,francis.marxen@gmail.com,newsletter,everyone,true,US,,,,,,Mozilla/5.0 (Windows NT 5.1; rv:11.0) Gecko Firefox/11.0 (via ggpht.com GoogleImageProxy)
180098672,2025-11-28T17:38:55.843Z,alicelydia222@gmail.com,newsletter,everyone,true,US,,,,,,Mozilla/5.0
180098672,2025-11-28T18:42:23.484Z,laetitiadebard64@gmail.com,newsletter,everyone,true,US,,,,,,Mozilla/5.0 (Windows NT 5.1; rv:11.0) Gecko Firefox/11.0 (via ggpht.com GoogleImageProxy)
180098672,2025-11-29T07:54:13.513Z,ptk.boquet@gmail.com,newsletter,everyone,true,FR,,,,,,Mozilla/5.0
180098672,2025-11-29T11:54:57.781Z,somialvi@gmail.com,newsletter,everyone,true,US,,,,,,Mozilla/5.0 (Windows NT 5.1; rv:11.0) Gecko Firefox/11.0 (via ggpht.com GoogleImageProxy)
180098672,2025-11-29T13:29:43.557Z,mfranc@csm.fr,newsletter,everyone,true,FR,,,,,,Mozilla/5.0
180098672,2025-11-29T13:37:16.085Z,hiriartclement@gmail.com,newsletter,everyone,true,US,,,,,,Mozilla/5.0
180098672,2025-11-29T14:25:04.712Z,sidonie.cieutat@yahoo.fr,newsletter,everyone,true,US,,,,,,Mozilla/5.0
