post_id,timestamp,email,post_type,post_audience,active_subscription
180098672,2025-11-28T04:05:26.245Z,sandunad1958@gmail.com,newsletter,everyone,true
180098672,2025-11-28T04:05:26.477Z,tarabonphilippe78@gmail.com,newsletter,everyone,true
180098672,2025-11-28T04:05:26.481Z,marie-helene.soulier0705@orange.fr,newsletter,everyone,true
180098672,2025-11-28T04:05:26.483Z,astridwaucquez@gmail.com,newsletter,everyone,true
180098672,2025-11-28T04:05:27.231Z,llvbilger@gmail.com,newsletter,everyone,true
180098672,2025-11-28T04:05:27.281Z,francis.marxen@gmail.com,newsletter,everyone,true
180098672,2025-11-28T04:05:27.426Z,KE7@gmx.fr,newsletter,everyone,true
180098672,2025-11-28T04:05:29.032Z,prof.georges.raad@gmail.com,newsletter,everyone,true
180098672,2025-11-28T04:05:29.105Z,keraudrenp.501@gmail.com,newsletter,everyone,true
180098672,2025-11-28T04:05:29.377Z,keraudrenp501@gmail.com,newsletter,everyone,true
180098672,2025-11-28T04:05:30.000Z,virginie.blazy@gmail.com,newsletter,everyone,true
180098672,2025-11-28T04:05:30.089Z,Larousse44@orange.fr,newsletter,everyone,true
180098672,2025-11-28T04:05:30.120Z,bouthierfrancois@gmail.com,newsletter,everyone,true
180098672,2025-11-28T04:05:30.213Z,junior.moudjih@gmail.com,newsletter,everyone,true
180098672,2025-11-28T04:05:30.362Z,ruybas17@gmail.com,newsletter,everyone,true
180098672,2025-11-28T04:05:30.555Z,sauzeatboris@gmail.com,newsletter,everyone,true
180098672,2025-11-28T04:05:30.562Z,carrulla.william@orange.fr,newsletter,everyone,true
180098672,2025-11-28T04:05:30.565Z,chris3005chp@gmail.com,newsletter,everyone,true
180098672,2025-11-28T04:05:30.566Z,france.pittoresque@gmail.com,newsletter,everyone,true
180098672,2025-11-28T04:05:30.793Z,francois@deguerry.fr,newsletter,everyone,true
180098672,2025-11-28T04:05:30.801Z,aamayon@gmail.com,newsletter,everyone,true
180098672,2025-11-28T04:05:30.819Z,hiriartclement@gmail.com,newsletter,everyone,true
180098672,2025-11-28T04:05:30.875Z,edouardhusson022@protonmail.com,newsletter,everyone,true
180098672,2025-11-28T04:05:30.878Z,bakaybea@gmail.com,newsletter,everyone,true
180098672,2025-11-28T04:05:30.913Z,lucreceamigues@gmail.com,newsletter,everyone,true
180098672,2025-11-28T04:05:30.974Z,fabienne.bastien1234@gmail.com,newsletter,everyone,true
180098672,2025-11-28T04:05:31.051Z,duhaldebordebernadette@orange.fr,newsletter,everyone,true
180098672,2025-11-28T04:05:31.055Z,achard.luc@wanadoo.fr,newsletter,everyone,true
180098672,2025-11-28T04:05:31.064Z,sidonie.cieutat@yahoo.fr,newsletter,everyone,true
180098672,2025-11-28T04:05:31.083Z,nani3864@gmail.com,newsletter,everyone,true
180098672,2025-11-28T04:05:31.083Z,lea.tipi@gmail.com,newsletter,everyone,true
180098672,2025-11-28T04:05:31.093Z,lucilesarda38@gmail.com,newsletter,everyone,true
180098672,2025-11-28T04:05:31.122Z,somialvi@gmail.com,newsletter,everyone,true
180098672,2025-11-28T04:05:31.130Z,guillaumesrz65@gmail.com,newsletter,everyone,true
180098672,2025-11-28T04:05:31.131Z,agnes.lagrolet@orange.fr,newsletter,everyone,true
180098672,2025-11-28T04:05:31.158Z,david.tslocation@gmail.com,newsletter,everyone,true
180098672,2025-11-28T04:05:31.191Z,cpnioche@outlook.com,newsletter,everyone,true
180098672,2025-11-28T04:05:31.223Z,raad.brazil@gmail.com,newsletter,everyone,true
180098672,2025-11-28T04:05:31.461Z,cristinareus007@gmail.com,newsletter,everyone,true
180098672,2025-11-28T04:05:31.495Z,laetitiadebard64@gmail.com,newsletter,everyone,true
180098672,2025-11-28T04:05:31.592Z,nicole.marthebiagui@gmail.com,newsletter,everyone,true
180098672,2025-11-28T04:05:31.709Z,joellmtyj@gmail.com,newsletter,everyone,true
180098672,2025-11-28T04:05:31.722Z,scarlettjo03@yahoo.fr,newsletter,everyone,true
180098672,2025-11-28T04:05:31.921Z,jessica.rime@ik.me,newsletter,everyone,true
180098672,2025-11-28T04:05:31.973Z,lorine.basquebouvier@gmail.com,newsletter,everyone,true
180098672,2025-11-28T04:05:32.077Z,fabasphil@yahoo.fr,newsletter,everyone,true
180098672,2025-11-28T04:05:32.286Z,mfranc@csm.fr,newsletter,everyone,true
180098672,2025-11-28T04:05:32.372Z,alethdefonscolombe@gmail.com,newsletter,everyone,true
180098672,2025-11-28T04:05:32.410Z,cbbmfpm@gmail.com,newsletter,everyone,true
180098672,2025-11-28T04:05:32.685Z,jules.es@hotmail.fr,newsletter,everyone,true
180098672,2025-11-28T04:05:32.712Z,ptk.boquet@gmail.com,newsletter,everyone,true
180098672,2025-11-28T04:05:32.840Z,alicelydia222@gmail.com,newsletter,everyone,true
180098672,2025-11-28T04:05:32.847Z,c.carrulla@orange.fr,newsletter,everyone,true
180098672,2025-11-28T04:05:32.956Z,flomaps@gmail.com,newsletter,everyone,true
180098672,2025-11-28T04:05:33.371Z,sok-@hotmail.fr,newsletter,everyone,true
180098672,2025-11-28T04:05:33.578Z,marieperrenot@yahoo.fr,newsletter,everyone,true
180098672,2025-11-28T04:05:36.096Z,edy.custine@orange.fr,newsletter,everyone,true
180098672,2025-11-28T04:08:31.364Z,dominique.rougier22@orange.fr,newsletter,everyone,true
