post_id,timestamp,email,post_type,post_audience,active_subscription
180006821,2025-11-27T04:01:36.739Z,llvbilger@gmail.com,newsletter,everyone,true
180006821,2025-11-27T04:01:36.818Z,sandunad1958@gmail.com,newsletter,everyone,true
180006821,2025-11-27T04:01:36.890Z,tarabonphilippe78@gmail.com,newsletter,everyone,true
180006821,2025-11-27T04:01:37.076Z,astridwaucquez@gmail.com,newsletter,everyone,true
180006821,2025-11-27T04:01:37.283Z,marie-helene.soulier0705@orange.fr,newsletter,everyone,true
180006821,2025-11-27T04:01:38.011Z,KE7@gmx.fr,newsletter,everyone,true
180006821,2025-11-27T04:01:39.224Z,chris3005chp@gmail.com,newsletter,everyone,true
180006821,2025-11-27T04:01:39.376Z,edouardhusson022@protonmail.com,newsletter,everyone,true
180006821,2025-11-27T04:01:39.474Z,prof.georges.raad@gmail.com,newsletter,everyone,true
180006821,2025-11-27T04:01:39.499Z,junior.moudjih@gmail.com,newsletter,everyone,true
180006821,2025-11-27T04:01:39.549Z,keraudrenp.501@gmail.com,newsletter,everyone,true
180006821,2025-11-27T04:01:39.558Z,france.pittoresque@gmail.com,newsletter,everyone,true
180006821,2025-11-27T04:01:39.692Z,keraudrenp501@gmail.com,newsletter,everyone,true
180006821,2025-11-27T04:01:40.757Z,scarlettjo03@yahoo.fr,newsletter,everyone,true
180006821,2025-11-27T04:01:40.760Z,dominique.rougier22@orange.fr,newsletter,everyone,true
180006821,2025-11-27T04:01:41.452Z,alethdefonscolombe@gmail.com,newsletter,everyone,true
180006821,2025-11-27T04:01:41.682Z,somialvi@gmail.com,newsletter,everyone,true
180006821,2025-11-27T04:01:41.693Z,nicole.marthebiagui@gmail.com,newsletter,everyone,true
180006821,2025-11-27T04:01:41.839Z,aamayon@gmail.com,newsletter,everyone,true
180006821,2025-11-27T04:01:41.903Z,lorine.basquebouvier@gmail.com,newsletter,everyone,true
180006821,2025-11-27T04:01:41.937Z,lucilesarda38@gmail.com,newsletter,everyone,true
180006821,2025-11-27T04:01:41.941Z,hiriartclement@gmail.com,newsletter,everyone,true
180006821,2025-11-27T04:01:41.963Z,lucreceamigues@gmail.com,newsletter,everyone,true
180006821,2025-11-27T04:01:41.977Z,ptk.boquet@gmail.com,newsletter,everyone,true
180006821,2025-11-27T04:01:41.989Z,nani3864@gmail.com,newsletter,everyone,true
180006821,2025-11-27T04:01:41.993Z,sok-@hotmail.fr,newsletter,everyone,true
180006821,2025-11-27T04:01:42.010Z,flomaps@gmail.com,newsletter,everyone,true
180006821,2025-11-27T04:01:42.068Z,alicelydia222@gmail.com,newsletter,everyone,true
180006821,2025-11-27T04:01:42.104Z,raad.brazil@gmail.com,newsletter,everyone,true
180006821,2025-11-27T04:01:42.113Z,jules.es@hotmail.fr,newsletter,everyone,true
180006821,2025-11-27T04:01:42.331Z,cristinareus007@gmail.com,newsletter,everyone,true
180006821,2025-11-27T04:01:42.394Z,fabienne.bastien1234@gmail.com,newsletter,everyone,true
180006821,2025-11-27T04:01:42.394Z,cbbmfpm@gmail.com,newsletter,everyone,true
180006821,2025-11-27T04:01:42.460Z,joellmtyj@gmail.com,newsletter,everyone,true
180006821,2025-11-27T04:01:42.510Z,bakaybea@gmail.com,newsletter,everyone,true
180006821,2025-11-27T04:01:42.545Z,lea.tipi@gmail.com,newsletter,everyone,true
180006821,2025-11-27T04:01:42.565Z,cpnioche@outlook.com,newsletter,everyone,true
180006821,2025-11-27T04:01:42.582Z,ruybas17@gmail.com,newsletter,everyone,true
180006821,2025-11-27T04:01:42.808Z,marieperrenot@yahoo.fr,newsletter,everyone,true
180006821,2025-11-27T04:01:42.822Z,mfranc@csm.fr,newsletter,everyone,true
180006821,2025-11-27T04:01:42.860Z,virginie.blazy@gmail.com,newsletter,everyone,true
180006821,2025-11-27T04:01:42.893Z,laetitiadebard64@gmail.com,newsletter,everyone,true
180006821,2025-11-27T04:01:42.987Z,sauzeatboris@gmail.com,newsletter,everyone,true
180006821,2025-11-27T04:01:43.022Z,fabasphil@yahoo.fr,newsletter,everyone,true
180006821,2025-11-27T04:01:43.114Z,david.tslocation@gmail.com,newsletter,everyone,true
180006821,2025-11-27T04:01:43.396Z,Larousse44@orange.fr,newsletter,everyone,true
180006821,2025-11-27T04:01:43.406Z,sidonie.cieutat@yahoo.fr,newsletter,everyone,true
180006821,2025-11-27T04:01:43.438Z,guillaumesrz65@gmail.com,newsletter,everyone,true
180006821,2025-11-27T04:01:43.701Z,carrulla.william@orange.fr,newsletter,everyone,true
180006821,2025-11-27T04:01:43.851Z,achard.luc@wanadoo.fr,newsletter,everyone,true
180006821,2025-11-27T04:01:43.946Z,duhaldebordebernadette@orange.fr,newsletter,everyone,true
180006821,2025-11-27T04:01:44.659Z,jessica.rime@ik.me,newsletter,everyone,true
180006821,2025-11-27T04:01:46.961Z,edy.custine@orange.fr,newsletter,everyone,true
180006821,2025-11-27T04:01:47.816Z,agnes.lagrolet@orange.fr,newsletter,everyone,true
180006821,2025-11-27T04:01:48.062Z,c.carrulla@orange.fr,newsletter,everyone,true
180006821,2025-11-27T04:01:49.869Z,francois@deguerry.fr,newsletter,everyone,true
