post_id,timestamp,email,post_type,post_audience,active_subscription
180178823,2025-11-29T04:05:43.173Z,francis.marxen@gmail.com,newsletter,everyone,true
180178823,2025-11-29T04:05:43.195Z,sandunad1958@gmail.com,newsletter,everyone,true
180178823,2025-11-29T04:05:43.374Z,astridwaucquez@gmail.com,newsletter,everyone,true
180178823,2025-11-29T04:05:43.391Z,llvbilger@gmail.com,newsletter,everyone,true
180178823,2025-11-29T04:05:43.394Z,tarabonphilippe78@gmail.com,newsletter,everyone,true
180178823,2025-11-29T04:05:44.010Z,chris3005chp@gmail.com,newsletter,everyone,true
180178823,2025-11-29T04:05:44.224Z,prof.georges.raad@gmail.com,newsletter,everyone,true
180178823,2025-11-29T04:05:44.228Z,junior.moudjih@gmail.com,newsletter,everyone,true
180178823,2025-11-29T04:05:44.471Z,france.pittoresque@gmail.com,newsletter,everyone,true
180178823,2025-11-29T04:05:44.475Z,marie-helene.soulier0705@orange.fr,newsletter,everyone,true
180178823,2025-11-29T04:05:44.475Z,keraudrenp.501@gmail.com,newsletter,everyone,true
180178823,2025-11-29T04:05:44.707Z,keraudrenp501@gmail.com,newsletter,everyone,true
180178823,2025-11-29T04:05:45.171Z,KE7@gmx.fr,newsletter,everyone,true
180178823,2025-11-29T04:05:45.283Z,dominique.rougier22@orange.fr,newsletter,everyone,true
180178823,2025-11-29T04:05:45.495Z,scarlettjo03@yahoo.fr,newsletter,everyone,true
180178823,2025-11-29T04:05:45.892Z,sauzeatboris@gmail.com,newsletter,everyone,true
180178823,2025-11-29T04:05:46.064Z,virginie.blazy@gmail.com,newsletter,everyone,true
180178823,2025-11-29T04:05:46.165Z,cristinareus007@gmail.com,newsletter,everyone,true
180178823,2025-11-29T04:05:46.288Z,cbbmfpm@gmail.com,newsletter,everyone,true
180178823,2025-11-29T04:05:46.320Z,ruybas17@gmail.com,newsletter,everyone,true
180178823,2025-11-29T04:05:46.376Z,somialvi@gmail.com,newsletter,everyone,true
180178823,2025-11-29T04:05:46.469Z,joellmtyj@gmail.com,newsletter,everyone,true
180178823,2025-11-29T04:05:46.610Z,fabienne.bastien1234@gmail.com,newsletter,everyone,true
180178823,2025-11-29T04:05:46.633Z,alethdefonscolombe@gmail.com,newsletter,everyone,true
180178823,2025-11-29T04:05:46.647Z,lorine.basquebouvier@gmail.com,newsletter,everyone,true
180178823,2025-11-29T04:05:46.660Z,hiriartclement@gmail.com,newsletter,everyone,true
180178823,2025-11-29T04:05:46.664Z,edouardhusson022@protonmail.com,newsletter,everyone,true
180178823,2025-11-29T04:05:46.671Z,lea.tipi@gmail.com,newsletter,everyone,true
180178823,2025-11-29T04:05:46.692Z,bakaybea@gmail.com,newsletter,everyone,true
180178823,2025-11-29T04:05:46.755Z,raad.brazil@gmail.com,newsletter,everyone,true
180178823,2025-11-29T04:05:46.781Z,sidonie.cieutat@yahoo.fr,newsletter,everyone,true
180178823,2025-11-29T04:05:46.879Z,flomaps@gmail.com,newsletter,everyone,true
180178823,2025-11-29T04:05:46.882Z,guillaumesrz65@gmail.com,newsletter,everyone,true
180178823,2025-11-29T04:05:46.898Z,aamayon@gmail.com,newsletter,everyone,true
180178823,2025-11-29T04:05:46.913Z,nicole.marthebiagui@gmail.com,newsletter,everyone,true
180178823,2025-11-29T04:05:47.078Z,lucilesarda38@gmail.com,newsletter,everyone,true
180178823,2025-11-29T04:05:47.135Z,nani3864@gmail.com,newsletter,everyone,true
180178823,2025-11-29T04:05:47.157Z,laetitiadebard64@gmail.com,newsletter,everyone,true
180178823,2025-11-29T04:05:47.158Z,david.tslocation@gmail.com,newsletter,everyone,true
180178823,2025-11-29T04:05:47.378Z,edy.custine@orange.fr,newsletter,everyone,true
180178823,2025-11-29T04:05:47.400Z,carrulla.william@orange.fr,newsletter,everyone,true
180178823,2025-11-29T04:05:47.523Z,bouthierfrancois@gmail.com,newsletter,everyone,true
180178823,2025-11-29T04:05:47.535Z,lucreceamigues@gmail.com,newsletter,everyone,true
180178823,2025-11-29T04:05:47.571Z,francois@deguerry.fr,newsletter,everyone,true
180178823,2025-11-29T04:05:47.721Z,marieperrenot@yahoo.fr,newsletter,everyone,true
180178823,2025-11-29T04:05:47.828Z,c.carrulla@orange.fr,newsletter,everyone,true
180178823,2025-11-29T04:05:47.865Z,achard.luc@wanadoo.fr,newsletter,everyone,true
180178823,2025-11-29T04:05:47.899Z,sok-@hotmail.fr,newsletter,everyone,true
180178823,2025-11-29T04:05:47.908Z,ptk.boquet@gmail.com,newsletter,everyone,true
180178823,2025-11-29T04:05:48.104Z,agnes.lagrolet@orange.fr,newsletter,everyone,true
180178823,2025-11-29T04:05:48.211Z,alicelydia222@gmail.com,newsletter,everyone,true
180178823,2025-11-29T04:05:48.536Z,cpnioche@outlook.com,newsletter,everyone,true
180178823,2025-11-29T04:05:48.680Z,fabasphil@yahoo.fr,newsletter,everyone,true
180178823,2025-11-29T04:05:48.882Z,mfranc@csm.fr,newsletter,everyone,true
180178823,2025-11-29T04:05:49.038Z,jules.es@hotmail.fr,newsletter,everyone,true
180178823,2025-11-29T04:05:49.745Z,duhaldebordebernadette@orange.fr,newsletter,everyone,true
180178823,2025-11-29T04:05:50.032Z,jessica.rime@ik.me,newsletter,everyone,true
180178823,2025-11-29T04:05:51.926Z,Larousse44@orange.fr,newsletter,everyone,true
