email,active_subscription,expiry,plan,email_disabled,created_at,first_payment_at
llvbilger@gmail.com,false,,other,false,2025-11-22T23:41:07.259Z,
nenad.rucojevic@wanadoo.fr,false,,other,false,2025-11-19T18:33:15.048Z,
marie-helene.soulier0705@orange.fr,false,,other,false,2025-08-08T22:39:56.753Z,
joellmtyj@gmail.com,false,,other,false,2025-11-17T10:37:19.537Z,
benjamin.payet@outlook.com,false,,other,false,2025-10-14T02:32:24.658Z,
edouardhusson022@protonmail.com,false,,other,false,2025-09-28T17:13:47.530Z,
marieperrenot@yahoo.fr,false,,other,false,2025-08-09T11:57:54.290Z,
keraudrenp501@gmail.com,false,,other,false,2025-09-12T14:35:41.742Z,
alethdefonscolombe@gmail.com,false,,other,false,2025-07-31T09:19:55.795Z,
chris3005chp@gmail.com,false,,other,false,2025-08-28T13:29:15.639Z,
sandunad1958@gmail.com,false,,other,false,2025-08-27T08:24:02.415Z,
scarlettjo03@yahoo.fr,false,,other,false,2025-11-23T22:41:59.992Z,
cristinareus007@gmail.com,false,,other,false,2025-10-18T20:28:32.713Z,
KE7@gmx.fr,false,,other,false,2025-11-17T10:00:21.357Z,
junior.moudjih@gmail.com,false,,other,false,2025-10-31T21:44:04.393Z,
fabrice.collette@free.fr,false,,other,false,2025-11-02T11:52:19.077Z,
dominique.rougier22@orange.fr,false,,other,false,2025-11-17T18:53:34.137Z,
prof.georges.raad@gmail.com,false,,other,false,2025-08-25T22:26:34.341Z,
besnard.labaslerie@gmail.com,false,,other,false,2025-08-15T10:28:21.373Z,
bakaybea@gmail.com,false,,other,false,2025-08-28T12:08:23.179Z,
karinba7@gmail.com,false,,other,false,2025-08-25T22:06:59.605Z,
flomaps@gmail.com,false,,other,false,2025-08-30T20:33:39.831Z,
virginie.blazy@gmail.com,false,,other,false,2025-07-22T05:51:14.122Z,
de.scheirlinck@laposte.net,false,,other,false,2025-11-17T10:58:52.918Z,
lea.tipi@gmail.com,false,,other,false,2025-08-09T11:57:04.884Z,
keraudrenp.501@gmail.com,false,,other,false,2025-08-19T08:11:14.372Z,
perones-motets-0n@icloud.com,false,,other,false,2025-08-26T03:28:24.793Z,
pan.chabot@laposte.net,false,,other,false,2025-11-18T15:16:37.558Z,
jessica.rime@ik.me,false,,other,false,2025-11-14T07:36:15.565Z,
Larousse44@orange.fr,false,,other,false,2025-10-01T12:47:08.287Z,
geraldine_hafkemeijer@hotmail.com,false,,other,false,2025-08-29T15:42:50.313Z,
emeric.mudry@mailo.com,false,,other,false,2025-08-26T19:10:41.176Z,
jessicakounah@gmail.com,false,,other,false,2025-11-18T15:51:18.371Z,
carrulla.william@orange.fr,false,,other,false,2025-10-04T08:11:55.761Z,
jules.es@hotmail.fr,false,,other,false,2025-09-02T18:10:23.027Z,
france.pittoresque@gmail.com,false,,other,false,2025-07-23T10:24:39.058Z,
sauzeatboris@gmail.com,false,,other,false,2025-08-16T13:48:25.154Z,
sidonie.cieutat@yahoo.fr,false,,other,false,2025-08-25T17:24:43.447Z,
tarabonphilippe78@gmail.com,false,,other,false,2025-11-17T21:10:36.835Z,
psycorbo@gmail.com,false,,other,false,2025-10-11T12:21:17.619Z,
bjfm.neuffer@gmail.com,false,,other,false,2025-09-27T06:51:28.688Z,
bouthierfrancois@gmail.com,false,,other,false,2025-09-06T20:47:00.637Z,
edy.custine@orange.fr,false,,other,false,2025-08-23T04:07:16.962Z,
raad.brazil@gmail.com,false,,other,false,2025-09-06T11:00:37.033Z,
amonnetstaath@gmail.com,false,,other,false,2025-08-22T14:15:27.337Z,
francois@deguerry.fr,false,,other,false,2025-11-22T22:54:35.924Z,
astridwaucquez@gmail.com,false,,other,false,2025-11-24T11:34:22.317Z,
somialvi@gmail.com,false,,other,false,2025-07-21T17:30:54.052Z,
fabienne.bastien1234@gmail.com,false,,other,false,2025-07-28T09:49:29.285Z,
sok-@hotmail.fr,false,,other,false,2025-10-27T17:46:43.726Z,
hdmb.benard@orange.fr,false,,other,false,2025-11-26T07:34:32.857Z,
laetitiadebard64@gmail.com,false,,other,false,2025-07-30T05:38:50.746Z,
achard.luc@wanadoo.fr,false,,other,false,2025-08-01T11:26:27.654Z,
agnes.lagrolet@orange.fr,false,,other,false,2025-08-01T11:26:49.289Z,
lucilesarda38@gmail.com,false,,other,false,2025-08-01T11:28:00.482Z,
hiriartclement@gmail.com,false,,other,false,2025-08-04T10:49:15.172Z,
lucreceamigues@gmail.com,false,,other,false,2025-08-04T10:49:46.631Z,
gabriella.daher@free.fr,false,,other,false,2025-08-04T10:51:00.697Z,
fabasphil@yahoo.fr,false,,other,false,2025-08-07T12:42:28.179Z,
mfranc@csm.fr,false,,other,false,2025-08-07T12:45:25.822Z,
aamayon@gmail.com,false,,other,false,2025-08-07T12:46:15.410Z,
cpnioche@outlook.com,false,,other,false,2025-08-09T11:58:53.889Z,
lorine.basquebouvier@gmail.com,false,,other,false,2025-08-09T11:59:59.993Z,
duhaldebordebernadette@orange.fr,false,,other,false,2025-08-09T12:00:25.654Z,
alicelydia222@gmail.com,false,,other,false,2025-10-31T18:54:50.493Z,
francis.marxen@gmail.com,false,,other,false,2025-09-05T06:52:11.068Z,
guillaumesrz65@gmail.com,false,,other,false,2025-09-04T21:31:07.766Z,
david.tslocation@gmail.com,false,,other,false,2025-10-18T01:08:57.303Z,
leuchie33@gmail.com,false,,other,false,2025-11-22T17:02:52.242Z,
c.carrulla@orange.fr,false,,other,false,2025-10-14T07:03:08.451Z,
nani3864@gmail.com,false,,other,false,2025-10-23T15:25:46.711Z,
ptk.boquet@gmail.com,false,,other,false,2025-11-06T06:50:56.726Z,
ruybas17@gmail.com,false,,other,false,2025-11-15T09:53:51.007Z,
cbbmfpm@gmail.com,false,,other,false,2025-11-15T14:41:01.139Z,
nicole.marthebiagui@gmail.com,false,,other,false,2025-11-16T03:55:49.619Z,
