post_id,post_date,is_published,email_sent_at,inbox_sent_at,type,audience,title,subtitle,podcast_url
180178823.le-vacarme-des-royaumes-le-pas-leger,2025-11-29T04:05:39.924Z,true,2025-11-29T04:05:40.075Z,2025-11-29T04:05:40.075Z,newsletter,everyone,"💫 Le vacarme des royaumes, le pas léger des saints","Méditation de l’évangile du jour et des lectures de la messe catholique — Daniel 7,15-27 ; Luc 21,34-36",
180098672.les-betes-qui-surgissent-la-parole,2025-11-28T04:05:23.055Z,true,2025-11-28T04:05:23.170Z,2025-11-28T04:05:23.170Z,newsletter,everyone,"🐆 Les bêtes qui surgissent, la Parole qui demeure","Méditation de l’Évangile du jour et des lectures de la messe catholique — Daniel 7, 2-14) — Luc 21, 29-33",
180006821.la-pierre-scellee-la-lumiere-qui,2025-11-27T04:00:42.334Z,true,2025-11-27T04:00:42.856Z,2025-11-27T04:00:42.856Z,newsletter,everyone,"🪨 La pierre scellée, la lumière qui se lève","Méditation de l’Évangile du jour et des lectures de la messe catholique — Daniel 6, 12-28 ; Luc 21, 20-28",
179904084.la-main-qui-ecrit-et-la-vie-qui-tient,2025-11-26T04:05:41.103Z,true,2025-11-26T04:05:41.269Z,2025-11-26T04:05:41.269Z,newsletter,everyone,✍🏻 La main qui écrit et la vie qui tient,"Méditation de l’Évangile du jour et des lectures de la messe catholique — Daniel 5, 1-6.13-14.16-17.23-28 — Luc 21, 12-19",
179802449.la-pierre-et-le-royaume,2025-11-25T04:05:32.797Z,true,2025-11-25T04:05:32.926Z,2025-11-25T04:05:32.926Z,newsletter,everyone,🪨 La pierre et le Royaume,"Méditation de l’Évangile du jour et des lectures de la messe catholique — Daniel 2, 31-45 ; Luc 21, 5-11",
179725824.la-fidelite-et-la-lumiere-des-humbles,2025-11-24T04:05:35.543Z,true,2025-11-24T04:05:35.711Z,2025-11-24T04:05:35.711Z,newsletter,everyone,🔆 La fidélité et la lumière des humbles,"Méditation de l’Évangile du jour et des lectures de la messe catholique — Daniel 1 ; Luc 21, 1-4",
179554559.la-chute-ou-la-lumiere,2025-11-22T06:37:27.548Z,true,2025-11-22T06:37:27.684Z,2025-11-22T06:37:27.684Z,newsletter,everyone,🕯️ La chute ou la lumière,"Méditation de l’Évangile du jour et des lectures de la messe catholique — 1 Machabées 6, 1-13 — Luc 20, 27-40",
179550308.0f1,,false,,,newsletter,everyone,,,
179450883.lautel-releve-lame-purifiee,2025-11-21T04:05:24.879Z,true,2025-11-21T04:05:25.055Z,2025-11-21T04:05:25.055Z,newsletter,everyone,"🏺 L’autel relevé, l'âme purifiée","Méditation de l’Évangile du jour et des lectures de la messe catholique — 1 Machabées 4, 36-37.52-59 ; Lc 19, 45-48",
179340745.lautel-renverse-la-paix-offerte,2025-11-20T04:05:18.256Z,true,2025-11-20T04:05:18.380Z,2025-11-20T04:05:18.380Z,newsletter,everyone,"✝️ L’autel renversé, la paix offerte","Méditation de l’Évangile du jour et des lectures de la messe catholique — Premier livre des Machabées 2,15-29 ; Évangile selon saint Luc 19,41-44",
179244946.le-courage-offert-la-grace-confiee,2025-11-19T04:05:40.152Z,true,2025-11-19T04:05:40.278Z,2025-11-19T04:05:40.278Z,newsletter,everyone,"🕊️ Le courage offert, la grâce confiée","Méditation de l’Évangile du jour et des lectures de la messe catholique — 2 Machabées 7,1.20-31 ; Luc 19,11-28",
179134702.la-fidelite-sans-compromis,2025-11-18T04:05:50.939Z,true,2025-11-18T04:05:51.083Z,2025-11-18T04:05:51.083Z,newsletter,everyone,✝️ La fidélité sans compromis,"Méditation de l’Évangile du jour et des lectures de la messe catholique — 2 Machabées 6,18-31 ; Luc 19,1-10",
179053044.le-cri-lalliance-et-la-lumiere,2025-11-17T04:05:33.898Z,true,2025-11-17T04:05:34.084Z,2025-11-17T04:05:34.084Z,newsletter,everyone,"🕯️ Le cri, l’alliance et la lumière","Méditation de l’évangile du jour et des lectures de la messe catholique — 1 Maccabées 1,10-15.41-43.54-57.62-64 ; Luc 18,35-43",
178986197.le-soleil-le-labeur-la-fidelite,2025-11-16T04:05:32.411Z,true,2025-11-16T04:05:32.569Z,2025-11-16T04:05:32.569Z,newsletter,everyone,"🔆 Le soleil, le labeur, la fidélité","Méditation de l’Évangile du jour et des lectures de la messe catholique — Malachie 3, 19-20a ; 2 Th 3, 7-12 ; Luc 21, 5-19",
178972844.f4b,,false,,,newsletter,everyone,,,
178877693.leclair-de-dieu-dans-la-nuit,2025-11-15T04:05:55.086Z,true,2025-11-15T04:05:55.219Z,2025-11-15T04:05:55.219Z,newsletter,everyone,🌙 L’éclair de Dieu dans la nuit,"Méditation de l’Évangile du jour et des lectures de la messe catholique — Sagesse 18, 14-16 ; 19, 6-9 • Luc 18, 1-8",
178782632.le-feu-et-la-lumiere,2025-11-14T04:05:28.174Z,true,2025-11-14T04:05:28.314Z,2025-11-14T04:05:28.314Z,newsletter,everyone,🔥 Le feu et la lumière,"Méditation de l’Évangile du jour et des lectures de la messe catholique — Sagesse 13, 1-9 ; Luc 17, 26-37",
178681546.le-feu-cache-du-royaume,2025-11-13T04:05:32.926Z,true,2025-11-13T04:05:33.110Z,2025-11-13T04:05:33.110Z,newsletter,everyone,🔥 Le feu caché du Royaume,"Méditation de l’Évangile du jour et des lectures de la messe catholique — Sagesse 7, 22 b – 8, 1 ; Luc 17, 20-25",
178593122.gratitude-vivante,2025-11-12T04:05:44.621Z,true,2025-11-12T04:05:44.743Z,2025-11-12T04:05:44.743Z,newsletter,everyone,💖 Gratitude vivante,"Méditation de l’Évangile du jour et des lectures de la messe catholique — Sagesse 6, 1-11 ; Luc 17, 11-19",
178494700.le-feu-et-le-service,2025-11-11T04:05:48.430Z,true,2025-11-11T04:05:48.623Z,2025-11-11T04:05:48.623Z,newsletter,everyone,🔥 Le feu et le service,"Méditation de l’Évangile du jour et des lectures de la messe catholique — Sagesse 2, 23 – 3, 9 ; Luc 17, 7-10",
178414188.la-sagesse-et-la-graine-de-foi,2025-11-10T05:04:38.781Z,true,2025-11-10T05:04:38.942Z,2025-11-10T05:04:38.942Z,newsletter,everyone,✝️ La Sagesse et la graine de foi,"Méditation de l’Évangile du jour et des lectures de la messe catholique — Sagesse 1, 1-7 ; Luc 17, 1-6",
178362757.leau-la-pierre-et-la-gloire,2025-11-09T04:05:49.058Z,true,2025-11-09T04:05:49.197Z,2025-11-09T04:05:49.197Z,newsletter,everyone,"🌊 L’eau, la pierre et la gloire","Méditation de l’Évangile du jour et des lectures de la messe catholique — Ézéchiel 47, 1-2.8-9.12 ; 1 Corinthiens 3, 9c-11.16-17 ; Jean 2, 13-22",
178263395.lintendant-du-royaume,2025-11-08T04:05:33.325Z,true,2025-11-08T04:05:33.485Z,2025-11-08T04:05:33.485Z,newsletter,everyone,✝️ L’intendant du Royaume,"Méditation de l’Évangile du jour et des lectures de la messe catholique — Romains 16, 3-9.16.22-27 ; Luc 16, 9-15",
178018530.le-ciel-qui-cherche-la-terre,2025-11-06T04:05:05.730Z,true,2025-11-06T04:05:05.823Z,2025-11-06T04:05:05.823Z,newsletter,everyone,✝️ Le Ciel qui cherche la terre,"Méditation de l’Évangile du jour et des lectures de la messe catholique — Romains 14, 7-12 ; Luc 15, 1-10",
177922201.le-prix-de-lamour,2025-11-05T04:09:21.181Z,true,2025-11-05T04:09:21.278Z,2025-11-05T04:09:21.278Z,newsletter,everyone,💖 Le prix de l’amour,"Méditation de l’Évangile du jour et des lectures de la messe catholique — Romains 13, 8-10 ; Luc 14, 25-33",
177814744.le-festin-du-corps-vivant,2025-11-04T04:37:59.617Z,true,2025-11-04T04:38:00.739Z,2025-11-04T04:38:00.739Z,newsletter,everyone,✝️ Le festin du Corps vivant,"Méditation de l’Évangile du jour et des lectures de la messe catholique — Romains 12, 5-16b ; Luc 14, 15-24",
177750943.greffes-sur-la-misericorde,2025-11-03T02:05:18.098Z,true,2025-11-03T02:05:18.228Z,2025-11-03T02:05:18.228Z,newsletter,everyone,✝️ Greffés sur la Miséricorde,"Méditation de l’Évangile du jour et des lectures de la messe catholique — Romains 11, 29-36 ; Luc 14, 12-14",
177653137.c10,,false,,,newsletter,everyone,,,
177560969.la-loi-du-cur,2025-10-31T04:14:20.594Z,true,2025-10-31T04:14:20.711Z,2025-10-31T04:14:20.711Z,newsletter,everyone,💖 La Loi du cœur,"Méditation de l’Évangile du jour et des lectures de la messe catholique — Lettre de saint Paul apôtre aux Romains 9, 1-6 ; Évangile selon saint Luc 14, 1-6",
177460211.si-dieu-est-pour-nous-qui-sera-contre,2025-10-30T04:06:33.588Z,true,2025-10-30T04:06:33.724Z,2025-10-30T04:06:33.724Z,newsletter,everyone,"💖 Si Dieu est pour nous, qui sera contre nous ?","Méditation de l’Évangile du jour et des lectures de la messe catholique — Lettre de saint Paul apôtre aux Romains 8, 31-39 ; Évangile selon saint Luc 13, 31-35",
177350612.le-vent-de-lesprit-et-la-porte-du,2025-10-29T04:04:41.155Z,true,2025-10-29T04:04:41.345Z,2025-10-29T04:04:41.345Z,newsletter,everyone,🌬️ Le vent de l’Esprit et la porte du Royaume,"Méditation de l’Évangile du jour et des lectures de la messe catholique — Lettre de saint Paul apôtre aux Romains 8, 26-30 ; Évangile selon saint Luc 13, 22-30",
177248899.le-gerant-et-lapotre,2025-11-07T04:05:22.055Z,true,2025-11-07T04:05:22.229Z,2025-11-07T04:05:22.229Z,newsletter,everyone,⚖️ Le gérant et l’apôtre,"Méditation de l’Évangile du jour et des lectures de la messe catholique — Romains 15, 14-21 ; Luc 16, 1-8",
177248868.c68,,false,,,newsletter,everyone,,,
177201791.la-maison-batie-sur-les-saints,2025-10-28T04:25:31.363Z,true,2025-10-28T04:25:31.509Z,2025-10-28T04:25:31.509Z,newsletter,everyone,😇 La maison bâtie sur les saints,"Méditation de l’Évangile du jour et des lectures de la messe catholique — Éphésiens 2, 19-22 • Luc 6, 12-19",
177177735.le-dos-droit-et-le-cur-libre,2025-10-27T04:05:25.341Z,true,2025-10-27T04:05:25.584Z,2025-10-27T04:05:25.584Z,newsletter,everyone,❤️ Le dos droit et le cœur libre,"Méditation de l’Évangile du jour et des lectures de la messe catholique — Lettre aux Romains 8, 12-17 • Évangile selon saint Luc 13, 10-17",
177083288.la-priere-qui-traverse-les-nuees,2025-10-26T04:05:30.969Z,true,2025-10-26T04:05:31.174Z,2025-10-26T04:05:31.174Z,newsletter,everyone,🙏🏻 La prière qui traverse les nuées,"Méditation de l’Évangile du jour et des lectures de la messe catholique — Livre de Ben Sira le Sage 35, 15b-17.20-22a • Deuxième lettre de saint Paul apôtre à Timothée 4, 6-8.16-18 • Évangile selon sa",
176995414.le-figuier-et-la-derniere-saison,2025-10-25T04:05:17.996Z,true,2025-10-25T04:05:18.188Z,2025-10-25T04:05:18.188Z,newsletter,everyone,🌳 Le figuier et la dernière saison,"Méditation de l’Évangile du jour et des lectures de la messe catholique — Lettre de saint Paul apôtre aux Romains 8, 1-4.9-11 ; Évangile selon saint Luc 13, 1-9",
176989167.7ed,,false,,,newsletter,everyone,,,
176863786.le-duel-et-la-lumiere,2025-10-24T03:05:32.743Z,true,2025-10-24T03:05:32.847Z,2025-10-24T03:05:32.847Z,newsletter,everyone,🔥 Le duel et la lumière,"Méditation de l’Évangile du jour et des lectures de la messe catholique — Lettre de saint Paul apôtre aux Romains 7, 18-25a • Évangile selon saint Luc 12, 54-59",
176835379.le-feu-et-la-liberte,2025-10-23T03:05:36.049Z,true,2025-10-23T03:05:36.188Z,2025-10-23T03:05:36.188Z,newsletter,everyone,🔥 Le feu et la liberté,"Méditation de l’Évangile du jour et des lectures de la messe catholique — Lettre de saint Paul aux Romains 6, 19-23 • Évangile selon saint Luc 12, 49-53",
176730806.le-veilleur-ressuscite,2025-10-22T03:05:27.765Z,true,2025-10-22T03:05:27.959Z,2025-10-22T03:05:27.959Z,newsletter,everyone,❤️ Le veilleur ressuscité,"Méditation de l’Évangile du jour et des lectures de la messe catholique — Lettre de saint Paul aux Romains 6, 12-18 • Évangile selon saint Luc 12, 39-48",
176645587.le-cur-retrouve-et-la-joie-du-ciel,,false,,,newsletter,everyone,,,
176630874.le-veilleur-et-la-grace,2025-10-21T03:05:01.460Z,true,2025-10-21T03:05:01.838Z,2025-10-21T03:05:01.838Z,newsletter,everyone,🕯️ Le veilleur et la grâce,"Méditation de l’Évangile du jour et des lectures de la messe catholique — Lettre de saint Paul apôtre aux Romains 5, 12-21 ; Évangile selon saint Luc 12, 35-38",
176561485.le-grenier-et-la-promesse,2025-10-20T03:54:19.643Z,true,2025-10-20T03:54:20.433Z,2025-10-20T03:54:20.433Z,newsletter,everyone,🕊️ Le grenier et la promesse,"Méditation de l’Évangile du jour et des lectures de la messe catholique — Lettre de saint Paul apôtre aux Romains 4, 20-25 ; Évangile selon saint Luc 12, 13-21",
176486037.les-bras-leves-et-la-veuve-obstinee,2025-10-19T02:05:14.105Z,true,2025-10-19T02:05:14.255Z,2025-10-19T02:05:14.255Z,newsletter,everyone,🙏🏻 Les bras levés et la veuve obstinée,"Méditation de l’évangile du jour et des lectures de la messe catholique — Ex 17, 8-13 ; 2 Tm 3, 14 – 4, 2 ; Luc 18, 1-8",
176402612.la-fidelite-et-la-moisson,2025-10-18T03:04:25.676Z,true,2025-10-18T03:04:25.830Z,2025-10-18T03:04:25.830Z,newsletter,everyone,🌾 La fidélité et la moisson,"Méditation de l’Évangile du jour et des lectures de la messe catholique — 2 Tm 4, 10-17b • Lc 10, 1-9",
176237715.la-foi-avant-la-facade,2025-10-16T03:05:10.789Z,true,2025-10-16T03:05:10.920Z,2025-10-16T03:05:10.920Z,newsletter,everyone,✝️ La foi avant la façade,"Méditation de l’Évangile du jour et des lectures de la messe catholique — Romains 3, 21-30 • Luc 11, 47-54",
176133572.sous-le-vernis-la-lumiere,2025-10-15T03:08:19.639Z,true,2025-10-15T03:08:19.789Z,2025-10-15T03:08:19.789Z,newsletter,everyone,"🕯️ Sous le vernis, la lumière","Méditation de l’Évangile du jour et des lectures de la messe catholique — Romains 2, 1-11 • Luc 11, 42-46",
176024374.le-fond-avant-la-forme,2025-10-14T04:04:00.984Z,true,2025-10-14T04:04:01.116Z,2025-10-14T04:04:01.116Z,newsletter,everyone,🤍 Le fond avant la forme,"Méditation de l’évangile du jour et des lectures de la messe catholique — Lettre aux Romains 1, 16-25 ; Évangile selon saint Luc 11, 37-41",
175962410.le-signe-qui-descend-et-la-grace,2025-10-13T03:04:14.923Z,true,2025-10-13T03:04:15.134Z,2025-10-13T03:04:15.134Z,newsletter,everyone,✝️ Le signe qui descend et la grâce qui relève,"Méditation de l’évangile du jour et des lectures de la messe catholique — Lettre aux Romains 1, 1-7 ; Évangile selon saint Luc 11, 29-32",
175876244.le-bain-la-marche-et-le-merci,2025-10-12T03:05:22.434Z,true,2025-10-12T03:05:22.597Z,2025-10-12T03:05:22.597Z,newsletter,everyone,"🕊️ Le bain, la marche et le merci","Méditation de l’évangile du jour et des lectures de la messe catholique — Deuxième livre des Rois 5, 14-17 ; Deuxième lettre de saint Paul apôtre à Timothée 2, 8-13 ; Évangile selon saint Luc 17, 11-1",
175796515.le-champ-la-source-et-le-cur-qui,2025-10-11T03:05:17.772Z,true,2025-10-11T03:05:18.067Z,2025-10-11T03:05:18.067Z,newsletter,everyone,"🌾 Le champ, la source et le cœur qui écoute","Méditation de l’évangile du jour et des lectures de la messe catholique — Joël 4, 12-21 ; Luc 11, 27-28",
175700404.le-silence-et-la-maison-vide,2025-10-10T03:05:25.829Z,true,2025-10-10T03:05:25.952Z,2025-10-10T03:05:25.952Z,newsletter,everyone,⛪ Le silence et la maison vide,"Méditation de l’évangile du jour et des lectures de la messe catholique — Joël 1, 13-15 ; 2, 1-2 ; Luc 11, 15-26",
175613227.le-feu-cache-la-priere-obstinee,2025-10-09T03:05:25.912Z,true,2025-10-09T03:05:26.031Z,2025-10-09T03:05:26.031Z,newsletter,everyone,"🔥 Le feu caché, la prière obstinée","Méditation de l’évangile du jour et des lectures de la messe catholique — Malachie 3, 13-20a ; Luc 11, 5-13",
175509887.lombre-du-ricin-et-la-lumiere-du,2025-10-08T04:55:10.722Z,true,2025-10-08T04:55:10.894Z,2025-10-08T04:55:10.894Z,newsletter,everyone,🌿 L’ombre du ricin et la lumière du Père,"Méditation de l’Évangile du jour et des lectures de la messe catholique — Jonas 4, 1-11 • Luc Luc 11, 1-4",
175418115.la-parole-qui-renverse-le-silence,2025-10-07T03:05:22.058Z,true,2025-10-07T03:05:22.198Z,2025-10-07T03:05:22.198Z,newsletter,everyone,"🌹 La parole qui renverse, le silence qui enfante","Méditation de l’évangile du jour et des lectures de la messe catholique — Jonas 3, 1-10 ; Luc 10, 38-42",
175341126.la-fuite-et-la-compassion,2025-10-06T03:04:40.813Z,true,2025-10-06T03:04:40.985Z,2025-10-06T03:04:40.985Z,newsletter,everyone,🐋 La fuite et la compassion,"Méditation de l’évangile du jour et des lectures de la messe catholique — Jonas 1, 1 – 2, 1.11 ; Luc 10, 25-37",
175203272.la-graine-qui-deracine-et-le-serviteur,2025-10-05T03:05:22.250Z,true,2025-10-05T03:05:23.003Z,2025-10-05T03:05:23.003Z,newsletter,everyone,🌱 La graine qui déracine et le serviteur sans médaille,"Méditation de l’Évangile du jour et des lectures de la messe catholique — Habacuc 1, 2-3 ; 2, 2-4 • 2 Timothée 1, 6-8.13-14 • Luc 17, 5-10",
175184208.des-larmes-de-lexil-a-la-joie-du,2025-10-04T03:05:18.070Z,true,2025-10-04T03:05:18.209Z,2025-10-04T03:05:18.209Z,newsletter,everyone,💦 Des larmes de l’exil à la joie du ciel,"Méditation de l’évangile du jour et des lectures de la messe catholique — Baruc 4, 5-12.27-29 ; Luc 10, 17-24",
175096807.confesser-nos-fautes-accueillir-les,2025-10-03T03:04:24.151Z,true,2025-10-03T03:04:24.276Z,2025-10-03T03:04:24.276Z,newsletter,everyone,"🌑 Confesser nos fautes, accueillir les envoyés du Christ","Méditation de l’évangile du jour et des lectures de la messe catholique — Baruc 1, 15-22 ; Luc 10, 13-16",
175015640.le-livre-leve-et-lenfant-au-milieu,2025-10-02T03:35:20.278Z,true,2025-10-02T03:35:20.402Z,2025-10-02T03:35:20.402Z,newsletter,everyone,🌿 Le Livre levé et l’enfant au milieu ,"Méditation de l’évangile du jour et des lectures de la messe catholique — Néhémie 8, 1-12 ; Matthieu 18, 1-5.10",
174917404.le-soupir-de-jerusalem-et-la-charrue,2025-10-01T03:05:22.606Z,true,2025-10-01T03:05:23.691Z,2025-10-01T03:05:23.691Z,newsletter,everyone,🕊 Le soupir de Jérusalem et la charrue du Royaume,"Méditation de l’évangile du jour et des lectures de la messe catholique — Néhémie 2, 1-8 ; Luc 9, 57-62",
174823517.le-feu-de-la-parole-et-la-rigueur,2025-09-30T03:04:58.575Z,true,2025-09-30T03:04:58.718Z,2025-09-30T03:04:58.718Z,newsletter,everyone,✝️ Le feu de la parole et la rigueur de la fidélité,"Méditation de l’évangile du jour et des lectures de la messe catholique — Zacharie 8, 20-23 ; Luc 9, 51-56",
174750094.larchange-en-armure-et-le-ciel-qui,2025-09-29T03:05:26.312Z,true,2025-09-29T03:05:26.440Z,2025-09-29T03:05:26.440Z,newsletter,everyone,🛡️ L’archange en armure et le ciel qui s’ouvre,"Méditation de l’évangile du jour et des lectures de la messe catholique — Apocalypse 12, 7-12a ; Jean 1, 47-51",
174677708.la-bande-des-vautres-et-le-combat,2025-09-28T03:03:25.701Z,true,2025-09-28T03:03:25.880Z,2025-09-28T03:03:25.880Z,newsletter,everyone,🛡️ La bande des vautrés et le combat de la sainteté ,"Méditation de l’évangile du jour et des lectures de la messe catholique — Amos 6, 1a.4-7 ; 1 Timothée 6, 11-16 ; Luc 16, 19-31",
174614881.le-levain-et-le-moineau,2025-10-17T03:05:20.727Z,true,2025-10-17T03:05:20.857Z,2025-10-17T03:05:20.857Z,newsletter,everyone,🐦 Le levain et le moineau,"Méditation de l’Évangile du jour et des lectures de la messe catholique — Romains 4, 1-8 • Luc 12, 1-7",
174466498.la-muraille-de-feu-et-le-chemin-de,2025-09-27T03:04:18.592Z,true,2025-09-27T03:04:18.725Z,2025-09-27T03:04:18.725Z,newsletter,everyone,🔥 La muraille de feu et le chemin de la foi,"Méditation de l’évangile du jour et des lectures de la messe catholique — Zacharie 2, 5-9.14-15a ; Luc 9, 43b-45",
174159629.le-temple-en-ruines-et-la-foi-qui,2025-09-26T03:05:07.775Z,true,2025-09-26T03:05:08.044Z,2025-09-26T03:05:08.044Z,newsletter,everyone,🕯️Le Temple en ruines et la foi qui relève,"Méditation de l’évangile du jour et des lectures de la messe catholique — Aggée 1, 15b – 2, 9 ; Luc 9, 18-22",
174103336.le-confort-trompeur-et-la-maison,2025-09-25T03:05:17.781Z,true,2025-09-25T03:05:17.927Z,2025-09-25T03:05:17.927Z,newsletter,everyone,🌿 Le confort trompeur et la maison à rebâtir,"Méditation de l’évangile du jour et des lectures de la messe catholique — Aggée 1, 2-8 ; Luc 9, 7-9",
174100852.lhumilite-qui-releve-et-reconstruit,2025-09-24T03:05:36.696Z,true,2025-09-24T03:05:36.830Z,2025-09-24T03:05:36.830Z,newsletter,everyone,✦ L’humilité qui relève et reconstruit,"Méditation de l’évangile du jour et des lectures de la messe catholique — Esdras 9, 5-9 ; Luc 9, 1-6",
174075227.la-maison-reconstruite-le-cur-reconquis,2025-09-23T03:03:58.112Z,true,2025-09-23T03:03:58.232Z,2025-09-23T03:03:58.232Z,newsletter,everyone,"🏠 La maison reconstruite, le cœur reconquis","Méditation de l’évangile du jour et des lectures de la messe catholique — Esdras 6, 7-8.12b.14-20 ; Ps 121 ; Luc 8, 19-21",
173941544.la-lumiere-devoilee-et-les-pierres,2025-09-22T03:04:17.320Z,true,2025-09-22T03:04:17.482Z,2025-09-22T03:04:17.482Z,newsletter,everyone,🕯️La lumière dévoilée et les pierres qui s’élèvent,"Méditation de l’évangile du jour et des lectures de la messe catholique — Esdras 1, 1-6 ; Luc 8, 16-18",
173755519.les-curs-droits-et-les-mains-ouvertes,2025-09-21T03:05:25.155Z,true,2025-09-21T03:05:25.784Z,2025-09-21T03:05:25.784Z,newsletter,everyone,❤️ Les cœurs droits et les mains ouvertes,"Méditation de l’évangile du jour et des lectures de la messe catholique — Amos 8,4‑7 ; 1 Timothée 2,1‑8 ; Luc 16,1‑13",
173443178.le-fruit-et-la-bouche-dor,2025-09-13T03:04:37.183Z,true,2025-09-13T03:04:37.281Z,2025-09-13T03:04:37.281Z,newsletter,everyone,"🌳L’arbre qui porte, la parole qui pèse","Méditation de l’évangile du jour et des lectures de la messe catholique — 1 Tm 1, 15-17 ; Lc 6, 43-49",
173378203.lor-qui-brule-la-foi-qui-eclaire,2025-09-19T03:04:23.817Z,true,2025-09-19T03:04:23.923Z,2025-09-19T03:04:23.923Z,newsletter,everyone,"🔥 L’or qui brûle, la foi qui éclaire","Méditation de l’évangile du jour et des lectures de la messe catholique — 1 Tm 6, 2c-12 ; Lc 8, 1-3",
173377228.les-larmes-et-lexemple,2025-09-18T03:05:26.119Z,true,2025-09-18T03:05:26.229Z,2025-09-18T03:05:26.229Z,newsletter,everyone,💧 Les larmes et l’exemple,"Méditation de l’évangile du jour et des lectures de la messe catholique — 1 Tm 4, 12-16 ; Lc 7, 36-50",
173375680.le-pilier-invisible-et-la-danse-oubliee,2025-09-17T03:05:24.410Z,true,2025-09-17T03:05:24.513Z,2025-09-17T03:05:24.513Z,newsletter,everyone,✨ Le pilier invisible et la danse oubliée,"Méditation de l’évangile du jour et des lectures de la messe catholique — 1 Tm 3, 14-16 ; Ps 110 ; Lc 7, 31-35",
173375101.lhomme-debout-et-la-semence-feconde,2025-09-20T03:04:23.830Z,true,2025-09-20T03:04:23.947Z,2025-09-20T03:04:23.947Z,newsletter,everyone,🌿 L’homme debout et la semence féconde,"Méditation de l’évangile du jour et des lectures de la messe catholique — 1 Tm 6,13‑16 ; Lc 8,4‑15",
173371689.le-cortege-arrete-la-vie-rendue,2025-09-16T03:05:01.978Z,true,2025-09-16T03:05:02.362Z,2025-09-16T03:05:02.362Z,newsletter,everyone,"✝️ Le cortège arrêté, la vie rendue","Méditation de l’évangile du jour et des lectures de la messe catholique — 1 Tm 3, 1-13 ; Ps 100 ; Lc 7, 11-17",
173366522.debout-dans-lheure-obscure,2025-09-15T03:11:24.827Z,true,2025-09-15T03:11:24.954Z,2025-09-15T03:11:24.954Z,newsletter,everyone,✝️ Debout dans l’heure obscure,"Méditation de l’évangile du jour et des lectures de la messe catholique — 1 Tm 2, 1-8 ; Jn 19, 25-27",
173153431.larbre-dresse-entre-ciel-et-terre,2025-09-14T05:18:58.984Z,true,2025-09-14T05:18:59.123Z,2025-09-14T05:18:59.123Z,newsletter,everyone,✝️ L’arbre dressé entre ciel et terre,"Méditation de l’évangile du jour et des lectures de la messe catholique — Nb 21, 4-9 ; Ph 2, 6-11 ; Jn 3, 13-17",
172957254.quand-la-misericorde-ouvre-les-yeux,2025-09-12T03:04:24.796Z,true,2025-09-12T03:04:24.902Z,2025-09-12T03:04:24.902Z,newsletter,everyone,✝️ Quand la miséricorde ouvre les yeux,"Méditation de l’évangile du jour et des lectures de la messe catholique — 1 Tm 1, 1-2.12-14 ; Lc 6, 39-42",
172946779.le-vetement-blanc-et-la-mesure-debordante,2025-09-11T03:04:33.565Z,true,2025-09-11T03:04:33.764Z,2025-09-11T03:04:33.764Z,newsletter,everyone,✝️ Le vêtement blanc et la mesure débordante,"Méditation de l’évangile du jour et des lectures de la messe catholique — Col 3, 12-17 ; Lc 6, 27-38",
172940612.revetir-lhomme-nouveau-et-chercher,2025-09-10T03:05:17.603Z,true,2025-09-10T03:05:18.781Z,2025-09-10T03:05:18.781Z,newsletter,everyone,✝️ Revêtir l’homme nouveau et chercher le vrai bonheur,"Méditation de l’évangile du jour et des lectures de la messe catholique — Col 3, 1-11 ; Lc 6, 20-26",
172939738.le-billet-cloue-et-la-force-qui-guerit,2025-09-09T03:05:21.263Z,true,2025-09-09T03:05:21.369Z,2025-09-09T03:05:21.369Z,newsletter,everyone,✝️ Le billet cloué et la force qui guérit,"Méditation de l’évangile du jour et des lectures de la messe catholique — Col 2, 6-15 ; Lc 6, 12-19",
172847170.la-vierge-qui-enfante-le-juste-qui,2025-09-08T03:01:14.274Z,true,2025-09-08T03:01:14.409Z,2025-09-08T03:01:14.409Z,newsletter,everyone,"✝️ La Vierge qui enfante, le juste qui accueille","Méditation de l’évangile du jour et des lectures de la messe catholique — Mi 5, 1-4a ; Mt 1, 1-16.18-23",
172477996.la-sagesse-qui-eclaire-la-croix-qui,2025-09-07T03:04:21.138Z,true,2025-09-07T03:04:21.259Z,2025-09-07T03:04:21.259Z,newsletter,everyone,"✝️ La Sagesse qui éclaire, la croix qui engage","Méditation de l’évangile du jour et des lectures de la messe catholique — Sg 9, 13-18 ; Phm 9b-10.12-17 ; Lc 14, 25-33",
172458240.reconcilies-dans-le-christ-reposes,2025-09-06T03:05:21.075Z,true,2025-09-06T03:05:21.196Z,2025-09-06T03:05:21.196Z,newsletter,everyone,"✝️ Réconciliés dans le Christ, reposés en Lui","Méditation de l’évangile du jour et des lectures de la messe catholique — Col 1, 21-23 ; Lc 6, 1-5",
172414854.tout-est-pour-le-christ-rien-sans,2025-09-05T03:05:24.963Z,true,2025-09-05T03:05:25.093Z,2025-09-05T03:05:25.093Z,newsletter,everyone,"✝️ Tout est pour le Christ, rien sans Lui","Méditation de l’évangile du jour et des lectures de la messe catholique — Col 1, 15-20 ; Lc 5, 33-39",
172354315.la-barque-vide-et-le-filet-plein,2025-09-04T03:04:19.463Z,true,2025-09-04T03:04:19.592Z,2025-09-04T03:04:19.592Z,newsletter,everyone,🖌️ La barque vide et le filet plein,"Méditation de l’évangile du jour et des lectures de la messe catholique — Col 1, 9-14 ; Lc 5, 1-11",
172250050.gueri-pour-servir-envoye-pour-annoncer,2025-09-03T03:04:18.230Z,true,2025-09-03T03:04:18.324Z,2025-09-03T03:04:18.324Z,newsletter,everyone,"✝️ Guéri pour servir, envoyé pour annoncer","Méditation de l’évangile du jour et des lectures de la messe catholique — Col 1, 1-8 ; Lc 4, 38-44",
172242901.la-lumiere-plus-forte-que-la-nuit,2025-09-02T03:04:25.551Z,true,2025-09-02T03:04:25.679Z,2025-09-02T03:04:25.679Z,newsletter,everyone,✝️ La lumière plus forte que la nuit,"Méditation de l’évangile du jour et des lectures de la messe catholique — 1 Th 5, 1-11 ; Lc 4, 31-37",
172241190.laujourdhui-qui-traverse-la-nuit,2025-09-01T03:04:23.216Z,true,2025-09-01T03:04:23.332Z,2025-09-01T03:04:23.332Z,newsletter,everyone,✝️ L’aujourd’hui qui traverse la nuit,"Méditation de l’évangile du jour et des lectures de la messe catholique — 1 Th 4, 13-18 ; Lc 4, 16-30",
172112558.descendre-de-lechelle-pour-monter,2025-08-31T03:10:28.069Z,true,2025-08-31T03:10:28.173Z,2025-08-31T03:10:28.173Z,newsletter,everyone,🪜 Descendre de l’échelle pour monter au festin,"Méditation de l’évangile du jour et des lectures de la messe catholique — Si 3, 17-18.20.28-29 ; He 12, 18-19.22-24a ; Lc 14, 1.7-14",
172071152.des-talents-caches-et-des-mains-fideles,2025-08-30T03:04:23.507Z,true,2025-08-30T03:04:23.629Z,2025-08-30T03:04:23.629Z,newsletter,everyone,🕊️ Des talents cachés et des mains fidèles,"Méditation des lectures et de l’évangile du jour de la messe catholique — 1 Th 4, 9-11 ; Mt 25, 14-30",
171911491.la-verite-au-prix-du-sang,2025-08-29T03:06:18.246Z,true,2025-08-29T03:06:18.371Z,2025-08-29T03:06:18.371Z,newsletter,everyone,✝️ La vérité au prix du sang ,"Méditation de l’évangile du jour et des lectures de la messe catholique — 1 Th 4, 1-8 ; Mc 6, 17-29",
171804444.tenez-vous-prets-le-maitre-revient,2025-08-28T03:05:26.073Z,true,2025-08-28T03:05:27.130Z,2025-08-28T03:05:27.130Z,newsletter,everyone,🐚 Tenez-vous prêts : le Maître revient dans la nuit,"Méditation de l’évangile du jour et des lectures de la messe catholique — 1 Th 3, 7-13 ; Mt 24, 42-51",
171802151.reperes-spirituels,,false,,,page,everyone,,,
171720980.des-mains-calleuses-aux-tombeaux,2025-08-27T03:14:40.228Z,true,2025-08-27T03:14:40.343Z,2025-08-27T03:14:40.343Z,newsletter,everyone,🖌️ Des mains calleuses aux tombeaux blanchis,"Méditations des lectures et évangile du jour de la messe catholique — 1 Th 2, 9-13 ; Mt 23, 27-32",
171653649.compter-les-grains-et-avaler-le-chameau,2025-08-26T03:03:29.535Z,true,2025-08-26T03:03:29.659Z,2025-08-26T03:03:29.659Z,newsletter,everyone,🐪 Compter les grains et avaler le chameau,"Méditation de l’évangile du jour et des lectures de la messe catholique — 1 Th 2, 1-8 ; Mt 23, 23-26",
171576477.du-palais-au-royaume,2025-08-25T02:50:25.950Z,true,2025-08-25T02:50:26.897Z,2025-08-25T02:50:26.897Z,newsletter,everyone,👑 Du palais au Royaume ,"Méditation de l’évangile du jour et des lectures de la messe catholique — 1 Th 1, 1-5.8b-10 ; Mt 23, 13-22",
171490658.rescapes-boiteux-derniers-mais-invites,2025-08-24T03:13:28.854Z,true,2025-08-24T03:13:28.960Z,2025-08-24T03:13:28.960Z,newsletter,everyone,🐫 À dos de dromadaire jusqu’au festin,"Lectures et évangile du jour de la messe catholique — Isaïe 66, 18-21 ; Hébreux 12, 5-7.11-13 ; Luc 13, 22-30",
171445088.du-champ-de-ruth-aux-pharisiens,2025-08-23T03:14:28.967Z,true,2025-08-23T03:14:29.081Z,2025-08-23T03:14:29.081Z,newsletter,everyone,🌾 Du champ de Ruth aux pharisiens,Quand Dieu choisit l’étrangère et dénonce les grandes bouches,
171350332.des-mains-vides-et-un-cur-plein,2025-08-22T03:08:21.360Z,true,2025-08-22T03:08:21.455Z,2025-08-22T03:08:21.455Z,newsletter,everyone,🍇 Des mains vides et un cœur plein,"Tout pour Dieu, et l’amour devient pain partagé.",
171210789.marchander-dieu-ou-se-laisser-vetir,2025-08-21T03:16:19.878Z,true,2025-08-21T03:16:19.979Z,2025-08-21T03:16:19.979Z,newsletter,everyone,« Marchander Dieu… ou se laisser vêtir »,Du pacte insensé au banquet de l’Alliance.,
171121856.meme-paye-en-grace-certains-ralent,2025-08-20T03:14:30.054Z,true,2025-08-20T03:14:30.161Z,2025-08-20T03:14:30.161Z,newsletter,everyone,"✨ Même payé en grâce, certains râlent à la caisse",Quand Dieu donne plus qu’on mérite… et qu’on Lui promet plus qu’on peut tenir.,
171032721.du-pressoir-au-trou-de-laiguille,2025-08-19T03:10:22.312Z,true,2025-08-19T03:10:23.365Z,2025-08-19T03:10:23.365Z,newsletter,everyone,✨ Du pressoir au trou de l’aiguille,Quand Dieu prend le plus petit pour vaincre et rend légers ceux qui veulent entrer.,
170876886.vendre-ses-idoles-ou-garder-ses-cartons,2025-08-18T03:07:12.151Z,true,2025-08-18T03:07:12.281Z,2025-08-18T03:07:12.281Z,newsletter,everyone,Vendre ses idoles… ou garder ses cartons,Du tribunal des Juges au marché des cœurs,
170872171.le-feu-qui-separe-pour-sauver,2025-08-17T03:02:18.318Z,true,2025-08-17T03:02:18.445Z,2025-08-17T03:02:18.445Z,newsletter,everyone,Le feu qui sépare pour sauver,"Choisir Jésus, même si ça secoue les murs de la maison",
170789127.la-pierre-dressee-le-cur-decide,2025-08-16T03:01:23.484Z,true,2025-08-16T03:01:23.655Z,2025-08-16T03:01:23.655Z,newsletter,everyone,"La pierre dressée, le cœur décidé",Quand notre vie garde trace de notre “oui”,
170762810.marie-chef-duvre-du-createur-le-soleil,2025-08-15T03:14:58.979Z,true,2025-08-15T03:14:59.973Z,2025-08-15T03:14:59.973Z,newsletter,everyone,"Marie, chef-d’œuvre du Créateur — Le Soleil l’a vêtue, la Promesse l’a portée","Marie est élevée corps et âme : le Christ d’abord, puis ceux qui Lui appartiennent",
170520929.passer-le-fleuve-et-lacher-la-dette,2025-08-14T03:32:19.942Z,true,2025-08-14T03:32:20.060Z,2025-08-14T03:32:20.060Z,newsletter,everyone,✨ Passer le fleuve et lâcher la dette,"Quand Dieu nous ouvre la route, c’est aussi pour que nous ouvrions nos cœurs",
170440278.la-montagne-ou-lon-sarrete-la-porte,2025-08-13T03:13:14.838Z,true,2025-08-13T03:13:14.974Z,2025-08-13T03:13:14.974Z,newsletter,everyone," La montagne où l’on s’arrête, la porte qu’on rouvre",Passer le relais… et rouvrir la porte du dialogue ,
170436350.le-courage-des-anciens-la-confiance,2025-08-12T03:03:14.993Z,true,2025-08-12T03:03:15.377Z,2025-08-12T03:03:15.377Z,newsletter,everyone,"✨ Le courage des anciens, la confiance des enfants",Quand l’expérience qui rassure croise l’élan qui ose.,
170374804.la-transfiguration-du-seigneur,2025-08-07T16:36:40.724Z,true,,,podcast,everyone,La Transfiguration du Seigneur,,
170355479.le-tribut-le-cur-et-le-poisson,2025-08-11T03:12:14.812Z,true,2025-08-11T03:12:14.895Z,2025-08-11T03:12:14.895Z,newsletter,everyone,"« Le tribut, le cœur et le poisson »",Un Dieu immense… qui demande un cœur nu.,
170303593.tentes-froissees-valises-ouvertes,2025-08-10T03:04:57.977Z,false,2025-08-10T03:04:58.075Z,2025-08-10T03:04:58.075Z,newsletter,everyone,"🐏 Tentes froissées, valises ouvertes","Marcher sans voir, veiller sans fuir, offrir sans comprendre.",
169937571.le-feu-la-foi-et-la-fidelite,2025-08-09T03:07:25.863Z,true,2025-08-09T03:07:25.967Z,2025-08-09T03:07:25.967Z,newsletter,everyone,"✨ Le feu, la foi, et la fidélité","Écouter, aimer, graver… ou retomber dans l’oubli ?",
169909958.gloire-dans-le-feu-vie-dans-la-perte,2025-08-08T03:38:59.585Z,true,2025-08-08T03:38:59.726Z,2025-08-08T03:38:59.726Z,newsletter,everyone,"🔥 Gloire dans le feu, vie dans la perte","Quand Dieu parle en brasier, et que l’homme veut sauver sa peau",
169745585.dieu-appelle-on-se-retourne,2025-07-31T12:42:50.980Z,true,2025-07-31T12:42:51.060Z,2025-07-31T12:42:51.060Z,newsletter,everyone,DIEU APPELLE ! ON SE RETOURNE ? ,"Marie-Madeleine, un tombeau vide… et un prénom murmuré",
169731481.rocher-frappe-pierre-posee,2025-08-07T03:13:08.833Z,true,2025-08-07T03:13:09.074Z,2025-08-07T03:13:09.074Z,newsletter,everyone,"🪨 Rocher frappé, pierre posée","Quand Moïse frappe, et que Dieu dit : « Écoutez ! »",
169730910.nuee-tentes-et-voix-du-ciel,2025-08-06T03:32:21.857Z,true,2025-08-06T03:32:22.002Z,2025-08-06T03:32:22.002Z,newsletter,everyone,✨ Ne plantez pas de tentes. Allumez la lampe,"Quand Dieu montre Son Fils, et qu’on veut planter des piquets",
169728928.la-lepre-le-vent-et-la-frange,2025-08-05T03:30:41.195Z,true,2025-08-05T03:30:41.318Z,2025-08-05T03:30:41.318Z,newsletter,everyone,"🌀La Lèpre, le vent et la frange","Quand l’orgueil murmure, et que la foi boit la tasse",
169582236.oignons-degypte-poissons-multiplies,2025-08-04T03:32:21.493Z,true,2025-08-04T03:32:21.580Z,2025-08-04T03:32:21.580Z,newsletter,everyone,"🧅 Oignons d’Égypte, poissons multipliés","Quand on réclame des oignons, et que Dieu donne du pain du ciel.",
169579928.greniers-pleins-curs-vides,2025-08-03T05:42:45.259Z,true,2025-08-03T05:42:45.354Z,2025-08-03T05:42:45.354Z,newsletter,everyone,"🧺 Greniers pleins, cœurs vides","Vanité, avarice… et l’art de mourir trop riche",
169447351.jubile-et-decapitation,2025-08-02T05:03:30.037Z,true,2025-08-02T05:03:30.171Z,2025-08-02T05:03:30.171Z,newsletter,everyone,"🎺 Dieu rend la terre, le roi prend la tête","Quand Dieu redonne tout, et que le monde fait payer la vérité",
169441394.calendrier-sacre-cur-ferme,2025-08-01T05:06:16.058Z,true,2025-08-01T05:06:16.158Z,2025-08-01T05:06:16.158Z,newsletter,everyone,"📜 Calendrier sacré, cœur fermé",Dieu fixe les dates. Mais l’homme rate les rendez-vous.,
169433855.une-tente-une-nuee-un-filet,2025-07-31T05:02:24.550Z,true,2025-07-31T05:02:24.713Z,2025-07-31T05:02:24.713Z,newsletter,everyone,"🕊️ Une tente, une nuée, un filet","Dieu descend. Dieu trie. Et nous, on suit — ou on reste.",
169431739.visage-voile-tresor-deterre,2025-07-30T05:05:24.251Z,true,2025-07-30T05:05:24.336Z,2025-07-30T05:05:24.336Z,newsletter,everyone,"✨ Visage voilé, trésor déterré",Il faut brûler pour briller. Et tout vendre pour voir.,
169371754.tente-dressee-vaisselle-en-feu,2025-07-29T05:02:42.237Z,true,2025-07-29T05:02:42.329Z,2025-07-29T05:02:42.329Z,newsletter,everyone,"🏕️ Tente dressée, vaisselle en feu","Dieu parle à ceux qui s'arrêtent, pas à ceux qui s'agitent",
169364401.le-veau-la-levure-et-le-livre,2025-07-28T05:05:14.635Z,true,2025-07-28T05:05:14.734Z,2025-07-28T05:05:14.734Z,newsletter,everyone,"🐂 Le veau, la levure, et le livre",Quand le peuple danse… et que Dieu se tait,
169249250.dix-justes-un-ami-et-un-clou,2025-07-27T05:12:24.038Z,true,2025-07-27T05:12:24.135Z,2025-07-27T05:12:24.135Z,newsletter,everyone,"Dix justes, un ami, et un clou","Quand on ose supplier, et qu’on reçoit plus qu’on a demandé",
169235393.on-a-jure-mais-on-na-pas-bine,2025-07-26T05:14:20.301Z,true,2025-07-26T05:14:20.425Z,2025-07-26T05:14:20.425Z,newsletter,everyone,"🌾On a juré, mais on n’a pas biné...",Quand Dieu sème du feu et qu’on Lui rend des promesses à moitié cuites,
169164794.vases-feles-et-calices-pleins,2025-07-25T05:05:22.128Z,true,2025-07-25T05:05:22.241Z,2025-07-25T05:05:22.241Z,newsletter,everyone,🌿 Vases fêlés et calices pleins,"Servir sans se hisser, tomber sans se casser",
169044835.le-feu-la-nuee-et-le-cur-epais,2025-07-24T05:03:17.406Z,true,2025-07-24T05:03:17.491Z,2025-07-24T05:03:17.491Z,newsletter,everyone,"🌩️ Le feu, la nuée, et le cœur épais",Quand Dieu parle en feu… et que nous écoutons en pilou.,
168985652.pain-tombe-du-ciel-grains-tombes,2025-07-23T05:05:19.760Z,true,2025-07-23T05:05:19.861Z,2025-07-23T05:05:19.861Z,newsletter,everyone,"🥖 Pain tombé du ciel, grains tombés en terre","Quand le désert murmure et que la terre attend : Dieu donne, mais qui reçoit ?",
168891580.on-ne-vit-plus-pour-soi,2025-07-22T04:34:21.307Z,true,2025-07-22T04:34:21.390Z,2025-07-22T04:34:21.390Z,newsletter,everyone,👣 « On ne vit plus pour soi »,"Sainte Marie-Madeleine, ou l’Évangile porté par des larmes et un prénom",
168877751.copy-et-vous-que-faites-vous-au-bord,2025-07-21T17:31:11.603Z,true,2025-07-21T17:31:11.729Z,2025-07-21T17:31:11.729Z,newsletter,everyone,"🌊 Et vous ? Que faites-vous, au bord de votre mer intérieure ?",Ou comment sortir d’Égypte sans s’arrêter au bord de l’eau,
168732625.marthe-marthe-et-lombre-de-la-tente,2025-07-19T21:54:44.737Z,true,2025-07-19T21:54:44.859Z,2025-07-19T21:54:44.859Z,newsletter,everyone,"« Marthe, Marthe... et l’ombre de la tente » Lectures et méditations de la messe"," Comment Dieu passe chez vous... et repart, si vous êtes trop occupé.",
